food_id,food_name,nutrient_id,nutrient_name,property_name,amount,unit,source_document,source_page,raw_nutrient,raw_line
food_banh_my_kep_thap_cam,BÁNH MỲ KẸP THẬP CẨM,nutrient_nang_luong,Năng lượng,energy_kcal,558.0,kcal,tat_ca_mon_an.xlsx,1,Năng lượng,1| Năng lượng | 558 | Kcal
food_banh_my_kep_thap_cam,BÁNH MỲ KẸP THẬP CẨM,nutrient_chat_dam,Chất đạm,protein_g,23.8,g,tat_ca_mon_an.xlsx,1,Chät dam,"2 | Chät dam | 23,8 | g"
food_banh_my_kep_thap_cam,BÁNH MỲ KẸP THẬP CẨM,nutrient_chat_beo,Chất béo,fat_g,38.7,g,tat_ca_mon_an.xlsx,1,Chät béo,"3 | Chät béo | 38,7 | g"
food_banh_my_kep_thap_cam,BÁNH MỲ KẸP THẬP CẨM,nutrient_chat_bot_duong,Chất bột đường,carbohydrate_g,28.4,g,tat_ca_mon_an.xlsx,1,Chát böt durng,"4 |  Chát böt durng | 28,4 | g"
food_banh_my_kep_thap_cam,BÁNH MỲ KẸP THẬP CẨM,nutrient_vitamin_a,Vitamin A,vitamin_a_mcg,4.0,mcg,tat_ca_mon_an.xlsx,1,Vitamin A,5 |  Vitamin A | 4 | g
food_banh_my_kep_thap_cam,BÁNH MỲ KẸP THẬP CẨM,nutrient_beta_carotene,Beta-carotene,beta_carotene_mcg,92.4,mcg,tat_ca_mon_an.xlsx,1,Beta-caroten,"6 | Beta-caroten | 92,4 | g"
food_banh_my_kep_thap_cam,BÁNH MỲ KẸP THẬP CẨM,nutrient_vitamin_c,Vitamin C,vitamin_c_mg,4.1,mg,tat_ca_mon_an.xlsx,1,Vitamin C,"7 | Vitamin C | 4,1 | mg"
food_banh_my_kep_thap_cam,BÁNH MỲ KẸP THẬP CẨM,nutrient_canxi,Canxi,calcium_mg,33.0,mg,tat_ca_mon_an.xlsx,1,Canxi,8 | Canxi | 33 | mg
food_banh_my_kep_thap_cam,BÁNH MỲ KẸP THẬP CẨM,nutrient_sat,Sắt,iron_mg,2.7,mg,tat_ca_mon_an.xlsx,1,sät,"6 | sät | 2,7 | mg"
food_banh_my_kep_thap_cam,BÁNH MỲ KẸP THẬP CẨM,nutrient_kem,Kẽm,zinc_mg,0.6,mg,tat_ca_mon_an.xlsx,1,Kém,"10 | Kém | 0,6 | mg"
food_banh_my_kep_thap_cam,BÁNH MỲ KẸP THẬP CẨM,nutrient_natri,Natri,sodium_mg,880.4,mg,tat_ca_mon_an.xlsx,1,Natri,"11 | Natri | 880,4 | mg"
food_banh_my_kep_thap_cam,BÁNH MỲ KẸP THẬP CẨM,nutrient_cholesterol,Cholesterol,cholesterol_mg,24.0,mg,tat_ca_mon_an.xlsx,1,Cholesterol,12 | Cholesterol | 24 | mg
food_banh_my_kep_thap_cam,BÁNH MỲ KẸP THẬP CẨM,nutrient_kali,Kali,potassium_mg,392.3,mg,tat_ca_mon_an.xlsx,1,Kali,"13 |  Kali | 392,3 | mg"
food_banh_my_kep_thap_cam,BÁNH MỲ KẸP THẬP CẨM,nutrient_chat_xo,Chất xơ,fiber_g,0.2,g,tat_ca_mon_an.xlsx,1,Xo,"14 | Xo | 0,2 | 9"
food_banh_bao_chay,Bánh bao chay,nutrient_nang_luong,Năng lượng,energy_kcal,33.0,kcal,tat_ca_mon_an.xlsx,1,Näng luo'ng,1 | Näng luo'ng | 33 | Kcal
food_banh_bao_chay,Bánh bao chay,nutrient_chat_dam,Chất đạm,protein_g,0.9,g,tat_ca_mon_an.xlsx,1,Chät dam,"2 | Chät dam | 0,9 | g"
food_banh_bao_chay,Bánh bao chay,nutrient_chat_beo,Chất béo,fat_g,0.1,g,tat_ca_mon_an.xlsx,1,Chät béo,"3 | Chät béo | 0,1 | g"
food_banh_bao_chay,Bánh bao chay,nutrient_chat_bot_duong,Chất bột đường,carbohydrate_g,7.1,g,tat_ca_mon_an.xlsx,1,Chát böt durng,"4 |  Chát böt durng | 7,1 | g"
food_banh_bao_chay,Bánh bao chay,nutrient_canxi,Canxi,calcium_mg,3.0,mg,tat_ca_mon_an.xlsx,1,Canxi,8 | Canxi | 3 | mg
food_banh_bao_chay,Bánh bao chay,nutrient_sat,Sắt,iron_mg,0.2,mg,tat_ca_mon_an.xlsx,1,sät,"6 | sät | 0,2 | mg"
food_banh_bao_chay,Bánh bao chay,nutrient_chat_xo,Chất xơ,fiber_g,0.1,g,tat_ca_mon_an.xlsx,1,Xo,"14 | Xo | 0,1 | 9"
food_banh_bao_nhan_thit,Bánh bao nhân thịt,nutrient_nang_luong,Năng lượng,energy_kcal,409.0,kcal,tat_ca_mon_an.xlsx,1,Näng luong,1 | Näng luong | 409 | Kcal
food_banh_bao_nhan_thit,Bánh bao nhân thịt,nutrient_chat_dam,Chất đạm,protein_g,11.4,g,tat_ca_mon_an.xlsx,1,Chät dam,"2 | Chät dam | 11,4 | g"
food_banh_bao_nhan_thit,Bánh bao nhân thịt,nutrient_chat_beo,Chất béo,fat_g,0.9,g,tat_ca_mon_an.xlsx,1,Chät béo,"3 | Chät béo | 0,9 | g"
food_banh_bao_nhan_thit,Bánh bao nhân thịt,nutrient_chat_bot_duong,Chất bột đường,carbohydrate_g,88.8,g,tat_ca_mon_an.xlsx,1,Chát böt durng,"4 |  Chát böt durng | 88,8 | g"
food_banh_bao_nhan_thit,Bánh bao nhân thịt,nutrient_canxi,Canxi,calcium_mg,36.0,mg,tat_ca_mon_an.xlsx,1,Canxi,8 | Canxi | 36 | mg
food_banh_bao_nhan_thit,Bánh bao nhân thịt,nutrient_sat,Sắt,iron_mg,2.8,mg,tat_ca_mon_an.xlsx,1,sät,"6 | sät | 2,8 | mg"
food_banh_bao_nhan_thit,Bánh bao nhân thịt,nutrient_chat_xo,Chất xơ,fiber_g,0.9,g,tat_ca_mon_an.xlsx,1,Xo,"14 | Xo | 0,9 | 9"
food_banh_bot_loc,Bánh bột lọc,nutrient_chat_dam,Chất đạm,protein_g,14.9,g,tat_ca_mon_an.xlsx,1,Chät &am,"2 | Chät &am | 14,9 | g"
food_banh_bot_loc,Bánh bột lọc,nutrient_chat_beo,Chất béo,fat_g,5.5,g,tat_ca_mon_an.xlsx,1,Chät béo,"3 | Chät béo | 5,5 | g"
food_banh_bot_loc,Bánh bột lọc,nutrient_chat_bot_duong,Chất bột đường,carbohydrate_g,47.3,g,tat_ca_mon_an.xlsx,1,Chát böt durng,"4 |  Chát böt durng | 47,3 | g"
food_banh_bot_loc,Bánh bột lọc,nutrient_vitamin_a,Vitamin A,vitamin_a_mcg,7.1,mcg,tat_ca_mon_an.xlsx,1,Vitamin A,"5 |  Vitamin A | 7,1 | g"
food_banh_bot_loc,Bánh bột lọc,nutrient_canxi,Canxi,calcium_mg,525.0,mg,tat_ca_mon_an.xlsx,1,Canxi,8 | Canxi | 525 | mg
food_banh_bot_loc,Bánh bột lọc,nutrient_sat,Sắt,iron_mg,1.74,mg,tat_ca_mon_an.xlsx,1,sät,"6 | sät | 173,7 | mg"
food_banh_bot_loc,Bánh bột lọc,nutrient_natri,Natri,sodium_mg,206.6,mg,tat_ca_mon_an.xlsx,1,Natri,"11 |  Natri | 206,6 | mg"
food_banh_bot_loc,Bánh bột lọc,nutrient_cholesterol,Cholesterol,cholesterol_mg,98.4,mg,tat_ca_mon_an.xlsx,1,Cholesterol,"12 | Cholesterol | 98,4 | mg"
food_banh_bot_loc,Bánh bột lọc,nutrient_kali,Kali,potassium_mg,183.2,mg,tat_ca_mon_an.xlsx,1,Kali,"13 |  Kali | 183,2 | mg"
food_banh_bot_loc,Bánh bột lọc,nutrient_chat_xo,Chất xơ,fiber_g,0.4,g,tat_ca_mon_an.xlsx,1,Xo,"14 | Xo | 0,4 | 9"
food_banh_canh_ca_ro,Bánh canh cá rô,nutrient_nang_luong,Năng lượng,energy_kcal,167.0,kcal,tat_ca_mon_an.xlsx,1,Näng luong,1 | Näng luong | 167 | Kcal
food_banh_canh_ca_ro,Bánh canh cá rô,nutrient_chat_dam,Chất đạm,protein_g,14.9,g,tat_ca_mon_an.xlsx,1,Chät dam,"2 | Chät dam | 14,9 | g"
food_banh_canh_ca_ro,Bánh canh cá rô,nutrient_chat_beo,Chất béo,fat_g,5.5,g,tat_ca_mon_an.xlsx,1,Chät béo,"3 | Chät béo | 5,5 | g"
food_banh_canh_ca_ro,Bánh canh cá rô,nutrient_chat_bot_duong,Chất bột đường,carbohydrate_g,15.8,g,tat_ca_mon_an.xlsx,1,Chát böt durng,"4 |  Chát böt durng | 15,8 | g"
food_banh_canh_ca_ro,Bánh canh cá rô,nutrient_beta_carotene,Beta-carotene,beta_carotene_mcg,1959.0,mcg,tat_ca_mon_an.xlsx,1,Beta-caroten,6 | Beta-caroten | 1.959 | g
food_banh_canh_ca_ro,Bánh canh cá rô,nutrient_canxi,Canxi,calcium_mg,65.0,mg,tat_ca_mon_an.xlsx,1,Canxi,7 | Canxi | 65 | mg
food_banh_canh_ca_ro,Bánh canh cá rô,nutrient_sat,Sắt,iron_mg,1.0,mg,tat_ca_mon_an.xlsx,1,sät,8 | sät | 1 | mg
food_banh_canh_ca_ro,Bánh canh cá rô,nutrient_kem,Kẽm,zinc_mg,0.3,mg,tat_ca_mon_an.xlsx,1,Kém,"6 | Kém | 0,3 | mg"
food_banh_canh_ca_ro,Bánh canh cá rô,nutrient_natri,Natri,sodium_mg,591.0,mg,tat_ca_mon_an.xlsx,1,Natri,10 |  Natri | 591 | mg
food_banh_canh_ca_ro,Bánh canh cá rô,nutrient_cholesterol,Cholesterol,cholesterol_mg,159.3,mg,tat_ca_mon_an.xlsx,1,Cholesterol,"11 | Cholesterol | 159,3 | mg"
food_banh_canh_ca_ro,Bánh canh cá rô,nutrient_kali,Kali,potassium_mg,72.4,mg,tat_ca_mon_an.xlsx,1,Kali,"12 | Kali | 72,4 | mg"
food_banh_canh_ca_ro,Bánh canh cá rô,nutrient_vitamin_c,Vitamin C,vitamin_c_mg,18.3,mg,tat_ca_mon_an.xlsx,1,Vitamin C,"13 | Vitamin C | 18,3 | mg"
food_banh_canh_ca_ro,Bánh canh cá rô,nutrient_chat_xo,Chất xơ,fiber_g,0.6,g,tat_ca_mon_an.xlsx,1,Xo,"14 | Xo | 0,6 | 9"
food_banh_canh_ghe,Bánh canh ghẹ,nutrient_nang_luong,Năng lượng,energy_kcal,337.8,kcal,tat_ca_mon_an.xlsx,1,Näng luo'ng,"1 | Näng luo'ng | 337,8 | Kcal"
food_banh_canh_ghe,Bánh canh ghẹ,nutrient_chat_beo,Chất béo,fat_g,9.0,g,tat_ca_mon_an.xlsx,1,Chät béo,3 | Chät béo | 9 | g
food_banh_canh_ghe,Bánh canh ghẹ,nutrient_chat_bot_duong,Chất bột đường,carbohydrate_g,41.7,g,tat_ca_mon_an.xlsx,1,Chát böt áung,"4 |  Chát böt áung | 41,7 | g"
food_banh_canh_ghe,Bánh canh ghẹ,nutrient_vitamin_a,Vitamin A,vitamin_a_mcg,137.8,mcg,tat_ca_mon_an.xlsx,1,Vitamin A,"5 | Vitamin A | 137,8 | g"
food_banh_canh_ghe,Bánh canh ghẹ,nutrient_beta_carotene,Beta-carotene,beta_carotene_mcg,644.2,mcg,tat_ca_mon_an.xlsx,1,Beta-caroten,"6 | Beta-caroten | 644,2 | g"
food_banh_canh_ghe,Bánh canh ghẹ,nutrient_vitamin_c,Vitamin C,vitamin_c_mg,23.8,mg,tat_ca_mon_an.xlsx,1,Vitamin C,"7 | Vitamin C | 23,8 | mg"
food_banh_canh_ghe,Bánh canh ghẹ,nutrient_canxi,Canxi,calcium_mg,106.6,mg,tat_ca_mon_an.xlsx,1,Calcium,"8 | Calcium | 106,6 | mg"
food_banh_canh_ghe,Bánh canh ghẹ,nutrient_sat,Sắt,iron_mg,12.0,mg,tat_ca_mon_an.xlsx,1,Iron,6 | Iron | 12 | mg
food_banh_canh_ghe,Bánh canh ghẹ,nutrient_kem,Kẽm,zinc_mg,2.8,mg,tat_ca_mon_an.xlsx,1,Zinc,"10 | Zinc | 2,8 | mg"
food_banh_canh_ghe,Bánh canh ghẹ,nutrient_natri,Natri,sodium_mg,205.6,mg,tat_ca_mon_an.xlsx,1,Natri,"11 | Natri | 205,6 | mg"
food_banh_canh_ghe,Bánh canh ghẹ,nutrient_cholesterol,Cholesterol,cholesterol_mg,252.7,mg,tat_ca_mon_an.xlsx,1,Cholesterol,"12 | Cholesterol | 252,7 | mg"
food_banh_canh_ghe,Bánh canh ghẹ,nutrient_magie,Magie,magnesium_mg,38.0,mg,tat_ca_mon_an.xlsx,1,Magnesium,13 | Magnesium | 38 | mg
food_banh_chung_co_vua,Bánh chưng cỡ vừa,nutrient_chat_dam,Chất đạm,protein_g,4.7,g,tat_ca_mon_an.xlsx,1,Chät &am,"2 | Chät &am | 4,7 | g"
food_banh_chung_co_vua,Bánh chưng cỡ vừa,nutrient_chat_beo,Chất béo,fat_g,5.6,g,tat_ca_mon_an.xlsx,1,Chät béo,"3 | Chät béo | 5,6 | g"
food_banh_chung_co_vua,Bánh chưng cỡ vừa,nutrient_chat_bot_duong,Chất bột đường,carbohydrate_g,33.9,g,tat_ca_mon_an.xlsx,1,Chát böt durng,"4 |  Chát böt durng | 33,9 | g"
food_banh_cuon_trung_cha,Bánh cuốn trứng + chả,nutrient_nang_luong,Năng lượng,energy_kcal,354.0,kcal,tat_ca_mon_an.xlsx,1,Nang luang,1 |  Nang luang | 354 | Kcal
food_banh_cuon_trung_cha,Bánh cuốn trứng + chả,nutrient_chat_beo,Chất béo,fat_g,22.5,g,tat_ca_mon_an.xlsx,1,Chät béo,"3 | Chät béo | 22,5 | g"
food_banh_cuon_trung_cha,Bánh cuốn trứng + chả,nutrient_chat_bot_duong,Chất bột đường,carbohydrate_g,20.0,g,tat_ca_mon_an.xlsx,1,Chát böt durng,4 |  Chát böt durng | 20 | g
food_banh_cuon_trung_cha,Bánh cuốn trứng + chả,nutrient_vitamin_a,Vitamin A,vitamin_a_mcg,700.0,mcg,tat_ca_mon_an.xlsx,1,Vitamin A,5 |  Vitamin A | 700 | g
food_banh_cuon_trung_cha,Bánh cuốn trứng + chả,nutrient_canxi,Canxi,calcium_mg,7.8,mg,tat_ca_mon_an.xlsx,1,Canxi,"8 | Canxi | 7,8 | mg"
food_banh_cuon_trung_cha,Bánh cuốn trứng + chả,nutrient_sat,Sắt,iron_mg,0.5,mg,tat_ca_mon_an.xlsx,1,sät,"6 | sät | 0,5 | mg"
food_banh_cuon_trung_cha,Bánh cuốn trứng + chả,nutrient_chat_xo,Chất xơ,fiber_g,0.7,g,tat_ca_mon_an.xlsx,1,Xo,"14 | Xo | 0,7 | 9"
food_banh_gai,Bánh gai,nutrient_chat_dam,Chất đạm,protein_g,9.3,g,tat_ca_mon_an.xlsx,1,Chät &am,"2 | Chät &am | 9,3 | g"
food_banh_gai,Bánh gai,nutrient_chat_beo,Chất béo,fat_g,4.2,g,tat_ca_mon_an.xlsx,1,Chät béo,"3 | Chät béo | 4,2 | g"
food_banh_gai,Bánh gai,nutrient_chat_bot_duong,Chất bột đường,carbohydrate_g,71.4,g,tat_ca_mon_an.xlsx,1,Chát böt durng,"4 |  Chát böt durng | 71,4 | g"
food_banh_gio,Bánh giò,nutrient_chat_dam,Chất đạm,protein_g,5.1,g,tat_ca_mon_an.xlsx,1,Chät &am,"2 | Chät &am | 5,1 | g"
food_banh_gio,Bánh giò,nutrient_chat_beo,Chất béo,fat_g,33.6,g,tat_ca_mon_an.xlsx,1,Chät béo,"3 | Chät béo | 33,6 | g"
food_banh_gio,Bánh giò,nutrient_chat_bot_duong,Chất bột đường,carbohydrate_g,28.7,g,tat_ca_mon_an.xlsx,1,Chát böt durng,"4 |  Chát böt durng | 28,7 | g"
food_banh_gio,Bánh giò,nutrient_vitamin_a,Vitamin A,vitamin_a_mcg,0.0,mcg,tat_ca_mon_an.xlsx,1,Vitamin A,5 |  Vitamin A | 0 | g
food_banh_gio,Bánh giò,nutrient_beta_carotene,Beta-carotene,beta_carotene_mcg,0.0,mcg,tat_ca_mon_an.xlsx,1,Beta-caroten,6 | Beta-caroten | 0 | g
food_banh_gio,Bánh giò,nutrient_vitamin_c,Vitamin C,vitamin_c_mg,0.0,mg,tat_ca_mon_an.xlsx,1,Vitamin C,7 | Vitamin C | 0 | mg
food_banh_gio,Bánh giò,nutrient_kali,Kali,potassium_mg,0.0,mg,tat_ca_mon_an.xlsx,1,Kali,13 |  Kali | 0 | mg
food_banh_gao,Bánh gạo,nutrient_nang_luong,Năng lượng,energy_kcal,76.0,kcal,tat_ca_mon_an.xlsx,1,Näng luo'ng,1 | Näng luo'ng | 76 | Kcal
food_banh_gao,Bánh gạo,nutrient_chat_dam,Chất đạm,protein_g,0.0,g,tat_ca_mon_an.xlsx,1,Chät dam,2 | Chät dam | 0 | g
food_banh_gao,Bánh gạo,nutrient_chat_beo,Chất béo,fat_g,3.0,g,tat_ca_mon_an.xlsx,1,Chät béo,3 | Chät béo | 3 | g
food_banh_gao,Bánh gạo,nutrient_vitamin_a,Vitamin A,vitamin_a_mcg,0.0,mcg,tat_ca_mon_an.xlsx,1,Vitamin A,5 |  Vitamin A | 0 | g
food_banh_gao,Bánh gạo,nutrient_vitamin_c,Vitamin C,vitamin_c_mg,0.0,mg,tat_ca_mon_an.xlsx,1,Vitamin C,7 | Vitamin C | 0 | mg
food_banh_gao,Bánh gạo,nutrient_canxi,Canxi,calcium_mg,0.0,mg,tat_ca_mon_an.xlsx,1,Canxi,8 | Canxi | 0 | mg
food_banh_gao,Bánh gạo,nutrient_sat,Sắt,iron_mg,0.0,mg,tat_ca_mon_an.xlsx,1,sät,6 | sät | 0 | mg
food_banh_gao,Bánh gạo,nutrient_natri,Natri,sodium_mg,389.6,mg,tat_ca_mon_an.xlsx,1,Natri,"11 | Natri | 389,6 | mg"
food_banh_gao,Bánh gạo,nutrient_chat_xo,Chất xơ,fiber_g,0.0,g,tat_ca_mon_an.xlsx,1,Xo,14 | Xo | 0 | 9
food_banh_mi_xoi_chao,Bánh mì - xôi chảo,nutrient_nang_luong,Năng lượng,energy_kcal,995.8,kcal,tat_ca_mon_an.xlsx,1,Näng luo'ng,"1 | Näng luo'ng | 995,8 | Kcal"
food_banh_mi_xoi_chao,Bánh mì - xôi chảo,nutrient_chat_beo,Chất béo,fat_g,62.6,g,tat_ca_mon_an.xlsx,1,Chät béo,"3 | Chät béo | 62,6 | g"
food_banh_mi_xoi_chao,Bánh mì - xôi chảo,nutrient_chat_bot_duong,Chất bột đường,carbohydrate_g,66.7,g,tat_ca_mon_an.xlsx,1,Chát böt áung,"4 |  Chát böt áung | 66,7 | g"
food_banh_mi_xoi_chao,Bánh mì - xôi chảo,nutrient_vitamin_a,Vitamin A,vitamin_a_mcg,645.4,mcg,tat_ca_mon_an.xlsx,1,Vitamin A,"5 | Vitamin A | 645,4 | g"
food_banh_mi_xoi_chao,Bánh mì - xôi chảo,nutrient_beta_carotene,Beta-carotene,beta_carotene_mcg,36.5,mcg,tat_ca_mon_an.xlsx,1,Beta-caroten,"6 | Beta-caroten | 36,5 | g"
food_banh_mi_xoi_chao,Bánh mì - xôi chảo,nutrient_vitamin_c,Vitamin C,vitamin_c_mg,23.3,mg,tat_ca_mon_an.xlsx,1,Vitamin C,"7 | Vitamin C | 23,3 | mg"
food_banh_mi_xoi_chao,Bánh mì - xôi chảo,nutrient_canxi,Canxi,calcium_mg,92.9,mg,tat_ca_mon_an.xlsx,1,Canxi,"8 | Canxi | 92,9 | mg"
food_banh_mi_xoi_chao,Bánh mì - xôi chảo,nutrient_sat,Sắt,iron_mg,6.3,mg,tat_ca_mon_an.xlsx,1,sät,"6 |  sät | 6,3 | mg"
food_banh_mi_xoi_chao,Bánh mì - xôi chảo,nutrient_kem,Kẽm,zinc_mg,2.0,mg,tat_ca_mon_an.xlsx,1,Kém,10 | Kém | 2 | mg
food_banh_mi_xoi_chao,Bánh mì - xôi chảo,nutrient_natri,Natri,sodium_mg,2261.9,mg,tat_ca_mon_an.xlsx,1,Natri,"11 | Natri | 2.261,9 | mg"
food_banh_mi_xoi_chao,Bánh mì - xôi chảo,nutrient_cholesterol,Cholesterol,cholesterol_mg,116.1,mg,tat_ca_mon_an.xlsx,1,Cholesterol,"12 | Cholesterol | 116,1 | mg"
food_banh_mi_xoi_chao,Bánh mì - xôi chảo,nutrient_magie,Magie,magnesium_mg,125.2,mg,tat_ca_mon_an.xlsx,1,Magie,"13 | Magie | 125,2 | mg"
food_banh_my_kep_cha,Bánh mỳ kẹp chả,nutrient_chat_dam,Chất đạm,protein_g,14.1,g,tat_ca_mon_an.xlsx,1,Chät &am,"2 | Chät &am | 14,1 | g"
food_banh_my_kep_cha,Bánh mỳ kẹp chả,nutrient_chat_beo,Chất béo,fat_g,22.0,g,tat_ca_mon_an.xlsx,1,Chät béo,3 | Chät béo | 22 | g
food_banh_my_kep_cha,Bánh mỳ kẹp chả,nutrient_chat_bot_duong,Chất bột đường,carbohydrate_g,34.3,g,tat_ca_mon_an.xlsx,1,Chát böt durng,"4 |  Chát böt durng | 34,3 | g"
food_banh_my_kep_cha,Bánh mỳ kẹp chả,nutrient_beta_carotene,Beta-carotene,beta_carotene_mcg,12.0,mcg,tat_ca_mon_an.xlsx,1,Beta-caroten,6 | Beta-caroten | 12 | g
food_banh_my_kep_cha,Bánh mỳ kẹp chả,nutrient_vitamin_c,Vitamin C,vitamin_c_mg,0.0,mg,tat_ca_mon_an.xlsx,1,Vitamin C,7 | Vitamin C | 0 | mg
food_banh_my_kep_cha,Bánh mỳ kẹp chả,nutrient_canxi,Canxi,calcium_mg,28.0,mg,tat_ca_mon_an.xlsx,1,Canxi,8 | Canxi | 28 | mg
food_banh_my_kep_cha,Bánh mỳ kẹp chả,nutrient_sat,Sắt,iron_mg,2.5,mg,tat_ca_mon_an.xlsx,1,sät,"6 | sät | 2,5 | mg"
food_banh_my_kep_cha,Bánh mỳ kẹp chả,nutrient_kem,Kẽm,zinc_mg,0.0,mg,tat_ca_mon_an.xlsx,1,Kém,"10 | Kém | 0,0 | mg"
food_banh_my_kep_cha,Bánh mỳ kẹp chả,nutrient_natri,Natri,sodium_mg,533.0,mg,tat_ca_mon_an.xlsx,1,Natri,11 | Natri | 533 | mg
food_banh_my_kep_cha,Bánh mỳ kẹp chả,nutrient_kali,Kali,potassium_mg,15.0,mg,tat_ca_mon_an.xlsx,1,Kali,13 |  Kali | 15 | mg
food_banh_my_kep_cha,Bánh mỳ kẹp chả,nutrient_chat_xo,Chất xơ,fiber_g,0.2,g,tat_ca_mon_an.xlsx,1,Xo,"14 | Xo | 0,2 | 9"
food_banh_my_nuong_muoi_ot,Bánh mỳ nướng muối ớt,nutrient_nang_luong,Năng lượng,energy_kcal,420.6,kcal,tat_ca_mon_an.xlsx,1,Näng luong,"1 | Näng luong | 420,6 | Kcal"
food_banh_my_nuong_muoi_ot,Bánh mỳ nướng muối ớt,nutrient_chat_dam,Chất đạm,protein_g,12.3,g,tat_ca_mon_an.xlsx,1,Chät dam,"2 |  Chät dam | 12,3 | g"
food_banh_my_nuong_muoi_ot,Bánh mỳ nướng muối ớt,nutrient_chat_beo,Chất béo,fat_g,32.2,g,tat_ca_mon_an.xlsx,1,Chät béo,"3 | Chät béo | 32,2 | g"
food_banh_my_nuong_muoi_ot,Bánh mỳ nướng muối ớt,nutrient_chat_bot_duong,Chất bột đường,carbohydrate_g,20.4,g,tat_ca_mon_an.xlsx,1,Chát böt durng,"4 |  Chát böt durng | 20,4 | g"
food_banh_my_nuong_muoi_ot,Bánh mỳ nướng muối ớt,nutrient_vitamin_a,Vitamin A,vitamin_a_mcg,104.0,mcg,tat_ca_mon_an.xlsx,1,Vitamin A,5 | Vitamin A | 104 | g
food_banh_my_nuong_muoi_ot,Bánh mỳ nướng muối ớt,nutrient_beta_carotene,Beta-carotene,beta_carotene_mcg,17.3,mcg,tat_ca_mon_an.xlsx,1,Beta-caroten,"6 | Beta-caroten | 17,3 | g"
food_banh_my_nuong_muoi_ot,Bánh mỳ nướng muối ớt,nutrient_canxi,Canxi,calcium_mg,22.6,mg,tat_ca_mon_an.xlsx,1,Canxi,"7 | Canxi | 22,6 | mg"
food_banh_my_nuong_muoi_ot,Bánh mỳ nướng muối ớt,nutrient_sat,Sắt,iron_mg,1.6,mg,tat_ca_mon_an.xlsx,1,sät,"8 | sät | 1,6 | mg"
food_banh_my_nuong_muoi_ot,Bánh mỳ nướng muối ớt,nutrient_kem,Kẽm,zinc_mg,1.1,mg,tat_ca_mon_an.xlsx,1,Kém,"6 | Kém | 1,1 | mg"
food_banh_my_nuong_muoi_ot,Bánh mỳ nướng muối ớt,nutrient_natri,Natri,sodium_mg,198.6,mg,tat_ca_mon_an.xlsx,1,Natri,"10 | Natri | 198,6 | bu"
food_banh_my_nuong_muoi_ot,Bánh mỳ nướng muối ớt,nutrient_cholesterol,Cholesterol,cholesterol_mg,168.0,mg,tat_ca_mon_an.xlsx,1,Cholesterol,11 | Cholesterol | 168 | mg
food_banh_my_nuong_muoi_ot,Bánh mỳ nướng muối ớt,nutrient_magie,Magie,magnesium_mg,12.5,mg,tat_ca_mon_an.xlsx,1,Magie,"12 | Magie | 12,5 | mg"
food_banh_my_pate,Bánh mỳ pate,nutrient_chat_dam,Chất đạm,protein_g,19.3,g,tat_ca_mon_an.xlsx,1,Chät dam,"2 | Chät dam | 19,3 | g"
food_banh_my_pate,Bánh mỳ pate,nutrient_chat_beo,Chất béo,fat_g,14.8,g,tat_ca_mon_an.xlsx,1,Chät béo,"3 | Chät béo | 14,8 | g"
food_banh_my_pate,Bánh mỳ pate,nutrient_chat_bot_duong,Chất bột đường,carbohydrate_g,37.5,g,tat_ca_mon_an.xlsx,1,Chát böt durng,"4 |  Chát böt durng | 37,5 | g"
food_banh_my_pate,Bánh mỳ pate,nutrient_vitamin_a,Vitamin A,vitamin_a_mcg,2.0,mcg,tat_ca_mon_an.xlsx,1,Vitamin A,5 |  Vitamin A | 2 | g
food_banh_my_pate,Bánh mỳ pate,nutrient_beta_carotene,Beta-carotene,beta_carotene_mcg,138.0,mcg,tat_ca_mon_an.xlsx,1,Beta-caroten,6 | Beta-caroten | 138 | g
food_banh_my_pate,Bánh mỳ pate,nutrient_vitamin_c,Vitamin C,vitamin_c_mg,5.8,mg,tat_ca_mon_an.xlsx,1,Vitamin C,"7 | Vitamin C | 5,8 | mg"
food_banh_my_pate,Bánh mỳ pate,nutrient_canxi,Canxi,calcium_mg,31.0,mg,tat_ca_mon_an.xlsx,1,Canxi,8 | Canxi | 31 | mg
food_banh_my_pate,Bánh mỳ pate,nutrient_sat,Sắt,iron_mg,3.0,mg,tat_ca_mon_an.xlsx,1,sät,"6 | sät | 3,0 | mg"
food_banh_my_pate,Bánh mỳ pate,nutrient_kem,Kẽm,zinc_mg,1.2,mg,tat_ca_mon_an.xlsx,1,Kém,"10 | Kém | 1,2 | mg"
food_banh_my_pate,Bánh mỳ pate,nutrient_natri,Natri,sodium_mg,284.0,mg,tat_ca_mon_an.xlsx,1,Natri,11 | Natri | 284 | mg
food_banh_my_pate,Bánh mỳ pate,nutrient_cholesterol,Cholesterol,cholesterol_mg,34.0,mg,tat_ca_mon_an.xlsx,1,Cholesterol,12 | Cholesterol | 34 | mg
food_banh_my_pate,Bánh mỳ pate,nutrient_kali,Kali,potassium_mg,186.0,mg,tat_ca_mon_an.xlsx,1,Kali,13 |  Kali | 186 | mg
food_banh_my_pate,Bánh mỳ pate,nutrient_chat_xo,Chất xơ,fiber_g,0.2,g,tat_ca_mon_an.xlsx,1,Xo,"14 | Xo | 0,2 | 9"
food_banh_my_que_hai_phong,Bánh mỳ que Hải Phòng,nutrient_chat_dam,Chất đạm,protein_g,1.7,g,tat_ca_mon_an.xlsx,1,Chät &am,"2 | Chät &am | 1,7 | g"
food_banh_my_que_hai_phong,Bánh mỳ que Hải Phòng,nutrient_chat_beo,Chất béo,fat_g,0.2,g,tat_ca_mon_an.xlsx,1,Chät béo,"3 | Chät béo | 0,2 | g"
food_banh_my_que_hai_phong,Bánh mỳ que Hải Phòng,nutrient_chat_bot_duong,Chất bột đường,carbohydrate_g,11.6,g,tat_ca_mon_an.xlsx,1,Chát böt durng,"4 |  Chát böt durng | 11,6 | g"
food_banh_my_que_hai_phong,Bánh mỳ que Hải Phòng,nutrient_beta_carotene,Beta-carotene,beta_carotene_mcg,0.0,mcg,tat_ca_mon_an.xlsx,1,Beta-caroten,6 | Beta-caroten | 0 | g
food_banh_my_que_hai_phong,Bánh mỳ que Hải Phòng,nutrient_vitamin_c,Vitamin C,vitamin_c_mg,0.0,mg,tat_ca_mon_an.xlsx,1,Vitamin C,7 | Vitamin C | 0 | mg
food_banh_my_que_hai_phong,Bánh mỳ que Hải Phòng,nutrient_canxi,Canxi,calcium_mg,6.0,mg,tat_ca_mon_an.xlsx,1,Canxi,8 | Canxi | 6 | mg
food_banh_my_que_hai_phong,Bánh mỳ que Hải Phòng,nutrient_sat,Sắt,iron_mg,0.4,mg,tat_ca_mon_an.xlsx,1,sät,"6 | sät | 0,4 | mg"
food_banh_my_que_hai_phong,Bánh mỳ que Hải Phòng,nutrient_cholesterol,Cholesterol,cholesterol_mg,0.0,mg,tat_ca_mon_an.xlsx,1,Cholesterol,12 | Cholesterol | 0 | mg
food_banh_my_que_hai_phong,Bánh mỳ que Hải Phòng,nutrient_chat_xo,Chất xơ,fiber_g,0.0,g,tat_ca_mon_an.xlsx,1,Xo,14 | Xo | 0 | 9
food_banh_my_ruoc,Bánh mỳ ruốc,nutrient_chat_dam,Chất đạm,protein_g,3.0,g,tat_ca_mon_an.xlsx,1,Chät dam,2 | Chät dam | 3 | g
food_banh_my_ruoc,Bánh mỳ ruốc,nutrient_chat_beo,Chất béo,fat_g,2.0,g,tat_ca_mon_an.xlsx,1,Chät béo,3 | Chät béo | 2 | g
food_banh_my_ruoc,Bánh mỳ ruốc,nutrient_chat_bot_duong,Chất bột đường,carbohydrate_g,20.4,g,tat_ca_mon_an.xlsx,1,Chát böt durng,"4 |  Chát böt durng | 20,4 | g"
food_banh_my_ruoc,Bánh mỳ ruốc,nutrient_vitamin_a,Vitamin A,vitamin_a_mcg,60.0,mcg,tat_ca_mon_an.xlsx,1,Vitamin A,5 |  Vitamin A | 60 | g
food_banh_my_ruoc,Bánh mỳ ruốc,nutrient_beta_carotene,Beta-carotene,beta_carotene_mcg,0.9,mcg,tat_ca_mon_an.xlsx,1,Beta-caroten,"6 | Beta-caroten | 0,9 | g"
food_banh_my_ruoc,Bánh mỳ ruốc,nutrient_vitamin_c,Vitamin C,vitamin_c_mg,0.1,mg,tat_ca_mon_an.xlsx,1,Vitamin C,"7 | Vitamin C | 0,1 | mg"
food_banh_my_ruoc,Bánh mỳ ruốc,nutrient_canxi,Canxi,calcium_mg,13.9,mg,tat_ca_mon_an.xlsx,1,Canxi,"8 | Canxi | 13,9 | mg"
food_banh_my_ruoc,Bánh mỳ ruốc,nutrient_sat,Sắt,iron_mg,0.6,mg,tat_ca_mon_an.xlsx,1,sät,"6 | sät | 0,6 | mg"
food_banh_my_ruoc,Bánh mỳ ruốc,nutrient_natri,Natri,sodium_mg,12.6,mg,tat_ca_mon_an.xlsx,1,Natri,"11 | Natri | 12,6 | mg"
food_banh_my_ruoc,Bánh mỳ ruốc,nutrient_cholesterol,Cholesterol,cholesterol_mg,0.6,mg,tat_ca_mon_an.xlsx,1,Cholesterol,"12 | Cholesterol | 0,6 | mg"
food_banh_my_ruoc,Bánh mỳ ruốc,nutrient_kali,Kali,potassium_mg,37.5,mg,tat_ca_mon_an.xlsx,1,Kali,"13 |  Kali | 37,5 | mg"
food_banh_my_ruoc,Bánh mỳ ruốc,nutrient_chat_xo,Chất xơ,fiber_g,0.0,g,tat_ca_mon_an.xlsx,1,Xo,14 | Xo | 0 | 9
food_banh_my_sot_vang,Bánh mỳ sốt vang,nutrient_nang_luong,Năng lượng,energy_kcal,382.0,kcal,tat_ca_mon_an.xlsx,1,Näng luong,1 | Näng luong | 382 |  Kcal
food_banh_my_sot_vang,Bánh mỳ sốt vang,nutrient_chat_dam,Chất đạm,protein_g,19.3,g,tat_ca_mon_an.xlsx,1,Chät dam,"2 | Chät dam | 19,3 | g"
food_banh_my_sot_vang,Bánh mỳ sốt vang,nutrient_chat_beo,Chất béo,fat_g,12.6,g,tat_ca_mon_an.xlsx,1,Chät béo,"3 | Chät béo | 12,6 | g"
food_banh_my_sot_vang,Bánh mỳ sốt vang,nutrient_chat_bot_duong,Chất bột đường,carbohydrate_g,41.6,g,tat_ca_mon_an.xlsx,1,Chát böt durng,"4 |  Chát böt durng | 41,6 | g"
food_banh_my_sot_vang,Bánh mỳ sốt vang,nutrient_vitamin_a,Vitamin A,vitamin_a_mcg,1.6,mcg,tat_ca_mon_an.xlsx,1,Vitamin A,"5 |  Vitamin A | 1,6 | g"
food_banh_my_sot_vang,Bánh mỳ sốt vang,nutrient_beta_carotene,Beta-carotene,beta_carotene_mcg,2716.0,mcg,tat_ca_mon_an.xlsx,1,Beta-caroten,6 | Beta-caroten | 2.716 | g
food_banh_my_sot_vang,Bánh mỳ sốt vang,nutrient_vitamin_c,Vitamin C,vitamin_c_mg,47.9,mg,tat_ca_mon_an.xlsx,1,Vitamin C,"7 | Vitamin C | 47,9 | mg"
food_banh_my_sot_vang,Bánh mỳ sốt vang,nutrient_canxi,Canxi,calcium_mg,58.6,mg,tat_ca_mon_an.xlsx,1,Canxi,"8 | Canxi | 58,6 | mg"
food_banh_my_sot_vang,Bánh mỳ sốt vang,nutrient_sat,Sắt,iron_mg,5.4,mg,tat_ca_mon_an.xlsx,1,sät,"6 | sät | 5,4 | mg"
food_banh_my_sot_vang,Bánh mỳ sốt vang,nutrient_kem,Kẽm,zinc_mg,1.7,mg,tat_ca_mon_an.xlsx,1,Kém,"10 | Kém | 1,7 | mg"
food_banh_my_sot_vang,Bánh mỳ sốt vang,nutrient_natri,Natri,sodium_mg,464.6,mg,tat_ca_mon_an.xlsx,1,Natri,"11 | Natri | 464,6 | mg"
food_banh_my_sot_vang,Bánh mỳ sốt vang,nutrient_cholesterol,Cholesterol,cholesterol_mg,47.0,mg,tat_ca_mon_an.xlsx,1,Cholesterol,12 | Cholesterol | 47 | mg
food_banh_my_sot_vang,Bánh mỳ sốt vang,nutrient_kali,Kali,potassium_mg,467.9,mg,tat_ca_mon_an.xlsx,1,Kali,"13 |  Kali | 467,9 | mg"
food_banh_my_sot_vang,Bánh mỳ sốt vang,nutrient_chat_xo,Chất xơ,fiber_g,1.5,g,tat_ca_mon_an.xlsx,1,Xo,"14 | Xo | 1,5 | 9"
food_banh_my_vuong,Bánh mỳ vuông,nutrient_nang_luong,Năng lượng,energy_kcal,95.0,kcal,tat_ca_mon_an.xlsx,1,Näng luo'ng,1 | Näng luo'ng | 95 | Kcal
food_banh_my_vuong,Bánh mỳ vuông,nutrient_chat_dam,Chất đạm,protein_g,3.0,g,tat_ca_mon_an.xlsx,1,Chät &am,2 | Chät &am | 3 | g
food_banh_my_vuong,Bánh mỳ vuông,nutrient_chat_beo,Chất béo,fat_g,0.3,g,tat_ca_mon_an.xlsx,1,Chät béo,"3 | Chät béo | 0,3 | g"
food_banh_my_vuong,Bánh mỳ vuông,nutrient_chat_bot_duong,Chất bột đường,carbohydrate_g,20.0,g,tat_ca_mon_an.xlsx,1,Chát böt durng,4 |  Chát böt durng | 20 | g
food_banh_my_vuong,Bánh mỳ vuông,nutrient_beta_carotene,Beta-carotene,beta_carotene_mcg,0.0,mcg,tat_ca_mon_an.xlsx,1,Beta-caroten,6 | Beta-caroten | 0 | g
food_banh_my_vuong,Bánh mỳ vuông,nutrient_vitamin_c,Vitamin C,vitamin_c_mg,0.0,mg,tat_ca_mon_an.xlsx,1,Vitamin C,7 | Vitamin C | 0 | mg
food_banh_my_vuong,Bánh mỳ vuông,nutrient_canxi,Canxi,calcium_mg,11.0,mg,tat_ca_mon_an.xlsx,1,Canxi,8 | Canxi | 11 | mg
food_banh_my_vuong,Bánh mỳ vuông,nutrient_sat,Sắt,iron_mg,0.7,mg,tat_ca_mon_an.xlsx,1,sät,"6 | sät | 0,7 | mg"
food_banh_my_vuong,Bánh mỳ vuông,nutrient_cholesterol,Cholesterol,cholesterol_mg,0.0,mg,tat_ca_mon_an.xlsx,1,Cholesterol,12 | Cholesterol | 0 | mg
food_banh_my_vuong,Bánh mỳ vuông,nutrient_chat_xo,Chất xơ,fiber_g,0.1,g,tat_ca_mon_an.xlsx,1,Xo,"14 | Xo | 0,1 | 9"
food_banh_my_op_la,Bánh mỳ ốp la,nutrient_chat_dam,Chất đạm,protein_g,16.5,g,tat_ca_mon_an.xlsx,1,Chät &am,"2 | Chät &am | 16,5 | g"
food_banh_my_op_la,Bánh mỳ ốp la,nutrient_chat_beo,Chất béo,fat_g,21.7,g,tat_ca_mon_an.xlsx,1,Chät béo,"3 | Chät béo | 21,7 | g"
food_banh_my_op_la,Bánh mỳ ốp la,nutrient_chat_bot_duong,Chất bột đường,carbohydrate_g,41.5,g,tat_ca_mon_an.xlsx,1,Chát böt durng,"4 |  Chát böt durng | 41,5 | g"
food_banh_my_op_la,Bánh mỳ ốp la,nutrient_vitamin_a,Vitamin A,vitamin_a_mcg,700.0,mcg,tat_ca_mon_an.xlsx,1,Vitamin A,5 |  Vitamin A | 700 | g
food_banh_my_op_la,Bánh mỳ ốp la,nutrient_beta_carotene,Beta-carotene,beta_carotene_mcg,0.0,mcg,tat_ca_mon_an.xlsx,1,Beta-caroten,6 | Beta-caroten | 0 | g
food_banh_my_op_la,Bánh mỳ ốp la,nutrient_vitamin_c,Vitamin C,vitamin_c_mg,0.0,mg,tat_ca_mon_an.xlsx,1,Vitamin C,7 | Vitamin C | 0 | g
food_banh_my_op_la,Bánh mỳ ốp la,nutrient_canxi,Canxi,calcium_mg,58.8,mg,tat_ca_mon_an.xlsx,1,Canxi,"8 | Canxi | 58,8 | mg"
food_banh_my_op_la,Bánh mỳ ốp la,nutrient_sat,Sắt,iron_mg,4.6,mg,tat_ca_mon_an.xlsx,1,sät,"6 | sät | 4,6 | mg"
food_banh_my_op_la,Bánh mỳ ốp la,nutrient_kem,Kẽm,zinc_mg,0.5,mg,tat_ca_mon_an.xlsx,1,Kém,"10 | Kém | 0,5 | mg"
food_banh_my_op_la,Bánh mỳ ốp la,nutrient_natri,Natri,sodium_mg,199.2,mg,tat_ca_mon_an.xlsx,1,Natri,"11 | Natri | 199,2 | mg"
food_banh_my_op_la,Bánh mỳ ốp la,nutrient_cholesterol,Cholesterol,cholesterol_mg,244.4,mg,tat_ca_mon_an.xlsx,1,Cholesterol,"12 | Cholesterol | 244,4 | mg"
food_banh_my_op_la,Bánh mỳ ốp la,nutrient_kali,Kali,potassium_mg,92.0,mg,tat_ca_mon_an.xlsx,1,Kali,13 |  Kali | 92 | mg
food_banh_my_op_la,Bánh mỳ ốp la,nutrient_chat_xo,Chất xơ,fiber_g,0.1,g,tat_ca_mon_an.xlsx,1,Xo,"14 | Xo | 0,1 | 9"
food_banh_nuong_thap_cam,Bánh nướng thập cẩm,nutrient_nang_luong,Năng lượng,energy_kcal,706.0,kcal,tat_ca_mon_an.xlsx,1,Nang luang,7 |  Nang luang | 706 |  Kcal
food_banh_nuong_thap_cam,Bánh nướng thập cẩm,nutrient_chat_dam,Chất đạm,protein_g,18.0,g,tat_ca_mon_an.xlsx,1,Chät &am,2 | Chät &am | 18 | g
food_banh_nuong_thap_cam,Bánh nướng thập cẩm,nutrient_chat_beo,Chất béo,fat_g,31.5,g,tat_ca_mon_an.xlsx,1,Chät béo,"3 | Chät béo | 31,5 | g"
food_banh_nuong_thap_cam,Bánh nướng thập cẩm,nutrient_chat_bot_duong,Chất bột đường,carbohydrate_g,87.5,g,tat_ca_mon_an.xlsx,1,Chát böt durng,"4 |  Chát böt durng | 87,5 | g"
food_banh_nuong_trung_dau_xanh,Bánh nướng trứng đậu xanh,nutrient_nang_luong,Năng lượng,energy_kcal,648.0,kcal,tat_ca_mon_an.xlsx,1,Nang luang,1 |  Nang luang | 648 | Kcal
food_banh_nuong_trung_dau_xanh,Bánh nướng trứng đậu xanh,nutrient_chat_dam,Chất đạm,protein_g,19.5,g,tat_ca_mon_an.xlsx,1,Chät &am,"2 | Chät &am | 19,5 | g"
food_banh_nuong_trung_dau_xanh,Bánh nướng trứng đậu xanh,nutrient_chat_beo,Chất béo,fat_g,27.5,g,tat_ca_mon_an.xlsx,1,Chät béo,"3 | Chät béo | 27,5 | g"
food_banh_ran_man,Bánh rán mặn,nutrient_nang_luong,Năng lượng,energy_kcal,207.0,kcal,tat_ca_mon_an.xlsx,1,Nang luang,1 |  Nang luang | 207 | Kcal
food_banh_ran_man,Bánh rán mặn,nutrient_chat_dam,Chất đạm,protein_g,4.2,g,tat_ca_mon_an.xlsx,1,Chät dam,"2 | Chät dam | 4,2 | g"
food_banh_ran_man,Bánh rán mặn,nutrient_chat_beo,Chất béo,fat_g,11.1,g,tat_ca_mon_an.xlsx,1,Chät béo,"3 | Chät béo | 11,1 | g"
food_banh_ran_man,Bánh rán mặn,nutrient_chat_bot_duong,Chất bột đường,carbohydrate_g,22.6,g,tat_ca_mon_an.xlsx,1,Chát böt durng,"4 |  Chát böt durng | 22,6 | g"
food_banh_ran_man,Bánh rán mặn,nutrient_vitamin_a,Vitamin A,vitamin_a_mcg,0.2,mcg,tat_ca_mon_an.xlsx,1,Vitamin A,"5 |  Vitamin A | 0,2 | g"
food_banh_ran_man,Bánh rán mặn,nutrient_beta_carotene,Beta-carotene,beta_carotene_mcg,0.6,mcg,tat_ca_mon_an.xlsx,1,Beta-caroten,"6 | Beta-caroten | 0,6 | g"
food_banh_ran_man,Bánh rán mặn,nutrient_vitamin_c,Vitamin C,vitamin_c_mg,0.8,mg,tat_ca_mon_an.xlsx,1,Vitamin C,"7 | Vitamin C | 0,8 | mg"
food_banh_ran_man,Bánh rán mặn,nutrient_canxi,Canxi,calcium_mg,16.7,mg,tat_ca_mon_an.xlsx,1,Canxi,"8 | Canxi | 16,7 | mg"
food_banh_ran_man,Bánh rán mặn,nutrient_sat,Sắt,iron_mg,2.1,mg,tat_ca_mon_an.xlsx,1,sät,"6 | sät | 2,1 | mg"
food_banh_ran_man,Bánh rán mặn,nutrient_kem,Kẽm,zinc_mg,0.4,mg,tat_ca_mon_an.xlsx,1,Kém,"10 | Kém | 0,4 | mg"
food_banh_ran_man,Bánh rán mặn,nutrient_natri,Natri,sodium_mg,542.4,mg,tat_ca_mon_an.xlsx,1,Natri,"11 | Natri | 542,4 | mg"
food_banh_ran_man,Bánh rán mặn,nutrient_cholesterol,Cholesterol,cholesterol_mg,9.0,mg,tat_ca_mon_an.xlsx,1,Cholesterol,12 | Cholesterol | 9 | mg
food_banh_ran_man,Bánh rán mặn,nutrient_kali,Kali,potassium_mg,58.8,mg,tat_ca_mon_an.xlsx,1,Kali,"13 |  Kali | 58,8 | mg"
food_banh_ran_man,Bánh rán mặn,nutrient_chat_xo,Chất xơ,fiber_g,0.5,g,tat_ca_mon_an.xlsx,1,Xo,"14 | Xo | 0,5 | 9"
food_banh_ran_nhan_do,Bánh rán nhân đỗ,nutrient_nang_luong,Năng lượng,energy_kcal,192.0,kcal,tat_ca_mon_an.xlsx,1,Näng luo'ng,1 | Näng luo'ng | 192 | Kcal
food_banh_ran_nhan_do,Bánh rán nhân đỗ,nutrient_chat_dam,Chất đạm,protein_g,3.3,g,tat_ca_mon_an.xlsx,1,Chät dam,"2 | Chät dam | 3,3 | g"
food_banh_ran_nhan_do,Bánh rán nhân đỗ,nutrient_chat_beo,Chất béo,fat_g,10.2,g,tat_ca_mon_an.xlsx,1,Chät béo,"3 | Chät béo | 10,2 | g"
food_banh_ran_nhan_do,Bánh rán nhân đỗ,nutrient_chat_bot_duong,Chất bột đường,carbohydrate_g,21.9,g,tat_ca_mon_an.xlsx,1,Chát böt durng,"4 |  Chát böt durng | 21,9 | g"
food_banh_ran_nhan_do,Bánh rán nhân đỗ,nutrient_vitamin_a,Vitamin A,vitamin_a_mcg,0.0,mcg,tat_ca_mon_an.xlsx,1,Vitamin A,5 |  Vitamin A | 0 | g
food_banh_ran_nhan_do,Bánh rán nhân đỗ,nutrient_beta_carotene,Beta-carotene,beta_carotene_mcg,1.8,mcg,tat_ca_mon_an.xlsx,1,Beta-caroten,"6 | Beta-caroten | 1,8 | g"
food_banh_ran_nhan_do,Bánh rán nhân đỗ,nutrient_vitamin_c,Vitamin C,vitamin_c_mg,0.2,mg,tat_ca_mon_an.xlsx,1,Vitamin C,"7 | Vitamin C | 0,2 | mg"
food_banh_ran_nhan_do,Bánh rán nhân đỗ,nutrient_canxi,Canxi,calcium_mg,61.0,mg,tat_ca_mon_an.xlsx,1,Canxi,8 | Canxi | 61 | mg
food_banh_ran_nhan_do,Bánh rán nhân đỗ,nutrient_sat,Sắt,iron_mg,1.0,mg,tat_ca_mon_an.xlsx,1,sät,6 | sät | 1 | mg
food_banh_ran_nhan_do,Bánh rán nhân đỗ,nutrient_kem,Kẽm,zinc_mg,0.3,mg,tat_ca_mon_an.xlsx,1,Kém,"10 | Kém | 0,3 | mg"
food_banh_ran_nhan_do,Bánh rán nhân đỗ,nutrient_natri,Natri,sodium_mg,61.8,mg,tat_ca_mon_an.xlsx,1,Natri,"11 | Natri | 61,8 | mg"
food_banh_ran_nhan_do,Bánh rán nhân đỗ,nutrient_kali,Kali,potassium_mg,71.0,mg,tat_ca_mon_an.xlsx,1,Kali,13 |  Kali | 71 | mg
food_banh_ran_nhan_do,Bánh rán nhân đỗ,nutrient_chat_xo,Chất xơ,fiber_g,0.4,g,tat_ca_mon_an.xlsx,1,Xo,"14 | Xo | 0,4 | 9"
food_banh_ran_duong,Bánh rán đường,nutrient_nang_luong,Năng lượng,energy_kcal,252.0,kcal,tat_ca_mon_an.xlsx,1,Näng luong,1 | Näng luong | 252 | Kcal
food_banh_ran_duong,Bánh rán đường,nutrient_chat_dam,Chất đạm,protein_g,3.3,g,tat_ca_mon_an.xlsx,1,Chät dam,"2 | Chät dam | 3,3 | g"
food_banh_ran_duong,Bánh rán đường,nutrient_chat_beo,Chất béo,fat_g,10.2,g,tat_ca_mon_an.xlsx,1,Chät béo,"3 | Chät béo | 10,2 | g"
food_banh_ran_duong,Bánh rán đường,nutrient_chat_bot_duong,Chất bột đường,carbohydrate_g,36.7,g,tat_ca_mon_an.xlsx,1,Chát böt durng,"4 |  Chát böt durng | 36,7 | g"
food_banh_ran_duong,Bánh rán đường,nutrient_vitamin_a,Vitamin A,vitamin_a_mcg,0.0,mcg,tat_ca_mon_an.xlsx,1,Vitamin A,5 |  Vitamin A | 0 | g
food_banh_ran_duong,Bánh rán đường,nutrient_beta_carotene,Beta-carotene,beta_carotene_mcg,1.8,mcg,tat_ca_mon_an.xlsx,1,Beta-caroten,"6 | Beta-caroten | 1,8 | g"
food_banh_ran_duong,Bánh rán đường,nutrient_vitamin_c,Vitamin C,vitamin_c_mg,0.2,mg,tat_ca_mon_an.xlsx,1,Vitamin C,"7 | Vitamin C | 0,2 | 9"
food_banh_ran_duong,Bánh rán đường,nutrient_canxi,Canxi,calcium_mg,61.0,mg,tat_ca_mon_an.xlsx,1,Canxi,8 | Canxi | 61 | mg
food_banh_ran_duong,Bánh rán đường,nutrient_sat,Sắt,iron_mg,1.0,mg,tat_ca_mon_an.xlsx,1,sät,6 | sät | 1 | mg
food_banh_ran_duong,Bánh rán đường,nutrient_kem,Kẽm,zinc_mg,0.3,mg,tat_ca_mon_an.xlsx,1,Kém,"10 | Kém | 0,3 | mg"
food_banh_ran_duong,Bánh rán đường,nutrient_natri,Natri,sodium_mg,61.9,mg,tat_ca_mon_an.xlsx,1,Natri,"11 | Natri | 61,9 | mg"
food_banh_ran_duong,Bánh rán đường,nutrient_kali,Kali,potassium_mg,71.3,mg,tat_ca_mon_an.xlsx,1,Kali,"13 |  Kali | 71,3 | mg"
food_banh_ran_duong,Bánh rán đường,nutrient_chat_xo,Chất xơ,fiber_g,0.4,g,tat_ca_mon_an.xlsx,1,Xo,"14 | Xo | 0,4 | 9"
food_banh_tieu,Bánh tiêu,nutrient_chat_dam,Chất đạm,protein_g,3.4,g,tat_ca_mon_an.xlsx,1,Chät dam,"2 |  Chät dam | 3,4 | g"
food_banh_tieu,Bánh tiêu,nutrient_chat_beo,Chất béo,fat_g,13.9,g,tat_ca_mon_an.xlsx,1,Chät béo,"3 | Chät béo | 13,9 | g"
food_banh_tieu,Bánh tiêu,nutrient_chat_bot_duong,Chất bột đường,carbohydrate_g,23.8,g,tat_ca_mon_an.xlsx,1,Chát böt durng,"4 |  Chát böt durng | 23,8 | g"
food_banh_tieu,Bánh tiêu,nutrient_vitamin_a,Vitamin A,vitamin_a_mcg,0.0,mcg,tat_ca_mon_an.xlsx,1,Vitamin A,5 |  Vitamin A | 0 | g
food_banh_tieu,Bánh tiêu,nutrient_beta_carotene,Beta-carotene,beta_carotene_mcg,0.4,mcg,tat_ca_mon_an.xlsx,1,Beta-caroten,"6 | Beta-caroten | 0,4 | g"
food_banh_tieu,Bánh tiêu,nutrient_vitamin_c,Vitamin C,vitamin_c_mg,0.2,mg,tat_ca_mon_an.xlsx,1,Vitamin C,"7 | Vitamin C | 0,2 | mg"
food_banh_tieu,Bánh tiêu,nutrient_canxi,Canxi,calcium_mg,47.0,mg,tat_ca_mon_an.xlsx,1,Canxi,8 | Canxi | 47 | mg
food_banh_tieu,Bánh tiêu,nutrient_sat,Sắt,iron_mg,1.1,mg,tat_ca_mon_an.xlsx,1,sät,"6 | sät | 1,1 | mg"
food_banh_tieu,Bánh tiêu,nutrient_kem,Kẽm,zinc_mg,0.8,mg,tat_ca_mon_an.xlsx,1,Kém,"10 | Kém | 0,8 | mg"
food_banh_tieu,Bánh tiêu,nutrient_natri,Natri,sodium_mg,40.3,mg,tat_ca_mon_an.xlsx,1,Natri,"11 | Natri | 40,3 | mg"
food_banh_tieu,Bánh tiêu,nutrient_kali,Kali,potassium_mg,61.2,mg,tat_ca_mon_an.xlsx,1,Kali,"13 | Kali | 61,2 | mg"
food_banh_tieu,Bánh tiêu,nutrient_chat_xo,Chất xơ,fiber_g,0.2,g,tat_ca_mon_an.xlsx,1,Xo,"14 | Xo | 0,2 | 9"
food_banh_troi,Bánh trôi,nutrient_nang_luong,Năng lượng,energy_kcal,473.0,kcal,tat_ca_mon_an.xlsx,1,Näng luo'ng,1 | Näng luo'ng | 473 | Kcal
food_banh_troi,Bánh trôi,nutrient_chat_dam,Chất đạm,protein_g,8.6,g,tat_ca_mon_an.xlsx,1,Chät dam,"2 |  Chät dam | 8,6 | g"
food_banh_troi,Bánh trôi,nutrient_chat_beo,Chất béo,fat_g,2.5,g,tat_ca_mon_an.xlsx,1,Chät béo,"3 | Chät béo | 2,5 | g"
food_banh_troi,Bánh trôi,nutrient_chat_bot_duong,Chất bột đường,carbohydrate_g,104.0,g,tat_ca_mon_an.xlsx,1,Chát böt durng,4 |  Chát böt durng | 104 | g
food_banh_troi,Bánh trôi,nutrient_beta_carotene,Beta-carotene,beta_carotene_mcg,0.0,mcg,tat_ca_mon_an.xlsx,1,Beta-caroten,6 | Beta-caroten | 0 | g
food_banh_troi,Bánh trôi,nutrient_vitamin_c,Vitamin C,vitamin_c_mg,0.0,mg,tat_ca_mon_an.xlsx,1,Vitamin C,7 | Vitamin C | 0 | mg
food_banh_troi,Bánh trôi,nutrient_canxi,Canxi,calcium_mg,32.0,mg,tat_ca_mon_an.xlsx,1,Canxi,8 | Canxi | 32 | mg
food_banh_troi,Bánh trôi,nutrient_sat,Sắt,iron_mg,1.1,mg,tat_ca_mon_an.xlsx,1,sät,"6 | sät | 1,1 | mg"
food_banh_troi,Bánh trôi,nutrient_kem,Kẽm,zinc_mg,2.4,mg,tat_ca_mon_an.xlsx,1,Kém,"10 | Kém | 2,4 | mg"
food_banh_troi,Bánh trôi,nutrient_natri,Natri,sodium_mg,3.0,mg,tat_ca_mon_an.xlsx,1,Natri,11 | Natri | 3 | mg
food_banh_troi,Bánh trôi,nutrient_kali,Kali,potassium_mg,0.0,mg,tat_ca_mon_an.xlsx,1,Kali,13 | Kali | 0 | mg
food_banh_troi,Bánh trôi,nutrient_chat_xo,Chất xơ,fiber_g,0.7,g,tat_ca_mon_an.xlsx,1,Xo,"14 | Xo | 0,7 | 9"
food_banh_te,Bánh tẻ,nutrient_chat_dam,Chất đạm,protein_g,3.9,g,tat_ca_mon_an.xlsx,1,Chät dam,"2 | Chät dam | 3,9 | g"
food_banh_te,Bánh tẻ,nutrient_chat_beo,Chất béo,fat_g,5.2,g,tat_ca_mon_an.xlsx,1,Chät béo,"3 | Chät béo | 5,2 | g"
food_banh_te,Bánh tẻ,nutrient_chat_bot_duong,Chất bột đường,carbohydrate_g,47.0,g,tat_ca_mon_an.xlsx,1,Chát böt durng,4 |  Chát böt durng | 47 | g
food_banh_te,Bánh tẻ,nutrient_beta_carotene,Beta-carotene,beta_carotene_mcg,2.3,mcg,tat_ca_mon_an.xlsx,1,Beta-caroten,"6 | Beta-caroten | 2,3 | g"
food_banh_te,Bánh tẻ,nutrient_vitamin_c,Vitamin C,vitamin_c_mg,1.5,mg,tat_ca_mon_an.xlsx,1,Vitamin C,"7 | Vitamin C | 1,5 | mg"
food_banh_te,Bánh tẻ,nutrient_canxi,Canxi,calcium_mg,18.0,mg,tat_ca_mon_an.xlsx,1,Canxi,8 | Canxi | 18 | mg
food_banh_te,Bánh tẻ,nutrient_sat,Sắt,iron_mg,1.2,mg,tat_ca_mon_an.xlsx,1,sät,"6 | sät | 1,2 | mg"
food_banh_te,Bánh tẻ,nutrient_kem,Kẽm,zinc_mg,0.0,mg,tat_ca_mon_an.xlsx,1,Kém,10 | Kém | 0 | mg
food_banh_te,Bánh tẻ,nutrient_natri,Natri,sodium_mg,2.4,mg,tat_ca_mon_an.xlsx,1,Natri,"11 | Natri | 2,4 | mg"
food_banh_te,Bánh tẻ,nutrient_cholesterol,Cholesterol,cholesterol_mg,0.0,mg,tat_ca_mon_an.xlsx,1,Cholesterol,12 | Cholesterol | 0 | mg
food_banh_te,Bánh tẻ,nutrient_kali,Kali,potassium_mg,20.6,mg,tat_ca_mon_an.xlsx,1,Kali,"13 |  Kali | 20,6 | mg"
food_banh_te,Bánh tẻ,nutrient_chat_xo,Chất xơ,fiber_g,0.3,g,tat_ca_mon_an.xlsx,1,Xo,"14 | Xo | 0,3 | 9"
food_banh_xeo,Bánh xèo,nutrient_nang_luong,Năng lượng,energy_kcal,306.0,kcal,tat_ca_mon_an.xlsx,1,Näng luo'ng,1 | Näng luo'ng | 306 | Kcal
food_banh_xeo,Bánh xèo,nutrient_chat_dam,Chất đạm,protein_g,20.7,g,tat_ca_mon_an.xlsx,1,Chät &am,"2 | Chät &am | 20,7 | g"
food_banh_xeo,Bánh xèo,nutrient_chat_beo,Chất béo,fat_g,2.9,g,tat_ca_mon_an.xlsx,1,Chät béo,"3 | Chät béo | 2,9 | g"
food_banh_xeo,Bánh xèo,nutrient_chat_bot_duong,Chất bột đường,carbohydrate_g,49.5,g,tat_ca_mon_an.xlsx,1,Chát böt durng,"4 |  Chát böt durng | 49,5 | g"
food_banh_xeo,Bánh xèo,nutrient_chat_xo,Chất xơ,fiber_g,2.1,g,tat_ca_mon_an.xlsx,1,Xo,"5 | Xo | 2,1 | g"
food_banh_xeo,Bánh xèo,nutrient_vitamin_a,Vitamin A,vitamin_a_mcg,4.2,mcg,tat_ca_mon_an.xlsx,1,Vitamin A,"6 | Vitamin A | 4,2 | g"
food_banh_xeo,Bánh xèo,nutrient_beta_carotene,Beta-carotene,beta_carotene_mcg,8.7,mcg,tat_ca_mon_an.xlsx,1,Beta-caroten,"7 | Beta-caroten | 8,7 | g"
food_banh_xeo,Bánh xèo,nutrient_canxi,Canxi,calcium_mg,64.9,mg,tat_ca_mon_an.xlsx,1,Canxi,"8 | Canxi | 64,9 | mg"
food_banh_xeo,Bánh xèo,nutrient_sat,Sắt,iron_mg,3.0,mg,tat_ca_mon_an.xlsx,1,sät,"6 | sät | 3,0 | mg"
food_banh_xeo,Bánh xèo,nutrient_kem,Kẽm,zinc_mg,2.1,mg,tat_ca_mon_an.xlsx,1,Kém,"10 | Kém | 2,1 | mg"
food_banh_xeo,Bánh xèo,nutrient_natri,Natri,sodium_mg,411.9,mg,tat_ca_mon_an.xlsx,1,Natri,"11 |  Natri | 411,9 | mg"
food_banh_xeo,Bánh xèo,nutrient_cholesterol,Cholesterol,cholesterol_mg,15.6,mg,tat_ca_mon_an.xlsx,1,Cholesterol,"12 | Cholesterol | 15,6 | mg"
food_banh_xeo,Bánh xèo,nutrient_kali,Kali,potassium_mg,440.2,mg,tat_ca_mon_an.xlsx,1,Kali,"13 |  Kali | 440,2 | mg"
food_banh_xeo,Bánh xèo,nutrient_chat_xo,Chất xơ,fiber_g,2.1,g,tat_ca_mon_an.xlsx,1,Xo,"14 | Xo | 2,1 | 9"
food_banh_duc,Bánh đúc,nutrient_nang_luong,Năng lượng,energy_kcal,110.0,kcal,tat_ca_mon_an.xlsx,1,Näng luo'ng,7 | Näng luo'ng | 110 | Kcal
food_banh_duc,Bánh đúc,nutrient_chat_dam,Chất đạm,protein_g,2.7,g,tat_ca_mon_an.xlsx,1,Chät &am,"2 | Chät &am | 2,7 | g"
food_banh_duc,Bánh đúc,nutrient_chat_beo,Chất béo,fat_g,2.7,g,tat_ca_mon_an.xlsx,1,Chät béo,"3 | Chät béo | 2,7 | g"
food_banh_duc,Bánh đúc,nutrient_chat_bot_duong,Chất bột đường,carbohydrate_g,18.9,g,tat_ca_mon_an.xlsx,1,Chát böt durng,"4 |  Chát böt durng | 18,9 | g"
food_banh_dau_xanh,Bánh đậu xanh,nutrient_nang_luong,Năng lượng,energy_kcal,113.0,kcal,tat_ca_mon_an.xlsx,1,Näng luo'ng,1 | Näng luo'ng | 113 | Kcal
food_banh_dau_xanh,Bánh đậu xanh,nutrient_chat_dam,Chất đạm,protein_g,3.5,g,tat_ca_mon_an.xlsx,1,Chät &am,"2 | Chät &am | 3,5 | g"
food_banh_dau_xanh,Bánh đậu xanh,nutrient_chat_beo,Chất béo,fat_g,5.4,g,tat_ca_mon_an.xlsx,1,Chät béo,"3 | Chät béo | 5,4 | g"
food_banh_dau_xanh,Bánh đậu xanh,nutrient_chat_bot_duong,Chất bột đường,carbohydrate_g,12.5,g,tat_ca_mon_an.xlsx,1,CarbGlucid,"4 | CarbGlucid | 12,5 | g"
food_bun_bo_gio_heo_hue,Bún bò giò heo (Huế),nutrient_nang_luong,Năng lượng,energy_kcal,524.0,kcal,tat_ca_mon_an.xlsx,1,Nang luang,1 |  Nang luang | 524 | Kcal
food_bun_bo_gio_heo_hue,Bún bò giò heo (Huế),nutrient_chat_dam,Chất đạm,protein_g,28.3,g,tat_ca_mon_an.xlsx,1,Chät dam,"2 | Chät dam | 28,3 | g"
food_bun_bo_gio_heo_hue,Bún bò giò heo (Huế),nutrient_chat_beo,Chất béo,fat_g,16.7,g,tat_ca_mon_an.xlsx,1,Chät béo,"3 | Chät béo | 16,7 | g"
food_bun_bo_gio_heo_hue,Bún bò giò heo (Huế),nutrient_chat_bot_duong,Chất bột đường,carbohydrate_g,65.1,g,tat_ca_mon_an.xlsx,1,Chát böt durng,"4 |  Chát böt durng | 65,1 | g"
food_bun_bo_gio_heo_hue,Bún bò giò heo (Huế),nutrient_vitamin_a,Vitamin A,vitamin_a_mcg,123.0,mcg,tat_ca_mon_an.xlsx,1,Vitamin A,5 |  Vitamin A | 123 | g
food_bun_bo_gio_heo_hue,Bún bò giò heo (Huế),nutrient_beta_carotene,Beta-carotene,beta_carotene_mcg,1370.0,mcg,tat_ca_mon_an.xlsx,1,Beta-caroten,6 | Beta-caroten | 1.370 | g
food_bun_bo_gio_heo_hue,Bún bò giò heo (Huế),nutrient_vitamin_c,Vitamin C,vitamin_c_mg,61.7,mg,tat_ca_mon_an.xlsx,1,Vitamin C,"7 | Vitamin C | 61,7 | mg"
food_bun_bo_gio_heo_hue,Bún bò giò heo (Huế),nutrient_canxi,Canxi,calcium_mg,81.1,mg,tat_ca_mon_an.xlsx,1,Canxi,"8 | Canxi | 81,1 | mg"
food_bun_bo_gio_heo_hue,Bún bò giò heo (Huế),nutrient_sat,Sắt,iron_mg,17.9,mg,tat_ca_mon_an.xlsx,1,sät,"6 | sät | 17,9 | mg"
food_bun_bo_gio_heo_hue,Bún bò giò heo (Huế),nutrient_kem,Kẽm,zinc_mg,1.6,mg,tat_ca_mon_an.xlsx,1,Kém,"10 | Kém | 1,6 | mg"
food_bun_bo_gio_heo_hue,Bún bò giò heo (Huế),nutrient_natri,Natri,sodium_mg,686.9,mg,tat_ca_mon_an.xlsx,1,Natri,"11 | Natri | 686,9 | mg"
food_bun_bo_gio_heo_hue,Bún bò giò heo (Huế),nutrient_cholesterol,Cholesterol,cholesterol_mg,45.4,mg,tat_ca_mon_an.xlsx,1,Cholesterol,"12 | Cholesterol | 45,4 | mg"
food_bun_bo_gio_heo_hue,Bún bò giò heo (Huế),nutrient_kali,Kali,potassium_mg,234.0,mg,tat_ca_mon_an.xlsx,1,Kali,13 |  Kali | 234 | mg
food_bun_bo_gio_heo_hue,Bún bò giò heo (Huế),nutrient_chat_xo,Chất xơ,fiber_g,1.4,g,tat_ca_mon_an.xlsx,1,Xo,"14 | Xo | 1,4 | 9"
food_bun_cha_ca,Bún chả cá,nutrient_nang_luong,Năng lượng,energy_kcal,635.0,kcal,tat_ca_mon_an.xlsx,1,Näng luo'ng,7 | Näng luo'ng | 635 | Kcal
food_bun_cha_ca,Bún chả cá,nutrient_chat_dam,Chất đạm,protein_g,21.7,g,tat_ca_mon_an.xlsx,1,Chät dam,"2 | Chät dam | 21,7 | g"
food_bun_cha_ca,Bún chả cá,nutrient_chat_beo,Chất béo,fat_g,30.0,g,tat_ca_mon_an.xlsx,1,Chät béo,3 | Chät béo | 30 | g
food_bun_cha_ca,Bún chả cá,nutrient_chat_bot_duong,Chất bột đường,carbohydrate_g,69.6,g,tat_ca_mon_an.xlsx,1,Chát böt durng,"4 |  Chát böt durng | 69,6 | g"
food_bun_cha_ca,Bún chả cá,nutrient_vitamin_a,Vitamin A,vitamin_a_mcg,77.3,mcg,tat_ca_mon_an.xlsx,1,Vitamin A,"5 |  Vitamin A | 77,3 | g"
food_bun_cha_ca,Bún chả cá,nutrient_beta_carotene,Beta-carotene,beta_carotene_mcg,2521.0,mcg,tat_ca_mon_an.xlsx,1,Beta-caroten,6 | Beta-caroten | 2.521 | g
food_bun_cha_ca,Bún chả cá,nutrient_vitamin_c,Vitamin C,vitamin_c_mg,79.5,mg,tat_ca_mon_an.xlsx,1,Vitamin C,"7 | Vitamin C | 79,5 | mg"
food_bun_cha_ca,Bún chả cá,nutrient_canxi,Canxi,calcium_mg,339.6,mg,tat_ca_mon_an.xlsx,1,Canxi,"8 | Canxi | 339,6 | mg"
food_bun_cha_ca,Bún chả cá,nutrient_sat,Sắt,iron_mg,2.7,mg,tat_ca_mon_an.xlsx,1,sät,"6 | sät | 2,7 | mg"
food_bun_cha_ca,Bún chả cá,nutrient_kem,Kẽm,zinc_mg,0.6,mg,tat_ca_mon_an.xlsx,1,Kém,"10 | Kém | 0,6 | mg"
food_bun_cha_ca,Bún chả cá,nutrient_natri,Natri,sodium_mg,1474.9,mg,tat_ca_mon_an.xlsx,1,Natri,"11 | Natri | 1.474,9 | mg"
food_bun_cha_ca,Bún chả cá,nutrient_kali,Kali,potassium_mg,543.9,mg,tat_ca_mon_an.xlsx,1,Kali,"13 |  Kali | 543,9 | mg"
food_bun_cha_ca,Bún chả cá,nutrient_chat_xo,Chất xơ,fiber_g,4.5,g,tat_ca_mon_an.xlsx,1,Xo,"14 | Xo | 4,5 | 9"
food_bun_cha,Bún chả,nutrient_nang_luong,Năng lượng,energy_kcal,518.0,kcal,tat_ca_mon_an.xlsx,1,Nang luang,1 |  Nang luang | 518 | Kcal
food_bun_cha,Bún chả,nutrient_chat_dam,Chất đạm,protein_g,25.8,g,tat_ca_mon_an.xlsx,1,Chät &am,"2 | Chät &am | 25,8 | g"
food_bun_cha,Bún chả,nutrient_chat_beo,Chất béo,fat_g,77.0,g,tat_ca_mon_an.xlsx,1,Chät béo,3 | Chät béo | 77 | g
food_bun_cha,Bún chả,nutrient_chat_bot_duong,Chất bột đường,carbohydrate_g,90.3,g,tat_ca_mon_an.xlsx,1,Chát böt durng,"4 |  Chát böt durng | 90,3 | g"
food_bun_cha,Bún chả,nutrient_vitamin_a,Vitamin A,vitamin_a_mcg,6.0,mcg,tat_ca_mon_an.xlsx,1,Vitamin A,5 |  Vitamin A | 6 | g
food_bun_cha,Bún chả,nutrient_vitamin_c,Vitamin C,vitamin_c_mg,1.3,mg,tat_ca_mon_an.xlsx,1,Vitamin C,"7 | Vitamin C | 1,3 | mg"
food_bun_cha,Bún chả,nutrient_canxi,Canxi,calcium_mg,101.0,mg,tat_ca_mon_an.xlsx,1,Canxi,8 | Canxi | 101 | mg
food_bun_cha,Bún chả,nutrient_sat,Sắt,iron_mg,2.2,mg,tat_ca_mon_an.xlsx,1,sät,"6 | sät | 2,2 | mg"
food_bun_cha,Bún chả,nutrient_kem,Kẽm,zinc_mg,2.5,mg,tat_ca_mon_an.xlsx,1,Kém,"10 | Kém | 2,5 | mg"
food_bun_cha,Bún chả,nutrient_natri,Natri,sodium_mg,1162.0,mg,tat_ca_mon_an.xlsx,1,Natri,11 |  Natri | 1.162 | mg
food_bun_cha,Bún chả,nutrient_cholesterol,Cholesterol,cholesterol_mg,67.0,mg,tat_ca_mon_an.xlsx,1,Cholesterol,12 | Cholesterol | 67 | mg
food_bun_cha,Bún chả,nutrient_kali,Kali,potassium_mg,381.0,mg,tat_ca_mon_an.xlsx,1,Kali,13 |  Kali | 381 | mg
food_bun_cha,Bún chả,nutrient_chat_xo,Chất xơ,fiber_g,1.6,g,tat_ca_mon_an.xlsx,1,Xo,"14 | Xo | 1,6 | 9"
food_bun_ca,Bún cá,nutrient_nang_luong,Năng lượng,energy_kcal,331.1,kcal,tat_ca_mon_an.xlsx,1,Näng luo'ng,"1 | Näng luo'ng | 331,1 | Kcal"
food_bun_ca,Bún cá,nutrient_chat_dam,Chất đạm,protein_g,12.8,g,tat_ca_mon_an.xlsx,1,Chät dam,"2 |  Chät dam | 12,8 | g"
food_bun_ca,Bún cá,nutrient_chat_beo,Chất béo,fat_g,8.1,g,tat_ca_mon_an.xlsx,1,Chät béo,"3 | Chät béo | 8,1 | g"
food_bun_ca,Bún cá,nutrient_chat_bot_duong,Chất bột đường,carbohydrate_g,51.8,g,tat_ca_mon_an.xlsx,1,Chát böt áung,"4 |  Chát böt áung | 51,8 | g"
food_bun_ca,Bún cá,nutrient_vitamin_a,Vitamin A,vitamin_a_mcg,83.5,mcg,tat_ca_mon_an.xlsx,1,Vitamin A,"5 | Vitamin A | 83,5 | g"
food_bun_ca,Bún cá,nutrient_beta_carotene,Beta-carotene,beta_carotene_mcg,696.0,mcg,tat_ca_mon_an.xlsx,1,Beta-caroten,6 | Beta-caroten | 696 | g
food_bun_ca,Bún cá,nutrient_vitamin_c,Vitamin C,vitamin_c_mg,28.9,mg,tat_ca_mon_an.xlsx,1,Vitamin C,"7 | Vitamin C | 28,9 | mg"
food_bun_ca,Bún cá,nutrient_canxi,Canxi,calcium_mg,153.0,mg,tat_ca_mon_an.xlsx,1,Canxi,8 | Canxi | 153 | mg
food_bun_ca,Bún cá,nutrient_sat,Sắt,iron_mg,1.8,mg,tat_ca_mon_an.xlsx,1,sät,"6 |  sät | 1,8 | mg"
food_bun_ca,Bún cá,nutrient_kem,Kẽm,zinc_mg,0.5,mg,tat_ca_mon_an.xlsx,1,Kém,"10 | Kém | 0,5 | mg"
food_bun_ca,Bún cá,nutrient_natri,Natri,sodium_mg,861.7,mg,tat_ca_mon_an.xlsx,1,Natri,"11 | Natri | 861,7 | mg"
food_bun_ca,Bún cá,nutrient_cholesterol,Cholesterol,cholesterol_mg,4.9,mg,tat_ca_mon_an.xlsx,1,Cholesterol,"12 | Cholesterol | 4,9 | mg"
food_bun_ca,Bún cá,nutrient_magie,Magie,magnesium_mg,37.3,mg,tat_ca_mon_an.xlsx,1,Magie,"13 | Magie | 37,3 | mg"
food_bun_mong_gio,Bún móng giò,nutrient_nang_luong,Năng lượng,energy_kcal,443.0,kcal,tat_ca_mon_an.xlsx,1,Näng luo'ng,1 | Näng luo'ng | 443 | Kcal
food_bun_mong_gio,Bún móng giò,nutrient_chat_dam,Chất đạm,protein_g,18.8,g,tat_ca_mon_an.xlsx,1,Chät dam,"2 |  Chät dam | 18,8 | g"
food_bun_mong_gio,Bún móng giò,nutrient_chat_beo,Chất béo,fat_g,15.6,g,tat_ca_mon_an.xlsx,1,Chät béo,"3 | Chät béo | 15,6 | g"
food_bun_mong_gio,Bún móng giò,nutrient_chat_bot_duong,Chất bột đường,carbohydrate_g,56.8,g,tat_ca_mon_an.xlsx,1,Chát böt áung,"4 |  Chát böt áung | 56,8 | g"
food_bun_mong_gio,Bún móng giò,nutrient_vitamin_a,Vitamin A,vitamin_a_mcg,70.6,mcg,tat_ca_mon_an.xlsx,1,Vitamin A,"5 | Vitamin A | 70,6 | g"
food_bun_mong_gio,Bún móng giò,nutrient_beta_carotene,Beta-carotene,beta_carotene_mcg,692.6,mcg,tat_ca_mon_an.xlsx,1,Beta-caroten,"6 | Beta-caroten | 692,6 | g"
food_bun_mong_gio,Bún móng giò,nutrient_vitamin_c,Vitamin C,vitamin_c_mg,30.9,mg,tat_ca_mon_an.xlsx,1,Vitamin C,"7 | Vitamin C | 30,9 | mg"
food_bun_mong_gio,Bún móng giò,nutrient_canxi,Canxi,calcium_mg,281.2,mg,tat_ca_mon_an.xlsx,1,Canxi,"8 | Canxi | 281,2 | mg"
food_bun_mong_gio,Bún móng giò,nutrient_sat,Sắt,iron_mg,2.7,mg,tat_ca_mon_an.xlsx,1,sät,"6 |  sät | 2,7 | mg"
food_bun_mong_gio,Bún móng giò,nutrient_kem,Kẽm,zinc_mg,1.0,mg,tat_ca_mon_an.xlsx,1,Kém,10 | Kém | 1 | mg
food_bun_mong_gio,Bún móng giò,nutrient_natri,Natri,sodium_mg,1382.1,mg,tat_ca_mon_an.xlsx,1,Natri,"11 |  Natri | 1.382,1 | mg"
food_bun_mong_gio,Bún móng giò,nutrient_cholesterol,Cholesterol,cholesterol_mg,57.5,mg,tat_ca_mon_an.xlsx,1,Cholesterol,"12 | Cholesterol | 57,5 | mg"
food_bun_mong_gio,Bún móng giò,nutrient_magie,Magie,magnesium_mg,63.0,mg,tat_ca_mon_an.xlsx,1,Magie,13 | Magie | 63 | mg
food_bun_nem,Bún nem,nutrient_nang_luong,Năng lượng,energy_kcal,920.0,kcal,tat_ca_mon_an.xlsx,1,Näng luong,1 | Näng luong | 920 | Kcal
food_bun_nem,Bún nem,nutrient_chat_dam,Chất đạm,protein_g,21.0,g,tat_ca_mon_an.xlsx,1,Chät dam,2 | Chät dam | 21 | g
food_bun_nem,Bún nem,nutrient_chat_beo,Chất béo,fat_g,21.7,g,tat_ca_mon_an.xlsx,1,Chät béo,"3 | Chät béo | 21,7 | g"
food_bun_nem,Bún nem,nutrient_chat_bot_duong,Chất bột đường,carbohydrate_g,160.0,g,tat_ca_mon_an.xlsx,1,Chát böt durng,4 |  Chát böt durng | 160 | g
food_bun_nem,Bún nem,nutrient_vitamin_a,Vitamin A,vitamin_a_mcg,374.0,mcg,tat_ca_mon_an.xlsx,1,Vitamin A,5 |  Vitamin A | 374 | g
food_bun_nem,Bún nem,nutrient_beta_carotene,Beta-carotene,beta_carotene_mcg,1427.0,mcg,tat_ca_mon_an.xlsx,1,Beta-caroten,6 | Beta-caroten | 1.427 | g
food_bun_nem,Bún nem,nutrient_vitamin_c,Vitamin C,vitamin_c_mg,114.0,mg,tat_ca_mon_an.xlsx,1,Vitamin C,7 | Vitamin C | 114 | mg
food_bun_nem,Bún nem,nutrient_canxi,Canxi,calcium_mg,140.0,mg,tat_ca_mon_an.xlsx,1,Canxi,8 | Canxi | 140 | mg
food_bun_nem,Bún nem,nutrient_sat,Sắt,iron_mg,4.7,mg,tat_ca_mon_an.xlsx,1,sät,"6 | sät | 4,7 | mg"
food_bun_nem,Bún nem,nutrient_kem,Kẽm,zinc_mg,2.1,mg,tat_ca_mon_an.xlsx,1,Kém,"10 | Kém | 2,1 | mg"
food_bun_nem,Bún nem,nutrient_natri,Natri,sodium_mg,1168.0,mg,tat_ca_mon_an.xlsx,1,Natri,11 | Natri | 1.168 | mg
food_bun_nem,Bún nem,nutrient_cholesterol,Cholesterol,cholesterol_mg,87.0,mg,tat_ca_mon_an.xlsx,1,Cholesterol,12 | Cholesterol | 87 | mg
food_bun_nem,Bún nem,nutrient_kali,Kali,potassium_mg,557.0,mg,tat_ca_mon_an.xlsx,1,Kali,13 |  Kali | 557 | mg
food_bun_nem,Bún nem,nutrient_chat_xo,Chất xơ,fiber_g,4.0,g,tat_ca_mon_an.xlsx,1,Xo,14 | Xo | 4 | 9
food_bun_ngan,Bún ngan,nutrient_nang_luong,Năng lượng,energy_kcal,521.8,kcal,tat_ca_mon_an.xlsx,1,Näng luo'ng,"1 | Näng luo'ng | 521,8 | Kcal"
food_bun_ngan,Bún ngan,nutrient_chat_beo,Chất béo,fat_g,20.9,g,tat_ca_mon_an.xlsx,1,Chät béo,"3 | Chät béo | 20,9 | g"
food_bun_ngan,Bún ngan,nutrient_chat_bot_duong,Chất bột đường,carbohydrate_g,64.8,g,tat_ca_mon_an.xlsx,1,Chát böt áung,"4 |  Chát böt áung | 64,8 | g"
food_bun_ngan,Bún ngan,nutrient_vitamin_a,Vitamin A,vitamin_a_mcg,57.6,mcg,tat_ca_mon_an.xlsx,1,Vitamin A,"5 | Vitamin A | 57,6 | g"
food_bun_ngan,Bún ngan,nutrient_beta_carotene,Beta-carotene,beta_carotene_mcg,665.7,mcg,tat_ca_mon_an.xlsx,1,Beta-caroten,"6 | Beta-caroten | 665,7 | g"
food_bun_ngan,Bún ngan,nutrient_vitamin_c,Vitamin C,vitamin_c_mg,22.3,mg,tat_ca_mon_an.xlsx,1,Vitamin C,"7 | Vitamin C | 22,3 | mg"
food_bun_ngan,Bún ngan,nutrient_canxi,Canxi,calcium_mg,115.5,mg,tat_ca_mon_an.xlsx,1,Canxi,"8 | Canxi | 115,5 | mg"
food_bun_ngan,Bún ngan,nutrient_sat,Sắt,iron_mg,3.2,mg,tat_ca_mon_an.xlsx,1,sät,"6 | sät | 3,2 | mg"
food_bun_ngan,Bún ngan,nutrient_kem,Kẽm,zinc_mg,1.1,mg,tat_ca_mon_an.xlsx,1,Kém,"10 | Kém | 1,1 | mg"
food_bun_ngan,Bún ngan,nutrient_natri,Natri,sodium_mg,693.1,mg,tat_ca_mon_an.xlsx,1,Natri,"11 | Natri | 693,1 | mg"
food_bun_ngan,Bún ngan,nutrient_cholesterol,Cholesterol,cholesterol_mg,4.1,mg,tat_ca_mon_an.xlsx,1,Cholesterol,"12 | Cholesterol | 4,1 | mg"
food_bun_ngan,Bún ngan,nutrient_magie,Magie,magnesium_mg,16.2,mg,tat_ca_mon_an.xlsx,1,Magie,"13 | Magie | 16,2 | mg"
food_bun_rieu_cua_bo_gio,Bún riêu cua bò giò,nutrient_chat_beo,Chất béo,fat_g,23.3,g,tat_ca_mon_an.xlsx,1,Chät béo,"3 | Chät béo | 23,3 | g"
food_bun_rieu_cua_bo_gio,Bún riêu cua bò giò,nutrient_chat_bot_duong,Chất bột đường,carbohydrate_g,54.3,g,tat_ca_mon_an.xlsx,1,Chát böt áung,"4 |  Chát böt áung | 54,3 | g"
food_bun_rieu_cua_bo_gio,Bún riêu cua bò giò,nutrient_vitamin_a,Vitamin A,vitamin_a_mcg,6.9,mcg,tat_ca_mon_an.xlsx,1,Vitamin A,"5 | Vitamin A | 6,9 | g"
food_bun_rieu_cua_bo_gio,Bún riêu cua bò giò,nutrient_beta_carotene,Beta-carotene,beta_carotene_mcg,82.2,mcg,tat_ca_mon_an.xlsx,1,Beta-caroten,"6 | Beta-caroten | 82,2 | g"
food_bun_rieu_cua_bo_gio,Bún riêu cua bò giò,nutrient_vitamin_c,Vitamin C,vitamin_c_mg,3.7,mg,tat_ca_mon_an.xlsx,1,Vitamin C,"7 | Vitamin C | 3,7 | mg"
food_bun_rieu_cua_bo_gio,Bún riêu cua bò giò,nutrient_canxi,Canxi,calcium_mg,59.4,mg,tat_ca_mon_an.xlsx,1,Canxi,"8 | Canxi | 59,4 | mg"
food_bun_rieu_cua_bo_gio,Bún riêu cua bò giò,nutrient_sat,Sắt,iron_mg,2.3,mg,tat_ca_mon_an.xlsx,1,sät,"6 | sät | 2,3 | mg"
food_bun_rieu_cua_bo_gio,Bún riêu cua bò giò,nutrient_kem,Kẽm,zinc_mg,1.7,mg,tat_ca_mon_an.xlsx,1,Kém,"10 | Kém | 1,7 | mg"
food_bun_rieu_cua_bo_gio,Bún riêu cua bò giò,nutrient_natri,Natri,sodium_mg,20.5,mg,tat_ca_mon_an.xlsx,1,Natri,"11 |  Natri | 20,5 | mg"
food_bun_rieu_cua_bo_gio,Bún riêu cua bò giò,nutrient_cholesterol,Cholesterol,cholesterol_mg,23.4,mg,tat_ca_mon_an.xlsx,1,Cholesterol,"12 | Cholesterol | 23,4 | mg"
food_bun_rieu_cua_bo_gio,Bún riêu cua bò giò,nutrient_magie,Magie,magnesium_mg,25.6,mg,tat_ca_mon_an.xlsx,1,Magie,"13 | Magie | 25,6 | mg"
food_bun_rieu_cua,Bún riêu cua,nutrient_chat_dam,Chất đạm,protein_g,10.7,g,tat_ca_mon_an.xlsx,1,Chät dam,"2 |  Chät dam | 10,7 | g"
food_bun_rieu_cua,Bún riêu cua,nutrient_chat_beo,Chất béo,fat_g,6.6,g,tat_ca_mon_an.xlsx,1,Chät béo,"3 | Chät béo | 6,6 | g"
food_bun_rieu_cua,Bún riêu cua,nutrient_chat_bot_duong,Chất bột đường,carbohydrate_g,54.6,g,tat_ca_mon_an.xlsx,1,Chát böt áung,"4 |  Chát böt áung | 54,6 | g"
food_bun_rieu_cua,Bún riêu cua,nutrient_vitamin_a,Vitamin A,vitamin_a_mcg,75.6,mcg,tat_ca_mon_an.xlsx,1,Vitamin A,"5 | Vitamin A | 75,6 | g"
food_bun_rieu_cua,Bún riêu cua,nutrient_beta_carotene,Beta-carotene,beta_carotene_mcg,813.8,mcg,tat_ca_mon_an.xlsx,1,Beta-caroten,"6 | Beta-caroten | 813,8 | g"
food_bun_rieu_cua,Bún riêu cua,nutrient_vitamin_c,Vitamin C,vitamin_c_mg,27.9,mg,tat_ca_mon_an.xlsx,1,Vitamin C,"7 | Vitamin C | 27,9 | mg"
food_bun_rieu_cua,Bún riêu cua,nutrient_canxi,Canxi,calcium_mg,133.4,mg,tat_ca_mon_an.xlsx,1,Canxi,"8 | Canxi | 133,4 | mg"
food_bun_rieu_cua,Bún riêu cua,nutrient_sat,Sắt,iron_mg,2.2,mg,tat_ca_mon_an.xlsx,1,sät,"6 |  sät | 2,2 | mg"
food_bun_rieu_cua,Bún riêu cua,nutrient_natri,Natri,sodium_mg,2173.4,mg,tat_ca_mon_an.xlsx,1,Natri,"11 | Natri | 2.173,4 | mg"
food_bun_rieu_cua,Bún riêu cua,nutrient_cholesterol,Cholesterol,cholesterol_mg,52.4,mg,tat_ca_mon_an.xlsx,1,Cholesterol,"12 | Cholesterol | 52,4 | mg"
food_bun_rieu_cua,Bún riêu cua,nutrient_magie,Magie,magnesium_mg,26.2,mg,tat_ca_mon_an.xlsx,1,Magie,"13 | Magie | 26,2 | mg"
food_bun_thang_1,Bún thang (1),nutrient_chat_dam,Chất đạm,protein_g,16.1,g,tat_ca_mon_an.xlsx,1,Chät dam,"2 |  Chät dam | 16,1 | g"
food_bun_thang_1,Bún thang (1),nutrient_chat_beo,Chất béo,fat_g,7.5,g,tat_ca_mon_an.xlsx,1,Chät béo,"3 | Chät béo | 7,5 | g"
food_bun_thang_1,Bún thang (1),nutrient_chat_bot_duong,Chất bột đường,carbohydrate_g,39.1,g,tat_ca_mon_an.xlsx,1,Chát böt durng,"4 |  Chát böt durng | 39,1 | g"
food_bun_thang_1,Bún thang (1),nutrient_vitamin_a,Vitamin A,vitamin_a_mcg,96.0,mcg,tat_ca_mon_an.xlsx,1,Vitamin A,5 |  Vitamin A | 96 | g
food_bun_thang_1,Bún thang (1),nutrient_beta_carotene,Beta-carotene,beta_carotene_mcg,0.0,mcg,tat_ca_mon_an.xlsx,1,Beta-caroten,6 | Beta-caroten | 0 | g
food_bun_thang_1,Bún thang (1),nutrient_vitamin_c,Vitamin C,vitamin_c_mg,2.0,mg,tat_ca_mon_an.xlsx,1,Vitamin C,7 | Vitamin C | 2 | mg
food_bun_thang_1,Bún thang (1),nutrient_canxi,Canxi,calcium_mg,38.0,mg,tat_ca_mon_an.xlsx,1,Canxi,8 | Canxi | 38 | mg
food_bun_thang_1,Bún thang (1),nutrient_sat,Sắt,iron_mg,1.9,mg,tat_ca_mon_an.xlsx,1,sät,"6 | sät | 1,9 | mg"
food_bun_thang_1,Bún thang (1),nutrient_kem,Kẽm,zinc_mg,0.8,mg,tat_ca_mon_an.xlsx,1,Kém,"10 | Kém | 0,8 | mg"
food_bun_thang_1,Bún thang (1),nutrient_natri,Natri,sodium_mg,1662.0,mg,tat_ca_mon_an.xlsx,1,Natri,11 | Natri | 1.662 | mg
food_bun_thang_1,Bún thang (1),nutrient_cholesterol,Cholesterol,cholesterol_mg,61.0,mg,tat_ca_mon_an.xlsx,1,Cholesterol,12 | Cholesterol | 61 | mg
food_bun_thang_1,Bún thang (1),nutrient_kali,Kali,potassium_mg,105.2,mg,tat_ca_mon_an.xlsx,1,Kali,"13 |  Kali | 105,2 | mg"
food_bun_thang_1,Bún thang (1),nutrient_chat_xo,Chất xơ,fiber_g,1.1,g,tat_ca_mon_an.xlsx,1,Xo,"14 | Xo | 1,1 | 9"
food_bun_thang,Bún thang,nutrient_nang_luong,Năng lượng,energy_kcal,378.2,kcal,tat_ca_mon_an.xlsx,1,Näng luo'ng,"1 | Näng luo'ng | 378,2 | Kcal"
food_bun_thang,Bún thang,nutrient_chat_dam,Chất đạm,protein_g,27.9,g,tat_ca_mon_an.xlsx,1,Chät dam,"2 |  Chät dam | 27,9 | g"
food_bun_thang,Bún thang,nutrient_chat_beo,Chất béo,fat_g,9.4,g,tat_ca_mon_an.xlsx,1,Chät béo,"3 | Chät béo | 9,4 | g"
food_bun_thang,Bún thang,nutrient_chat_bot_duong,Chất bột đường,carbohydrate_g,45.6,g,tat_ca_mon_an.xlsx,1,Chát böt áung,"4 |  Chát böt áung | 45,6 | g"
food_bun_thang,Bún thang,nutrient_vitamin_a,Vitamin A,vitamin_a_mcg,50.0,mcg,tat_ca_mon_an.xlsx,1,Vitamin A,5 | Vitamin A | 50 | g
food_bun_thang,Bún thang,nutrient_beta_carotene,Beta-carotene,beta_carotene_mcg,320.7,mcg,tat_ca_mon_an.xlsx,1,Beta-caroten,"6 | Beta-caroten | 320,7 | g"
food_bun_thang,Bún thang,nutrient_vitamin_c,Vitamin C,vitamin_c_mg,15.1,mg,tat_ca_mon_an.xlsx,1,Vitamin C,"7 | Vitamin C | 15,1 | mg"
food_bun_thang,Bún thang,nutrient_canxi,Canxi,calcium_mg,121.7,mg,tat_ca_mon_an.xlsx,1,Canxi,"8 | Canxi | 121,7 | mg"
food_bun_thang,Bún thang,nutrient_sat,Sắt,iron_mg,1.5,mg,tat_ca_mon_an.xlsx,1,sät,"6 |  sät | 1,5 | mg"
food_bun_thang,Bún thang,nutrient_kem,Kẽm,zinc_mg,0.7,mg,tat_ca_mon_an.xlsx,1,Kém,"10 | Kém | 0,7 | mg"
food_bun_thang,Bún thang,nutrient_natri,Natri,sodium_mg,688.8,mg,tat_ca_mon_an.xlsx,1,Natri,"11 | Natri | 688,8 | mg"
food_bun_thang,Bún thang,nutrient_cholesterol,Cholesterol,cholesterol_mg,22.5,mg,tat_ca_mon_an.xlsx,1,Cholesterol,"12 | Cholesterol | 22,5 | mg"
food_bun_thang,Bún thang,nutrient_magie,Magie,magnesium_mg,22.4,mg,tat_ca_mon_an.xlsx,1,Magie,"13 | Magie | 22,4 | mg"
food_bun_vit,Bún vịt,nutrient_nang_luong,Năng lượng,energy_kcal,402.0,kcal,tat_ca_mon_an.xlsx,1,Näng luong,1 | Näng luong | 402 | Kcal
food_bun_vit,Bún vịt,nutrient_chat_dam,Chất đạm,protein_g,9.1,g,tat_ca_mon_an.xlsx,1,Chät dam,"2 | Chät dam | 9,1 | g"
food_bun_vit,Bún vịt,nutrient_chat_beo,Chất béo,fat_g,19.7,g,tat_ca_mon_an.xlsx,1,Chät béo,"3 | Chät béo | 19,7 | g"
food_bun_vit,Bún vịt,nutrient_chat_bot_duong,Chất bột đường,carbohydrate_g,47.1,g,tat_ca_mon_an.xlsx,1,Chát böt durng,"4 |  Chát böt durng | 47,1 | g"
food_bun_vit,Bún vịt,nutrient_vitamin_a,Vitamin A,vitamin_a_mcg,270.0,mcg,tat_ca_mon_an.xlsx,1,Vitamin A,5 |  Vitamin A | 270 | g
food_bun_vit,Bún vịt,nutrient_beta_carotene,Beta-carotene,beta_carotene_mcg,1370.0,mcg,tat_ca_mon_an.xlsx,1,Beta-caroten,6 | Beta-caroten | 1.370 | g
food_bun_vit,Bún vịt,nutrient_vitamin_c,Vitamin C,vitamin_c_mg,62.8,mg,tat_ca_mon_an.xlsx,1,Vitamin C,"7 | Vitamin C | 62,8 | mg"
food_bun_vit,Bún vịt,nutrient_canxi,Canxi,calcium_mg,46.6,mg,tat_ca_mon_an.xlsx,1,Canxi,"8 | Canxi | 46,6 | mg"
food_bun_vit,Bún vịt,nutrient_sat,Sắt,iron_mg,1.5,mg,tat_ca_mon_an.xlsx,1,sät,"6 | sät | 1,5 | mg"
food_bun_vit,Bún vịt,nutrient_kem,Kẽm,zinc_mg,2.8,mg,tat_ca_mon_an.xlsx,1,Kém,"10 | Kém | 2,8 | mg"
food_bun_vit,Bún vịt,nutrient_natri,Natri,sodium_mg,686.0,mg,tat_ca_mon_an.xlsx,1,Natri,11 |  Natri | 686 | mg
food_bun_vit,Bún vịt,nutrient_cholesterol,Cholesterol,cholesterol_mg,38.0,mg,tat_ca_mon_an.xlsx,1,Cholesterol,12 | Cholesterol | 38 | mg
food_bun_vit,Bún vịt,nutrient_kali,Kali,potassium_mg,129.0,mg,tat_ca_mon_an.xlsx,1,Kali,13 |  Kali | 129 | mg
food_bun_vit,Bún vịt,nutrient_chat_xo,Chất xơ,fiber_g,1.1,g,tat_ca_mon_an.xlsx,1,Xo,"14 | Xo | 1,1 | 9"
food_bun_dau_mam_tom,Bún đậu mắm tôm,nutrient_chat_beo,Chất béo,fat_g,51.7,g,tat_ca_mon_an.xlsx,1,Chät béo,"3 | Chät béo | 51,7 | g"
food_bun_dau_mam_tom,Bún đậu mắm tôm,nutrient_chat_bot_duong,Chất bột đường,carbohydrate_g,87.4,g,tat_ca_mon_an.xlsx,1,Chát böt áung,"4 |  Chát böt áung | 87,4 | g"
food_bun_dau_mam_tom,Bún đậu mắm tôm,nutrient_vitamin_a,Vitamin A,vitamin_a_mcg,55.7,mcg,tat_ca_mon_an.xlsx,1,Vitamin A,"5 | Vitamin A | 55,7 | g"
food_bun_dau_mam_tom,Bún đậu mắm tôm,nutrient_kali,Kali,potassium_mg,434.2,mg,tat_ca_mon_an.xlsx,1,Potassium,"6 |  Potassium | 434,2 | mg"
food_bun_dau_mam_tom,Bún đậu mắm tôm,nutrient_mufa_pufa,MUFA+PUFA,mufa_pufa_g,21.4,g,tat_ca_mon_an.xlsx,1,MUFA+PUFA,"7 | MUFA+PUFA | 21,4 | g"
food_bun_dau_mam_tom,Bún đậu mắm tôm,nutrient_canxi,Canxi,calcium_mg,636.4,mg,tat_ca_mon_an.xlsx,1,Canxi,"8 | Canxi | 636,4 | mg"
food_bun_dau_mam_tom,Bún đậu mắm tôm,nutrient_sat,Sắt,iron_mg,17.2,mg,tat_ca_mon_an.xlsx,1,sät,"6 |  sät | 17,2 | mg"
food_bun_dau_mam_tom,Bún đậu mắm tôm,nutrient_kem,Kẽm,zinc_mg,3.5,mg,tat_ca_mon_an.xlsx,1,Kém,"10 | Kém | 3,5 | mg"
food_bun_dau_mam_tom,Bún đậu mắm tôm,nutrient_natri,Natri,sodium_mg,881.3,mg,tat_ca_mon_an.xlsx,1,Natri,"11 | Natri | 881,3 | mg"
food_bun_dau_mam_tom,Bún đậu mắm tôm,nutrient_cholesterol,Cholesterol,cholesterol_mg,124.2,mg,tat_ca_mon_an.xlsx,1,Cholesterol,"12 | Cholesterol | 124,2 | mg"
food_bun_dau_mam_tom,Bún đậu mắm tôm,nutrient_magie,Magie,magnesium_mg,138.3,mg,tat_ca_mon_an.xlsx,1,Magie,"13 | Magie | 138,3 | mg"
food_bun_oc,Bún ốc,nutrient_chat_dam,Chất đạm,protein_g,72.9,g,tat_ca_mon_an.xlsx,1,Chät dam,"2 |  Chät dam | 72,9 | g"
food_bun_oc,Bún ốc,nutrient_chat_beo,Chất béo,fat_g,22.8,g,tat_ca_mon_an.xlsx,1,Chät béo,"3 | Chät béo | 22,8 | g"
food_bun_oc,Bún ốc,nutrient_chat_bot_duong,Chất bột đường,carbohydrate_g,95.4,g,tat_ca_mon_an.xlsx,1,Chát böt áung,"4 |  Chát böt áung | 95,4 | g"
food_bun_oc,Bún ốc,nutrient_vitamin_a,Vitamin A,vitamin_a_mcg,47.1,mcg,tat_ca_mon_an.xlsx,1,Vitamin A,"5 | Vitamin A | 47,1 | g"
food_bun_oc,Bún ốc,nutrient_beta_carotene,Beta-carotene,beta_carotene_mcg,542.6,mcg,tat_ca_mon_an.xlsx,1,Beta-caroten,"6 | Beta-caroten | 542,6 | g"
food_bun_oc,Bún ốc,nutrient_vitamin_c,Vitamin C,vitamin_c_mg,43.2,mg,tat_ca_mon_an.xlsx,1,Vitamin C,"7 | Vitamin C | 43,2 | mg"
food_bun_oc,Bún ốc,nutrient_canxi,Canxi,calcium_mg,165.2,mg,tat_ca_mon_an.xlsx,1,Canxi,"8 | Canxi | 165,2 | mg"
food_bun_oc,Bún ốc,nutrient_sat,Sắt,iron_mg,3.7,mg,tat_ca_mon_an.xlsx,1,sät,"6 |  sät | 3,7 | mg"
food_bun_oc,Bún ốc,nutrient_kem,Kẽm,zinc_mg,7.0,mg,tat_ca_mon_an.xlsx,1,Kém,10 | Kém | 7 | mg
food_bun_oc,Bún ốc,nutrient_natri,Natri,sodium_mg,1994.7,mg,tat_ca_mon_an.xlsx,1,Natri,"11 | Natri | 1.994,7 | mg"
food_bun_oc,Bún ốc,nutrient_cholesterol,Cholesterol,cholesterol_mg,34.9,mg,tat_ca_mon_an.xlsx,1,Cholesterol,"12 | Cholesterol | 34,9 | mg"
food_bun_oc,Bún ốc,nutrient_magie,Magie,magnesium_mg,37.9,mg,tat_ca_mon_an.xlsx,1,Magie,"13 | Magie | 37,9 | mg"
food_caramen,Caramen,nutrient_nang_luong,Năng lượng,energy_kcal,77.4,kcal,tat_ca_mon_an.xlsx,1,Näng luong,"1 | Näng luong | 77,4 | Kcal"
food_caramen,Caramen,nutrient_chat_dam,Chất đạm,protein_g,3.7,g,tat_ca_mon_an.xlsx,1,Chät dam,"2 |  Chät dam | 3,7 | g"
food_caramen,Caramen,nutrient_chat_beo,Chất béo,fat_g,2.9,g,tat_ca_mon_an.xlsx,1,Chät béo,"3 | Chät béo | 2,9 | g"
food_caramen,Caramen,nutrient_chat_bot_duong,Chất bột đường,carbohydrate_g,9.1,g,tat_ca_mon_an.xlsx,1,Chát böt dung,"4 |  Chát böt dung | 9,1 | g"
food_caramen,Caramen,nutrient_canxi,Canxi,calcium_mg,69.0,mg,tat_ca_mon_an.xlsx,1,Canxi,5 | Canxi | 69 | mg
food_caramen,Caramen,nutrient_sat,Sắt,iron_mg,0.7,mg,tat_ca_mon_an.xlsx,1,sät,"6 | sät | 0,7 | mg"
food_chao_long,Cháo lòng,nutrient_chat_dam,Chất đạm,protein_g,37.4,g,tat_ca_mon_an.xlsx,1,Chät dam,"2 |  Chät dam | 37,4 | g"
food_chao_long,Cháo lòng,nutrient_chat_beo,Chất béo,fat_g,15.9,g,tat_ca_mon_an.xlsx,1,Chät béo,"3 | Chät béo | 15,9 | g"
food_chao_long,Cháo lòng,nutrient_chat_bot_duong,Chất bột đường,carbohydrate_g,43.0,g,tat_ca_mon_an.xlsx,1,Chát böt áung,4 |  Chát böt áung | 43 | g
food_chao_long,Cháo lòng,nutrient_vitamin_a,Vitamin A,vitamin_a_mcg,2424.4,mcg,tat_ca_mon_an.xlsx,1,Vitamin A,"5 | Vitamin A | 2.424,4 | g"
food_chao_long,Cháo lòng,nutrient_beta_carotene,Beta-carotene,beta_carotene_mcg,806.4,mcg,tat_ca_mon_an.xlsx,1,Beta-caroten,"6 | Beta-caroten | 806,4 | g"
food_chao_long,Cháo lòng,nutrient_vitamin_c,Vitamin C,vitamin_c_mg,53.0,mg,tat_ca_mon_an.xlsx,1,Vitamin C,7 | Vitamin C | 53 | mg
food_chao_long,Cháo lòng,nutrient_canxi,Canxi,calcium_mg,109.5,mg,tat_ca_mon_an.xlsx,1,Canxi,"8 | Canxi | 109,5 | mg"
food_chao_long,Cháo lòng,nutrient_sat,Sắt,iron_mg,22.3,mg,tat_ca_mon_an.xlsx,1,sät,"6 |  sät | 22,3 | mg"
food_chao_long,Cháo lòng,nutrient_kem,Kẽm,zinc_mg,5.0,mg,tat_ca_mon_an.xlsx,1,Kém,10 | Kém | 5 | mg
food_chao_long,Cháo lòng,nutrient_natri,Natri,sodium_mg,2072.1,mg,tat_ca_mon_an.xlsx,1,Natri,"11 | Natri | 2.072,1 | mg"
food_chao_long,Cháo lòng,nutrient_cholesterol,Cholesterol,cholesterol_mg,220.6,mg,tat_ca_mon_an.xlsx,1,Cholesterol,"12 | Cholesterol | 220,6 | mg"
food_chao_long,Cháo lòng,nutrient_magie,Magie,magnesium_mg,85.3,mg,tat_ca_mon_an.xlsx,1,Magie,"13 | Magie | 85,3 | mg"
food_chao_suon,Cháo sườn,nutrient_chat_dam,Chất đạm,protein_g,7.8,g,tat_ca_mon_an.xlsx,1,Chät dam,"2 |  Chät dam | 7,8 | g"
food_chao_suon,Cháo sườn,nutrient_chat_beo,Chất béo,fat_g,6.9,g,tat_ca_mon_an.xlsx,1,Chät béo,"3 | Chät béo | 6,9 | g"
food_chao_suon,Cháo sườn,nutrient_chat_bot_duong,Chất bột đường,carbohydrate_g,26.7,g,tat_ca_mon_an.xlsx,1,Chát böt durng,"4 |  Chát böt durng | 26,7 | g"
food_chao_suon,Cháo sườn,nutrient_vitamin_a,Vitamin A,vitamin_a_mcg,3.6,mcg,tat_ca_mon_an.xlsx,1,Vitamin A,"5 |  Vitamin A | 3,6 | g"
food_chao_suon,Cháo sườn,nutrient_beta_carotene,Beta-carotene,beta_carotene_mcg,42.7,mcg,tat_ca_mon_an.xlsx,1,Beta-caroten,"6 | Beta-caroten | 42,7 | g"
food_chao_suon,Cháo sườn,nutrient_vitamin_c,Vitamin C,vitamin_c_mg,3.0,mg,tat_ca_mon_an.xlsx,1,Vitamin C,7 | Vitamin C | 3 | mg
food_chao_suon,Cháo sườn,nutrient_canxi,Canxi,calcium_mg,17.9,mg,tat_ca_mon_an.xlsx,1,Canxi,"8 | Canxi | 17,9 | mg"
food_chao_suon,Cháo sườn,nutrient_sat,Sắt,iron_mg,0.5,mg,tat_ca_mon_an.xlsx,1,sät,"6 | sät | 0,5 | mg"
food_chao_suon,Cháo sườn,nutrient_kem,Kẽm,zinc_mg,1.0,mg,tat_ca_mon_an.xlsx,1,Kém,10 | Kém | 1 | mg
food_chao_suon,Cháo sườn,nutrient_natri,Natri,sodium_mg,55.3,mg,tat_ca_mon_an.xlsx,1,Natri,"11 |  Natri | 55,3 | mg"
food_chao_suon,Cháo sườn,nutrient_cholesterol,Cholesterol,cholesterol_mg,11.5,mg,tat_ca_mon_an.xlsx,1,Cholesterol,"12 | Cholesterol | 11,5 | mg"
food_chao_suon,Cháo sườn,nutrient_magie,Magie,magnesium_mg,8.7,mg,tat_ca_mon_an.xlsx,1,Magie,"13 | Magie | 8,7 | mg"
food_chao_thit,Cháo thịt,nutrient_nang_luong,Năng lượng,energy_kcal,234.0,kcal,tat_ca_mon_an.xlsx,1,Näng luo'ng,1 | Näng luo'ng | 234 | Kcal
food_chao_thit,Cháo thịt,nutrient_chat_dam,Chất đạm,protein_g,12.7,g,tat_ca_mon_an.xlsx,1,Chät dam,"2 |  Chät dam | 12,7 | g"
food_chao_thit,Cháo thịt,nutrient_chat_beo,Chất béo,fat_g,3.9,g,tat_ca_mon_an.xlsx,1,Chät béo,"3 | Chät béo | 3,9 | g"
food_chao_thit,Cháo thịt,nutrient_chat_bot_duong,Chất bột đường,carbohydrate_g,37.0,g,tat_ca_mon_an.xlsx,1,Chát böt áung,4 |  Chát böt áung | 37 | g
food_chao_thit,Cháo thịt,nutrient_vitamin_a,Vitamin A,vitamin_a_mcg,38.3,mcg,tat_ca_mon_an.xlsx,1,Vitamin A,"5 |  Vitamin A | 38,3 | g"
food_chao_thit,Cháo thịt,nutrient_beta_carotene,Beta-carotene,beta_carotene_mcg,455.3,mcg,tat_ca_mon_an.xlsx,1,Beta-caroten,"6 | Beta-caroten | 455,3 | g"
food_chao_thit,Cháo thịt,nutrient_vitamin_c,Vitamin C,vitamin_c_mg,1.7,mg,tat_ca_mon_an.xlsx,1,Vitamin C,"7 | Vitamin C | 1,7 | mg"
food_chao_thit,Cháo thịt,nutrient_canxi,Canxi,calcium_mg,50.1,mg,tat_ca_mon_an.xlsx,1,Canxi,"8 | Canxi | 50,1 | mg"
food_chao_thit,Cháo thịt,nutrient_sat,Sắt,iron_mg,1.1,mg,tat_ca_mon_an.xlsx,1,sät,"6 | sät | 1,1 | mg"
food_chao_thit,Cháo thịt,nutrient_kem,Kẽm,zinc_mg,1.2,mg,tat_ca_mon_an.xlsx,1,Kém,"10 | Kém | 1,2 | mg"
food_chao_thit,Cháo thịt,nutrient_natri,Natri,sodium_mg,172.3,mg,tat_ca_mon_an.xlsx,1,Natri,"11 | Natri | 172,3 | mg"
food_chao_thit,Cháo thịt,nutrient_cholesterol,Cholesterol,cholesterol_mg,18.4,mg,tat_ca_mon_an.xlsx,1,Cholesterol,"12 | Cholesterol | 18,4 | mg"
food_chao_thit,Cháo thịt,nutrient_magie,Magie,magnesium_mg,27.1,mg,tat_ca_mon_an.xlsx,1,Magie,"13 | Magie | 27,1 | mg"
food_chao_oc_lon,Cháo óc lợn,nutrient_chat_dam,Chất đạm,protein_g,10.2,g,tat_ca_mon_an.xlsx,1,Chät dam,"2 | Chät dam | 10,2 | g"
food_chao_oc_lon,Cháo óc lợn,nutrient_chat_beo,Chất béo,fat_g,8.6,g,tat_ca_mon_an.xlsx,1,Chät béo,"3 | Chät béo | 8,6 | g"
food_chao_oc_lon,Cháo óc lợn,nutrient_chat_bot_duong,Chất bột đường,carbohydrate_g,23.2,g,tat_ca_mon_an.xlsx,1,Chát böt durng,"4 |  Chát böt durng | 23,2 | g"
food_chao_oc_lon,Cháo óc lợn,nutrient_vitamin_a,Vitamin A,vitamin_a_mcg,0.0,mcg,tat_ca_mon_an.xlsx,1,Vitamin A,5 |  Vitamin A | 0 | g
food_chao_oc_lon,Cháo óc lợn,nutrient_beta_carotene,Beta-carotene,beta_carotene_mcg,0.0,mcg,tat_ca_mon_an.xlsx,1,Beta-caroten,6 | Beta-caroten | 0 | g
food_chao_oc_lon,Cháo óc lợn,nutrient_vitamin_c,Vitamin C,vitamin_c_mg,0.0,mg,tat_ca_mon_an.xlsx,1,Vitamin C,7 | Vitamin C | 0 | mg
food_chao_oc_lon,Cháo óc lợn,nutrient_canxi,Canxi,calcium_mg,15.1,mg,tat_ca_mon_an.xlsx,1,Canxi,"8 | Canxi | 15,1 | mg"
food_chao_oc_lon,Cháo óc lợn,nutrient_sat,Sắt,iron_mg,1.8,mg,tat_ca_mon_an.xlsx,1,sät,"6 | sät | 1,8 | mg"
food_chao_oc_lon,Cháo óc lợn,nutrient_kem,Kẽm,zinc_mg,1.3,mg,tat_ca_mon_an.xlsx,1,Kém,"10 | Kém | 1,3 | mg"
food_chao_oc_lon,Cháo óc lợn,nutrient_natri,Natri,sodium_mg,243.7,mg,tat_ca_mon_an.xlsx,1,Natri,"11 | Natri | 243,7 | mg"
food_chao_oc_lon,Cháo óc lợn,nutrient_cholesterol,Cholesterol,cholesterol_mg,1575.0,mg,tat_ca_mon_an.xlsx,1,Cholesterol,12 | Cholesterol | 1.575 | mg
food_chao_oc_lon,Cháo óc lợn,nutrient_kali,Kali,potassium_mg,72.3,mg,tat_ca_mon_an.xlsx,1,Kali,"13 | Kali | 72,3 | mg"
food_chao_oc_lon,Cháo óc lợn,nutrient_chat_xo,Chất xơ,fiber_g,0.1,g,tat_ca_mon_an.xlsx,1,Xo,"14 | Xo | 0,1 | 9"
food_che_thai,Chè Thái,nutrient_nang_luong,Năng lượng,energy_kcal,123.0,kcal,tat_ca_mon_an.xlsx,1,Näng luo'ng,1 | Näng luo'ng | 123 | Kcal
food_che_thai,Chè Thái,nutrient_chat_beo,Chất béo,fat_g,2.5,g,tat_ca_mon_an.xlsx,1,Chät béo,"3 | Chät béo | 2,5 | g"
food_che_thai,Chè Thái,nutrient_chat_bot_duong,Chất bột đường,carbohydrate_g,20.6,g,tat_ca_mon_an.xlsx,1,Chát böt áung,"4 |  Chát böt áung | 20,6 | g"
food_che_thai,Chè Thái,nutrient_vitamin_a,Vitamin A,vitamin_a_mcg,28.0,mcg,tat_ca_mon_an.xlsx,1,Vitamin A,5 | Vitamin A | 28 | g
food_che_thai,Chè Thái,nutrient_beta_carotene,Beta-carotene,beta_carotene_mcg,11.9,mcg,tat_ca_mon_an.xlsx,1,Beta-caroten,"6 | Beta-caroten | 11,9 | g"
food_che_thai,Chè Thái,nutrient_vitamin_c,Vitamin C,vitamin_c_mg,0.5,mg,tat_ca_mon_an.xlsx,1,Vitamin C,"7 | Vitamin C | 0,5 | mg"
food_che_thai,Chè Thái,nutrient_canxi,Canxi,calcium_mg,181.7,mg,tat_ca_mon_an.xlsx,1,Calcium,"8 | Calcium | 181,7 | mg"
food_che_thai,Chè Thái,nutrient_sat,Sắt,iron_mg,1.2,mg,tat_ca_mon_an.xlsx,1,Iron,"6 | Iron | 1,2 | mg"
food_che_thai,Chè Thái,nutrient_kem,Kẽm,zinc_mg,1.0,mg,tat_ca_mon_an.xlsx,1,Zinc,10 | Zinc | 1 | mg
food_che_thai,Chè Thái,nutrient_natri,Natri,sodium_mg,216.5,mg,tat_ca_mon_an.xlsx,1,Natri,"11 | Natri | 216,5 | mg"
food_che_thai,Chè Thái,nutrient_cholesterol,Cholesterol,cholesterol_mg,22.7,mg,tat_ca_mon_an.xlsx,1,Cholesterol,"12 | Cholesterol | 22,7 | mg"
food_che_thai,Chè Thái,nutrient_magie,Magie,magnesium_mg,93.1,mg,tat_ca_mon_an.xlsx,1,Magnesium,"13 | Magnesium | 93,1 | mg"
food_che_khuc_bach,Chè khúc bạch,nutrient_nang_luong,Năng lượng,energy_kcal,284.5,kcal,tat_ca_mon_an.xlsx,1,Näng luo'ng,"1 | Näng luo'ng | 284,5 | Kcal"
food_che_khuc_bach,Chè khúc bạch,nutrient_chat_beo,Chất béo,fat_g,13.9,g,tat_ca_mon_an.xlsx,1,Chät béo,"3 | Chät béo | 13,9 | g"
food_che_khuc_bach,Chè khúc bạch,nutrient_chat_bot_duong,Chất bột đường,carbohydrate_g,31.6,g,tat_ca_mon_an.xlsx,1,Chát böt áung,"4 |  Chát böt áung | 31,6 | g"
food_che_khuc_bach,Chè khúc bạch,nutrient_vitamin_a,Vitamin A,vitamin_a_mcg,51.8,mcg,tat_ca_mon_an.xlsx,1,Vitamin A,"5 |  Vitamin A | 51,8 | g"
food_che_khuc_bach,Chè khúc bạch,nutrient_beta_carotene,Beta-carotene,beta_carotene_mcg,22.0,mcg,tat_ca_mon_an.xlsx,1,Beta-caroten,6 | Beta-caroten | 22 | g
food_che_khuc_bach,Chè khúc bạch,nutrient_vitamin_c,Vitamin C,vitamin_c_mg,21.3,mg,tat_ca_mon_an.xlsx,1,Vitamin C,"7 | Vitamin C | 21,3 | mg"
food_che_khuc_bach,Chè khúc bạch,nutrient_canxi,Canxi,calcium_mg,187.6,mg,tat_ca_mon_an.xlsx,1,Canxi,"8 | Canxi | 187,6 | mg"
food_che_khuc_bach,Chè khúc bạch,nutrient_sat,Sắt,iron_mg,1.0,mg,tat_ca_mon_an.xlsx,1,sät,6 | sät | 1 | mg
food_che_khuc_bach,Chè khúc bạch,nutrient_kem,Kẽm,zinc_mg,1.1,mg,tat_ca_mon_an.xlsx,1,Kém,"10 | Kém | 1,1 | mg"
food_che_khuc_bach,Chè khúc bạch,nutrient_natri,Natri,sodium_mg,389.1,mg,tat_ca_mon_an.xlsx,1,Natri,"11 | Natri | 389,1 | mg"
food_che_khuc_bach,Chè khúc bạch,nutrient_cholesterol,Cholesterol,cholesterol_mg,42.0,mg,tat_ca_mon_an.xlsx,1,Cholesterol,12 | Cholesterol | 42 | mg
food_che_khuc_bach,Chè khúc bạch,nutrient_magie,Magie,magnesium_mg,70.8,mg,tat_ca_mon_an.xlsx,1,Magie,"13 | Magie | 70,8 | mg"
food_che_thap_cam,Chè thập cẩm,nutrient_nang_luong,Năng lượng,energy_kcal,442.0,kcal,tat_ca_mon_an.xlsx,1,Näng luo'ng,1 | Näng luo'ng | 442 | Kcal
food_che_thap_cam,Chè thập cẩm,nutrient_chat_beo,Chất béo,fat_g,6.2,g,tat_ca_mon_an.xlsx,1,Chät béo,"3 | Chät béo | 6,2 | g"
food_che_thap_cam,Chè thập cẩm,nutrient_chat_bot_duong,Chất bột đường,carbohydrate_g,83.3,g,tat_ca_mon_an.xlsx,1,Chát böt áung,"4 |  Chát böt áung | 83,3 | g"
food_che_thap_cam,Chè thập cẩm,nutrient_vitamin_a,Vitamin A,vitamin_a_mcg,1.1,mcg,tat_ca_mon_an.xlsx,1,Vitamin A,"5 | Vitamin A | 1,1 | g"
food_che_thap_cam,Chè thập cẩm,nutrient_beta_carotene,Beta-carotene,beta_carotene_mcg,13.5,mcg,tat_ca_mon_an.xlsx,1,Beta-caroten,"6 | Beta-caroten | 13,5 | g"
food_che_thap_cam,Chè thập cẩm,nutrient_vitamin_c,Vitamin C,vitamin_c_mg,1.2,mg,tat_ca_mon_an.xlsx,1,Vitamin C,"7 | Vitamin C | 1,2 | mg"
food_che_thap_cam,Chè thập cẩm,nutrient_canxi,Canxi,calcium_mg,144.5,mg,tat_ca_mon_an.xlsx,1,Canxi,"8 | Canxi | 144,5 | mg"
food_che_thap_cam,Chè thập cẩm,nutrient_sat,Sắt,iron_mg,7.9,mg,tat_ca_mon_an.xlsx,1,sät,"6 | sät | 7,9 | mg"
food_che_thap_cam,Chè thập cẩm,nutrient_kem,Kẽm,zinc_mg,1.9,mg,tat_ca_mon_an.xlsx,1,Kém,"10 | Kém | 1,9 | mg"
food_che_thap_cam,Chè thập cẩm,nutrient_natri,Natri,sodium_mg,19.1,mg,tat_ca_mon_an.xlsx,1,Natri,"11 | Natri | 19,1 | mg"
food_che_thap_cam,Chè thập cẩm,nutrient_cholesterol,Cholesterol,cholesterol_mg,0.6,mg,tat_ca_mon_an.xlsx,1,Cholesterol,"12 | Cholesterol | 0,6 | mg"
food_che_thap_cam,Chè thập cẩm,nutrient_magie,Magie,magnesium_mg,151.4,mg,tat_ca_mon_an.xlsx,1,Magie,"13 | Magie | 151,4 | mg"
food_che_xoai,Chè xoài,nutrient_chat_dam,Chất đạm,protein_g,3.1,g,tat_ca_mon_an.xlsx,1,Chät dam,"2 | Chät dam | 3,1 | g"
food_che_xoai,Chè xoài,nutrient_chat_beo,Chất béo,fat_g,2.3,g,tat_ca_mon_an.xlsx,1,Chät béo,"3 | Chät béo | 2,3 | g"
food_che_xoai,Chè xoài,nutrient_chat_bot_duong,Chất bột đường,carbohydrate_g,29.7,g,tat_ca_mon_an.xlsx,1,Chát böt áung,"4 |  Chát böt áung | 29,7 | g"
food_che_xoai,Chè xoài,nutrient_vitamin_a,Vitamin A,vitamin_a_mcg,49.2,mcg,tat_ca_mon_an.xlsx,1,Vitamin A,"5 |  Vitamin A | 49,2 | g"
food_che_xoai,Chè xoài,nutrient_beta_carotene,Beta-carotene,beta_carotene_mcg,373.8,mcg,tat_ca_mon_an.xlsx,1,Beta-caroten,"6 | Beta-caroten | 373,8 | g"
food_che_xoai,Chè xoài,nutrient_vitamin_c,Vitamin C,vitamin_c_mg,25.8,mg,tat_ca_mon_an.xlsx,1,Vitamin C,"7 | Vitamin C | 25,8 | mg"
food_che_xoai,Chè xoài,nutrient_canxi,Canxi,calcium_mg,109.4,mg,tat_ca_mon_an.xlsx,1,Canxi,"8 | Canxi | 109,4 | mg"
food_che_xoai,Chè xoài,nutrient_sat,Sắt,iron_mg,0.8,mg,tat_ca_mon_an.xlsx,1,sät,"6 | sät | 0,8 | mg"
food_che_xoai,Chè xoài,nutrient_kem,Kẽm,zinc_mg,0.9,mg,tat_ca_mon_an.xlsx,1,Kém,"10 | Kém | 0,9 | mg"
food_che_xoai,Chè xoài,nutrient_natri,Natri,sodium_mg,34.8,mg,tat_ca_mon_an.xlsx,1,Natri,"11 | Natri | 34,8 | mg"
food_che_xoai,Chè xoài,nutrient_cholesterol,Cholesterol,cholesterol_mg,7.8,mg,tat_ca_mon_an.xlsx,1,Cholesterol,"12 | Cholesterol | 7,8 | mg"
food_che_xoai,Chè xoài,nutrient_magie,Magie,magnesium_mg,41.7,mg,tat_ca_mon_an.xlsx,1,Magie,"13 | Magie | 41,7 | mg"
food_ca_phao_muoi,Cà pháo muối,nutrient_chat_dam,Chất đạm,protein_g,0.7,g,tat_ca_mon_an.xlsx,1,Chät &am,"2 | Chät &am | 0,7 | g"
food_ca_phao_muoi,Cà pháo muối,nutrient_chat_bot_duong,Chất bột đường,carbohydrate_g,1.1,g,tat_ca_mon_an.xlsx,1,Chát böt durng,"4 |  Chát böt durng | 1,1 | g"
food_ca_phao_muoi,Cà pháo muối,nutrient_beta_carotene,Beta-carotene,beta_carotene_mcg,22.0,mcg,tat_ca_mon_an.xlsx,1,Beta-caroten,6 | Beta-caroten | 22 | g
food_ca_phao_muoi,Cà pháo muối,nutrient_canxi,Canxi,calcium_mg,8.3,mg,tat_ca_mon_an.xlsx,1,Canxi,"8 | Canxi | 8,3 | mg"
food_ca_phao_muoi,Cà pháo muối,nutrient_sat,Sắt,iron_mg,0.4,mg,tat_ca_mon_an.xlsx,1,sät,"6 | sät | 0,4 | mg"
food_ca_phao_muoi,Cà pháo muối,nutrient_natri,Natri,sodium_mg,406.0,mg,tat_ca_mon_an.xlsx,1,Natri,11 | Natri | 406 | mg
food_ca_phao_muoi,Cà pháo muối,nutrient_chat_xo,Chất xơ,fiber_g,0.9,g,tat_ca_mon_an.xlsx,1,Xo,"14 | Xo | 0,9 | 9"
food_ca_ngu_song,Cá ngừ sống,nutrient_nang_luong,Năng lượng,energy_kcal,118.0,kcal,tat_ca_mon_an.xlsx,1,Nang luang,1 |  Nang luang | 118 | Kcal
food_ca_ngu_song,Cá ngừ sống,nutrient_chat_dam,Chất đạm,protein_g,19.4,g,tat_ca_mon_an.xlsx,1,Chät dam,"2 | Chät dam | 19,4 | g"
food_ca_ngu_song,Cá ngừ sống,nutrient_chat_beo,Chất béo,fat_g,4.5,g,tat_ca_mon_an.xlsx,1,Chät béo,"3 | Chät béo | 4,5 | g"
food_ca_ngu_song,Cá ngừ sống,nutrient_chat_bot_duong,Chất bột đường,carbohydrate_g,0.0,g,tat_ca_mon_an.xlsx,1,Chát böt durng,4 |  Chát böt durng | 0 | g
food_ca_ngu_song,Cá ngừ sống,nutrient_vitamin_a,Vitamin A,vitamin_a_mcg,20.0,mcg,tat_ca_mon_an.xlsx,1,Vitamin A,5 |  Vitamin A | 20 | g
food_ca_ngu_song,Cá ngừ sống,nutrient_vitamin_c,Vitamin C,vitamin_c_mg,0.0,mg,tat_ca_mon_an.xlsx,1,Vitamin C,7 | Vitamin C | 0 | mg
food_ca_ngu_song,Cá ngừ sống,nutrient_canxi,Canxi,calcium_mg,80.0,mg,tat_ca_mon_an.xlsx,1,Canxi,8 | Canxi | 80 | mg
food_ca_ngu_song,Cá ngừ sống,nutrient_sat,Sắt,iron_mg,3.0,mg,tat_ca_mon_an.xlsx,1,sät,6 | sät | 3 | mg
food_ca_ngu_song,Cá ngừ sống,nutrient_kem,Kẽm,zinc_mg,0.5,mg,tat_ca_mon_an.xlsx,1,Kém,"10 | Kém | 0,5 | mg"
food_ca_ngu_song,Cá ngừ sống,nutrient_natri,Natri,sodium_mg,100.0,mg,tat_ca_mon_an.xlsx,1,Natri,11 | Natri | 100 | mg
food_ca_ngu_song,Cá ngừ sống,nutrient_cholesterol,Cholesterol,cholesterol_mg,0.0,mg,tat_ca_mon_an.xlsx,1,Cholesterol,12 | Cholesterol | 0 | mg
food_ca_ngu_song,Cá ngừ sống,nutrient_kali,Kali,potassium_mg,0.0,mg,tat_ca_mon_an.xlsx,1,Kali,13 |  Kali | 0 | mg
food_ca_ngu_song,Cá ngừ sống,nutrient_chat_xo,Chất xơ,fiber_g,0.0,g,tat_ca_mon_an.xlsx,1,Xo,14 | Xo | 0 | 9
food_com_hen,Cơm hến,nutrient_nang_luong,Năng lượng,energy_kcal,291.0,kcal,tat_ca_mon_an.xlsx,1,Näng luong,1 | Näng luong | 291 | Kcal
food_com_hen,Cơm hến,nutrient_chat_dam,Chất đạm,protein_g,18.0,g,tat_ca_mon_an.xlsx,1,Chät dam,2 |  Chät dam | 18 | g
food_com_hen,Cơm hến,nutrient_chat_beo,Chất béo,fat_g,6.3,g,tat_ca_mon_an.xlsx,1,Chät béo,"3 | Chät béo | 6,3 | g"
food_com_hen,Cơm hến,nutrient_chat_bot_duong,Chất bột đường,carbohydrate_g,40.1,g,tat_ca_mon_an.xlsx,1,Chát böt durng,"4 |  Chát böt durng | 40,1 | g"
food_com_hen,Cơm hến,nutrient_beta_carotene,Beta-carotene,beta_carotene_mcg,33.4,mcg,tat_ca_mon_an.xlsx,1,Beta-caroten,"6 | Beta-caroten | 33,4 | g"
food_com_hen,Cơm hến,nutrient_vitamin_c,Vitamin C,vitamin_c_mg,12.4,mg,tat_ca_mon_an.xlsx,1,Vitamin C,"7 | Vitamin C | 12,4 | mg"
food_com_hen,Cơm hến,nutrient_canxi,Canxi,calcium_mg,74.4,mg,tat_ca_mon_an.xlsx,1,Canxi,"8 | Canxi | 74,4 | mg"
food_com_hen,Cơm hến,nutrient_sat,Sắt,iron_mg,3.3,mg,tat_ca_mon_an.xlsx,1,sät,"6 | sät | 3,3 | mg"
food_com_hen,Cơm hến,nutrient_kem,Kẽm,zinc_mg,1.0,mg,tat_ca_mon_an.xlsx,1,Kém,"10 | Kém | 1,0 | mg"
food_com_hen,Cơm hến,nutrient_natri,Natri,sodium_mg,713.4,mg,tat_ca_mon_an.xlsx,1,Natri,"11 |  Natri | 713,4 | mg"
food_com_hen,Cơm hến,nutrient_kali,Kali,potassium_mg,473.3,mg,tat_ca_mon_an.xlsx,1,Kali,"12 | Kali | 473,3 | mg"
food_com_rang_thap_cam,Cơm rang thập cẩm,nutrient_chat_dam,Chất đạm,protein_g,19.9,g,tat_ca_mon_an.xlsx,1,Chät dam,"2 | Chät dam | 19,9 | g"
food_com_rang_thap_cam,Cơm rang thập cẩm,nutrient_chat_beo,Chất béo,fat_g,21.9,g,tat_ca_mon_an.xlsx,1,Chät béo,"3 | Chät béo | 21,9 | g"
food_com_rang_thap_cam,Cơm rang thập cẩm,nutrient_chat_bot_duong,Chất bột đường,carbohydrate_g,86.6,g,tat_ca_mon_an.xlsx,1,Chát böt durng,"4 |  Chát böt durng | 86,6 | g"
food_com_rang_thap_cam,Cơm rang thập cẩm,nutrient_vitamin_a,Vitamin A,vitamin_a_mcg,108.0,mcg,tat_ca_mon_an.xlsx,1,Vitamin A,5 | Vitamin A | 108 | g
food_com_rang_thap_cam,Cơm rang thập cẩm,nutrient_chat_xo,Chất xơ,fiber_g,1.5,g,tat_ca_mon_an.xlsx,1,Xo,"6 | Xo | 1,5 | g"
food_com_rang_thap_cam,Cơm rang thập cẩm,nutrient_beta_carotene,Beta-carotene,beta_carotene_mcg,1545.0,mcg,tat_ca_mon_an.xlsx,1,Beta-caroten,7 | Beta-caroten | 1.545 | g
food_com_rang_thap_cam,Cơm rang thập cẩm,nutrient_canxi,Canxi,calcium_mg,106.0,mg,tat_ca_mon_an.xlsx,1,Canxi,8 | Canxi | 106 | mg
food_com_rang_thap_cam,Cơm rang thập cẩm,nutrient_sat,Sắt,iron_mg,3.1,mg,tat_ca_mon_an.xlsx,1,sät,"6 | sät | 3,1 | mg"
food_com_rang_thap_cam,Cơm rang thập cẩm,nutrient_kem,Kẽm,zinc_mg,2.0,mg,tat_ca_mon_an.xlsx,1,Kém,"10 | Kém | 2,0 | mg"
food_com_rang_thap_cam,Cơm rang thập cẩm,nutrient_natri,Natri,sodium_mg,1295.0,mg,tat_ca_mon_an.xlsx,1,Natri,11 | Natri | 1.295 | mg
food_com_rang_thap_cam,Cơm rang thập cẩm,nutrient_cholesterol,Cholesterol,cholesterol_mg,280.0,mg,tat_ca_mon_an.xlsx,1,Cholesterol,12 | Cholesterol | 280 | mg
food_com_rang_thap_cam,Cơm rang thập cẩm,nutrient_kali,Kali,potassium_mg,397.0,mg,tat_ca_mon_an.xlsx,1,Kali,13 |  Kali | 397 | mg
food_com_rang_thap_cam,Cơm rang thập cẩm,nutrient_vitamin_c,Vitamin C,vitamin_c_mg,2.0,mg,tat_ca_mon_an.xlsx,1,Vitamin C,14 | Vitamin C | 2 | mg
food_com_suat_van_phong_thit_ba_chi_dau_phu,"Cơm suất văn phòng (Thịt ba chỉ, đậu phụ)",nutrient_chat_dam,Chất đạm,protein_g,26.0,g,tat_ca_mon_an.xlsx,1,Chät dam,2 | Chät dam | 26 | g
food_com_suat_van_phong_thit_ba_chi_dau_phu,"Cơm suất văn phòng (Thịt ba chỉ, đậu phụ)",nutrient_chat_beo,Chất béo,fat_g,24.0,g,tat_ca_mon_an.xlsx,1,Chät béo,3 | Chät béo | 24 | g
food_com_suat_van_phong_thit_ba_chi_dau_phu,"Cơm suất văn phòng (Thịt ba chỉ, đậu phụ)",nutrient_chat_bot_duong,Chất bột đường,carbohydrate_g,90.0,g,tat_ca_mon_an.xlsx,1,Chát böt durng,4 |  Chát böt durng | 90 | g
food_com_suat_van_phong_thit_ba_chi_dau_phu,"Cơm suất văn phòng (Thịt ba chỉ, đậu phụ)",nutrient_beta_carotene,Beta-carotene,beta_carotene_mcg,1005.0,mcg,tat_ca_mon_an.xlsx,1,Beta-caroten,6 | Beta-caroten | 1.005 | g
food_com_suat_van_phong_thit_ba_chi_dau_phu,"Cơm suất văn phòng (Thịt ba chỉ, đậu phụ)",nutrient_vitamin_c,Vitamin C,vitamin_c_mg,17.0,mg,tat_ca_mon_an.xlsx,1,Vitamin C,7 | Vitamin C | 17 | mg
food_com_suat_van_phong_thit_ba_chi_dau_phu,"Cơm suất văn phòng (Thịt ba chỉ, đậu phụ)",nutrient_canxi,Canxi,calcium_mg,147.0,mg,tat_ca_mon_an.xlsx,1,Canxi,8 | Canxi | 147 | mg
food_com_suat_van_phong_thit_ba_chi_dau_phu,"Cơm suất văn phòng (Thịt ba chỉ, đậu phụ)",nutrient_sat,Sắt,iron_mg,5.4,mg,tat_ca_mon_an.xlsx,1,sät,"6 | sät | 5,4 | mg"
food_com_suat_van_phong_thit_ba_chi_dau_phu,"Cơm suất văn phòng (Thịt ba chỉ, đậu phụ)",nutrient_kem,Kẽm,zinc_mg,3.6,mg,tat_ca_mon_an.xlsx,1,Kém,"10 | Kém | 3,6 | mg"
food_com_suat_van_phong_thit_ba_chi_dau_phu,"Cơm suất văn phòng (Thịt ba chỉ, đậu phụ)",nutrient_natri,Natri,sodium_mg,2732.0,mg,tat_ca_mon_an.xlsx,1,Natri,11 | Natri | 2.732 | mg
food_com_suat_van_phong_thit_ba_chi_dau_phu,"Cơm suất văn phòng (Thịt ba chỉ, đậu phụ)",nutrient_cholesterol,Cholesterol,cholesterol_mg,49.0,mg,tat_ca_mon_an.xlsx,1,Cholesterol,12 | Cholesterol | 49 | mg
food_com_suat_van_phong_thit_ba_chi_dau_phu,"Cơm suất văn phòng (Thịt ba chỉ, đậu phụ)",nutrient_chat_xo,Chất xơ,fiber_g,3.0,g,tat_ca_mon_an.xlsx,1,Xo,13 | Xo | 3 | g
food_com_suat_van_phong_thit_ba_chi_dau_phu,"Cơm suất văn phòng (Thịt ba chỉ, đậu phụ)",nutrient_kali,Kali,potassium_mg,628.0,mg,tat_ca_mon_an.xlsx,1,Kali,14 | Kali | 628 | mg
food_com_suat_van_phong_thit_nac_vai_su_hao,"Cơm suất văn phòng (Thịt nạc vai, su hào)",nutrient_nang_luong,Năng lượng,energy_kcal,650.0,kcal,tat_ca_mon_an.xlsx,1,Näng luo'ng,1 | Näng luo'ng | 650 | Kcal
food_com_suat_van_phong_thit_nac_vai_su_hao,"Cơm suất văn phòng (Thịt nạc vai, su hào)",nutrient_chat_beo,Chất béo,fat_g,18.9,g,tat_ca_mon_an.xlsx,1,Chät béo,"3 | Chät béo | 18,9 | g"
food_com_suat_van_phong_thit_nac_vai_su_hao,"Cơm suất văn phòng (Thịt nạc vai, su hào)",nutrient_chat_bot_duong,Chất bột đường,carbohydrate_g,94.9,g,tat_ca_mon_an.xlsx,1,Chát böt áung,"4 |  Chát böt áung | 94,9 | g"
food_com_suat_van_phong_thit_nac_vai_su_hao,"Cơm suất văn phòng (Thịt nạc vai, su hào)",nutrient_beta_carotene,Beta-carotene,beta_carotene_mcg,580.0,mcg,tat_ca_mon_an.xlsx,1,Beta-caroten,6 | Beta-caroten | 580 | mg
food_com_suat_van_phong_thit_nac_vai_su_hao,"Cơm suất văn phòng (Thịt nạc vai, su hào)",nutrient_vitamin_c,Vitamin C,vitamin_c_mg,49.0,mg,tat_ca_mon_an.xlsx,1,Vitamin C,7 | Vitamin C | 49 | mg
food_com_suat_van_phong_thit_nac_vai_su_hao,"Cơm suất văn phòng (Thịt nạc vai, su hào)",nutrient_canxi,Canxi,calcium_mg,121.0,mg,tat_ca_mon_an.xlsx,1,Canxi,8 | Canxi | 121 | mg
food_com_suat_van_phong_thit_nac_vai_su_hao,"Cơm suất văn phòng (Thịt nạc vai, su hào)",nutrient_sat,Sắt,iron_mg,2.9,mg,tat_ca_mon_an.xlsx,1,sät,"6 | sät | 2,9 | mg"
food_com_suat_van_phong_thit_nac_vai_su_hao,"Cơm suất văn phòng (Thịt nạc vai, su hào)",nutrient_kem,Kẽm,zinc_mg,5.1,mg,tat_ca_mon_an.xlsx,1,Kém,10 | Kém | 510 | mg
food_com_suat_van_phong_thit_nac_vai_su_hao,"Cơm suất văn phòng (Thịt nạc vai, su hào)",nutrient_natri,Natri,sodium_mg,1892.0,mg,tat_ca_mon_an.xlsx,1,Natri,11 | Natri | 1.892 | mg
food_com_suat_van_phong_thit_nac_vai_su_hao,"Cơm suất văn phòng (Thịt nạc vai, su hào)",nutrient_cholesterol,Cholesterol,cholesterol_mg,47.0,mg,tat_ca_mon_an.xlsx,1,Cholesterol,12 | Cholesterol | 47 | mg
food_com_suat_van_phong_thit_nac_vai_su_hao,"Cơm suất văn phòng (Thịt nạc vai, su hào)",nutrient_kali,Kali,potassium_mg,851.0,mg,tat_ca_mon_an.xlsx,1,Kali,13 | Kali | 851 | mg
food_com_suat_van_phong_thit_nac_vai_dau_phu,"Cơm suất văn phòng (Thịt nạc vai, đậu phụ)",nutrient_nang_luong,Năng lượng,energy_kcal,759.0,kcal,tat_ca_mon_an.xlsx,1,Näng luo'ng,1 | Näng luo'ng | 759 | Kcal
food_com_suat_van_phong_thit_nac_vai_dau_phu,"Cơm suất văn phòng (Thịt nạc vai, đậu phụ)",nutrient_chat_beo,Chất béo,fat_g,26.3,g,tat_ca_mon_an.xlsx,1,Chät béo,"3 | Chät béo | 26,3 | g"
food_com_suat_van_phong_thit_nac_vai_dau_phu,"Cơm suất văn phòng (Thịt nạc vai, đậu phụ)",nutrient_chat_bot_duong,Chất bột đường,carbohydrate_g,100.7,g,tat_ca_mon_an.xlsx,1,Chát böt áung,"4 |  Chát böt áung | 100,7 | g"
food_com_suat_van_phong_thit_nac_vai_dau_phu,"Cơm suất văn phòng (Thịt nạc vai, đậu phụ)",nutrient_beta_carotene,Beta-carotene,beta_carotene_mcg,5225.0,mcg,tat_ca_mon_an.xlsx,1,Beta-caroten,6 | Beta-caroten | 5.225 | g
food_com_suat_van_phong_thit_nac_vai_dau_phu,"Cơm suất văn phòng (Thịt nạc vai, đậu phụ)",nutrient_vitamin_c,Vitamin C,vitamin_c_mg,69.0,mg,tat_ca_mon_an.xlsx,1,Vitamin C,7 | Vitamin C | 69 | mg
food_com_suat_van_phong_thit_nac_vai_dau_phu,"Cơm suất văn phòng (Thịt nạc vai, đậu phụ)",nutrient_canxi,Canxi,calcium_mg,151.0,mg,tat_ca_mon_an.xlsx,1,Canxi,8 | Canxi | 151 | mg
food_com_suat_van_phong_thit_nac_vai_dau_phu,"Cơm suất văn phòng (Thịt nạc vai, đậu phụ)",nutrient_sat,Sắt,iron_mg,5.2,mg,tat_ca_mon_an.xlsx,1,sät,"6 | sät | 5,2 | mg"
food_com_suat_van_phong_thit_nac_vai_dau_phu,"Cơm suất văn phòng (Thịt nạc vai, đậu phụ)",nutrient_kem,Kẽm,zinc_mg,6.0,mg,tat_ca_mon_an.xlsx,1,Kém,"10 | Kém | 6,0 | mg"
food_com_suat_van_phong_thit_nac_vai_dau_phu,"Cơm suất văn phòng (Thịt nạc vai, đậu phụ)",nutrient_natri,Natri,sodium_mg,2059.0,mg,tat_ca_mon_an.xlsx,1,Natri,11 | Natri | 2.059 | mg
food_com_suat_van_phong_thit_nac_vai_dau_phu,"Cơm suất văn phòng (Thịt nạc vai, đậu phụ)",nutrient_cholesterol,Cholesterol,cholesterol_mg,44.0,mg,tat_ca_mon_an.xlsx,1,Cholesterol,12 | Cholesterol | 44 | mg
food_com_suat_van_phong_thit_nac_vai_dau_phu,"Cơm suất văn phòng (Thịt nạc vai, đậu phụ)",nutrient_kali,Kali,potassium_mg,893.0,mg,tat_ca_mon_an.xlsx,1,Kali,13 | Kali | 893 | mg
food_com_suon,Cơm sườn,nutrient_nang_luong,Năng lượng,energy_kcal,616.0,kcal,tat_ca_mon_an.xlsx,1,Näng luo'ng,1 | Näng luo'ng | 616 | Kcal
food_com_suon,Cơm sườn,nutrient_chat_beo,Chất béo,fat_g,16.2,g,tat_ca_mon_an.xlsx,1,Chät béo,"3 | Chät béo | 16,2 | g"
food_com_suon,Cơm sườn,nutrient_chat_bot_duong,Chất bột đường,carbohydrate_g,93.0,g,tat_ca_mon_an.xlsx,1,Chát böt áung,4 |  Chát böt áung | 93 | g
food_com_suon,Cơm sườn,nutrient_beta_carotene,Beta-carotene,beta_carotene_mcg,531.0,mcg,tat_ca_mon_an.xlsx,1,Beta-caroten,6 | Beta-caroten | 531 | g
food_com_suon,Cơm sườn,nutrient_vitamin_c,Vitamin C,vitamin_c_mg,45.0,mg,tat_ca_mon_an.xlsx,1,Vitamin C,7 | Vitamin C | 45 | mg
food_com_suon,Cơm sườn,nutrient_canxi,Canxi,calcium_mg,52.5,mg,tat_ca_mon_an.xlsx,1,Canxi,"8 | Canxi | 52,5 | mg"
food_com_suon,Cơm sườn,nutrient_sat,Sắt,iron_mg,2.5,mg,tat_ca_mon_an.xlsx,1,sät,"6 | sät | 2,5 | mg"
food_com_suon,Cơm sườn,nutrient_kem,Kẽm,zinc_mg,4.9,mg,tat_ca_mon_an.xlsx,1,Kém,"10 | Kém | 4,9 | mg"
food_com_suon,Cơm sườn,nutrient_natri,Natri,sodium_mg,63.0,mg,tat_ca_mon_an.xlsx,1,Natri,11 | Natri | 63 | mg
food_com_suon,Cơm sườn,nutrient_cholesterol,Cholesterol,cholesterol_mg,55.2,mg,tat_ca_mon_an.xlsx,1,Cholesterol,"12 | Cholesterol | 55,2 | mg"
food_com_suon,Cơm sườn,nutrient_kali,Kali,potassium_mg,549.0,mg,tat_ca_mon_an.xlsx,1,Kali,13 | Kali | 549 | mg
food_goi_ngo_sen,Gỏi ngó sen,nutrient_nang_luong,Năng lượng,energy_kcal,615.0,kcal,tat_ca_mon_an.xlsx,1,Näng luong,1 | Näng luong | 615 | Kcal
food_goi_ngo_sen,Gỏi ngó sen,nutrient_chat_dam,Chất đạm,protein_g,35.8,g,tat_ca_mon_an.xlsx,1,Chät dam,"2 | Chät dam | 35,8 | g"
food_goi_ngo_sen,Gỏi ngó sen,nutrient_chat_beo,Chất béo,fat_g,33.8,g,tat_ca_mon_an.xlsx,1,Chät béo,"3 | Chät béo | 33,8 | g"
food_goi_ngo_sen,Gỏi ngó sen,nutrient_chat_bot_duong,Chất bột đường,carbohydrate_g,42.4,g,tat_ca_mon_an.xlsx,1,Chát böt durng,"4 |  Chát böt durng | 42,4 | g"
food_goi_ngo_sen,Gỏi ngó sen,nutrient_vitamin_a,Vitamin A,vitamin_a_mcg,18.6,mcg,tat_ca_mon_an.xlsx,1,Vitamin A,"5 |  Vitamin A | 18,6 | g"
food_goi_ngo_sen,Gỏi ngó sen,nutrient_beta_carotene,Beta-carotene,beta_carotene_mcg,1189.5,mcg,tat_ca_mon_an.xlsx,1,Beta-caroten,"6 | Beta-caroten | 1.189,5 | g"
food_goi_ngo_sen,Gỏi ngó sen,nutrient_vitamin_c,Vitamin C,vitamin_c_mg,6.0,mg,tat_ca_mon_an.xlsx,1,Vitamin C,7 | Vitamin C | 06 | mg
food_goi_ngo_sen,Gỏi ngó sen,nutrient_canxi,Canxi,calcium_mg,913.0,mg,tat_ca_mon_an.xlsx,1,Canxi,8 | Canxi | 913 | mg
food_goi_ngo_sen,Gỏi ngó sen,nutrient_sat,Sắt,iron_mg,5.7,mg,tat_ca_mon_an.xlsx,1,sät,"6 | sät | 5,7 | mg"
food_goi_ngo_sen,Gỏi ngó sen,nutrient_kem,Kẽm,zinc_mg,1.6,mg,tat_ca_mon_an.xlsx,1,Kém,"10 | Kém | 1,6 | mg"
food_goi_ngo_sen,Gỏi ngó sen,nutrient_natri,Natri,sodium_mg,522.6,mg,tat_ca_mon_an.xlsx,1,Natri,"11 | Natri | 522,6 | mg"
food_goi_ngo_sen,Gỏi ngó sen,nutrient_cholesterol,Cholesterol,cholesterol_mg,161.2,mg,tat_ca_mon_an.xlsx,1,Cholesterol,"12 | Cholesterol | 161,2 | mg"
food_goi_ngo_sen,Gỏi ngó sen,nutrient_kali,Kali,potassium_mg,1159.0,mg,tat_ca_mon_an.xlsx,1,Kali,13 |  Kali | 1.159 | mg
food_goi_ngo_sen,Gỏi ngó sen,nutrient_chat_xo,Chất xơ,fiber_g,2.7,g,tat_ca_mon_an.xlsx,1,Xo,"14 | Xo | 2,7 | 9"
food_hoa_qua_dam,Hoa quả dầm,nutrient_nang_luong,Năng lượng,energy_kcal,297.2,kcal,tat_ca_mon_an.xlsx,1,Näng luo'ng,"1 | Näng luo'ng | 297,2 | Kcal"
food_hoa_qua_dam,Hoa quả dầm,nutrient_chat_beo,Chất béo,fat_g,6.1,g,tat_ca_mon_an.xlsx,1,Chät béo,"3 | Chät béo | 6,1 | g"
food_hoa_qua_dam,Hoa quả dầm,nutrient_chat_bot_duong,Chất bột đường,carbohydrate_g,54.3,g,tat_ca_mon_an.xlsx,1,Chát böt áung,"4 |  Chát böt áung | 54,3 | g"
food_hoa_qua_dam,Hoa quả dầm,nutrient_vitamin_a,Vitamin A,vitamin_a_mcg,198.1,mcg,tat_ca_mon_an.xlsx,1,Vitamin A,"5 | Vitamin A | 198,1 | g"
food_hoa_qua_dam,Hoa quả dầm,nutrient_beta_carotene,Beta-carotene,beta_carotene_mcg,1687.7,mcg,tat_ca_mon_an.xlsx,1,Beta-caroten,"6 | Beta-caroten | 1.687,7 | g"
food_hoa_qua_dam,Hoa quả dầm,nutrient_vitamin_c,Vitamin C,vitamin_c_mg,101.8,mg,tat_ca_mon_an.xlsx,1,Vitamin C,"7 | Vitamin C | 101,8 | mg"
food_hoa_qua_dam,Hoa quả dầm,nutrient_canxi,Canxi,calcium_mg,234.0,mg,tat_ca_mon_an.xlsx,1,Canxi,8 | Canxi | 234 | mg
food_hoa_qua_dam,Hoa quả dầm,nutrient_sat,Sắt,iron_mg,3.1,mg,tat_ca_mon_an.xlsx,1,sät,"6 | sät | 3,1 | mg"
food_hoa_qua_dam,Hoa quả dầm,nutrient_kem,Kẽm,zinc_mg,1.2,mg,tat_ca_mon_an.xlsx,1,Kém,"10 | Kém | 1,2 | mg"
food_hoa_qua_dam,Hoa quả dầm,nutrient_natri,Natri,sodium_mg,83.5,mg,tat_ca_mon_an.xlsx,1,Natri,"11 | Natri | 83,5 | mg"
food_hoa_qua_dam,Hoa quả dầm,nutrient_cholesterol,Cholesterol,cholesterol_mg,14.6,mg,tat_ca_mon_an.xlsx,1,Cholesterol,"12 | Cholesterol | 14,6 | mg"
food_hoa_qua_dam,Hoa quả dầm,nutrient_magie,Magie,magnesium_mg,53.5,mg,tat_ca_mon_an.xlsx,1,Magie,"13 | Magie | 53,5 | mg"
food_hanh_cu_muoi,Hành củ muối,nutrient_chat_dam,Chất đạm,protein_g,1.3,g,tat_ca_mon_an.xlsx,1,Chät &am,"2 | Chät &am | 1,3 | g"
food_hanh_cu_muoi,Hành củ muối,nutrient_chat_bot_duong,Chất bột đường,carbohydrate_g,3.6,g,tat_ca_mon_an.xlsx,1,Chát böt durng,"4 |  Chát böt durng | 3,6 | g"
food_hanh_cu_muoi,Hành củ muối,nutrient_beta_carotene,Beta-carotene,beta_carotene_mcg,16.2,mcg,tat_ca_mon_an.xlsx,1,Beta-caroten,"6 | Beta-caroten | 16,2 | g"
food_hanh_cu_muoi,Hành củ muối,nutrient_canxi,Canxi,calcium_mg,11.0,mg,tat_ca_mon_an.xlsx,1,Canxi,8 | Canxi | 11 | mg
food_hanh_cu_muoi,Hành củ muối,nutrient_sat,Sắt,iron_mg,1.2,mg,tat_ca_mon_an.xlsx,1,sät,"6 | sät | 1,2 | mg"
food_hanh_cu_muoi,Hành củ muối,nutrient_natri,Natri,sodium_mg,306.0,mg,tat_ca_mon_an.xlsx,1,Natri,11 |  Natri | 306 | mg
food_hanh_cu_muoi,Hành củ muối,nutrient_chat_xo,Chất xơ,fiber_g,0.6,g,tat_ca_mon_an.xlsx,1,Xo,"14 | Xo | 0,6 | 9"
food_hu_tieu_nam_vang_nuoc,Hủ tiếu Nam vang nước,nutrient_nang_luong,Năng lượng,energy_kcal,482.6,kcal,tat_ca_mon_an.xlsx,1,Näng luo'ng,"1 | Näng luo'ng | 482,6 | Kcal"
food_hu_tieu_nam_vang_nuoc,Hủ tiếu Nam vang nước,nutrient_chat_dam,Chất đạm,protein_g,31.5,g,tat_ca_mon_an.xlsx,1,Chät dam,"2 | Chät dam | 31,5 | g"
food_hu_tieu_nam_vang_nuoc,Hủ tiếu Nam vang nước,nutrient_chat_beo,Chất béo,fat_g,17.0,g,tat_ca_mon_an.xlsx,1,Chät béo,3 | Chät béo | 17 | g
food_hu_tieu_nam_vang_nuoc,Hủ tiếu Nam vang nước,nutrient_chat_bot_duong,Chất bột đường,carbohydrate_g,50.9,g,tat_ca_mon_an.xlsx,1,Chát böt áung,"4 |  Chát böt áung | 50,9 | g"
food_hu_tieu_nam_vang_nuoc,Hủ tiếu Nam vang nước,nutrient_vitamin_a,Vitamin A,vitamin_a_mcg,1080.6,mcg,tat_ca_mon_an.xlsx,1,Vitamin A,"5 | Vitamin A | 1.080,6 | g"
food_hu_tieu_nam_vang_nuoc,Hủ tiếu Nam vang nước,nutrient_beta_carotene,Beta-carotene,beta_carotene_mcg,697.4,mcg,tat_ca_mon_an.xlsx,1,Beta-caroten,"6 | Beta-caroten | 697,4 | g"
food_hu_tieu_nam_vang_nuoc,Hủ tiếu Nam vang nước,nutrient_vitamin_c,Vitamin C,vitamin_c_mg,56.9,mg,tat_ca_mon_an.xlsx,1,Vitamin C,"7 | Vitamin C | 56,9 | mg"
food_hu_tieu_nam_vang_nuoc,Hủ tiếu Nam vang nước,nutrient_canxi,Canxi,calcium_mg,175.3,mg,tat_ca_mon_an.xlsx,1,Calcium,"8 | Calcium | 175,3 | mg"
food_hu_tieu_nam_vang_nuoc,Hủ tiếu Nam vang nước,nutrient_sat,Sắt,iron_mg,6.8,mg,tat_ca_mon_an.xlsx,1,Iron,"6 | Iron | 6,8 | mg"
food_hu_tieu_nam_vang_nuoc,Hủ tiếu Nam vang nước,nutrient_natri,Natri,sodium_mg,1596.0,mg,tat_ca_mon_an.xlsx,1,Natri,11 |  Natri | 1.596 | mg
food_hu_tieu_nam_vang_nuoc,Hủ tiếu Nam vang nước,nutrient_cholesterol,Cholesterol,cholesterol_mg,326.5,mg,tat_ca_mon_an.xlsx,1,Cholesterol,"12 | Cholesterol | 326,5 | mg"
food_hu_tieu_nam_vang_nuoc,Hủ tiếu Nam vang nước,nutrient_magie,Magie,magnesium_mg,50.4,mg,tat_ca_mon_an.xlsx,1,Magnesium,"13 | Magnesium | 50,4 | mg"
food_hu_tieu_nuoc,Hủ tiếu nước,nutrient_chat_dam,Chất đạm,protein_g,34.8,g,tat_ca_mon_an.xlsx,1,Chät &am,"2 | Chät &am | 34,8 | g"
food_hu_tieu_nuoc,Hủ tiếu nước,nutrient_chat_beo,Chất béo,fat_g,10.7,g,tat_ca_mon_an.xlsx,1,Chät béo,"3 | Chät béo | 10,7 | g"
food_hu_tieu_nuoc,Hủ tiếu nước,nutrient_chat_bot_duong,Chất bột đường,carbohydrate_g,54.5,g,tat_ca_mon_an.xlsx,1,Chát böt durng,"4 |  Chát böt durng | 54,5 | g"
food_hu_tieu_nuoc,Hủ tiếu nước,nutrient_vitamin_a,Vitamin A,vitamin_a_mcg,1242.0,mcg,tat_ca_mon_an.xlsx,1,Vitamin A,5 |  Vitamin A | 1.242 | g
food_hu_tieu_nuoc,Hủ tiếu nước,nutrient_beta_carotene,Beta-carotene,beta_carotene_mcg,56.2,mcg,tat_ca_mon_an.xlsx,1,Beta-caroten,"6 | Beta-caroten | 56,2 | g"
food_hu_tieu_nuoc,Hủ tiếu nước,nutrient_vitamin_c,Vitamin C,vitamin_c_mg,8.5,mg,tat_ca_mon_an.xlsx,1,Vitamin C,"7 | Vitamin C | 8,5 | mg"
food_hu_tieu_nuoc,Hủ tiếu nước,nutrient_canxi,Canxi,calcium_mg,59.3,mg,tat_ca_mon_an.xlsx,1,Canxi,"8 | Canxi | 59,3 | mg"
food_hu_tieu_nuoc,Hủ tiếu nước,nutrient_sat,Sắt,iron_mg,10.2,mg,tat_ca_mon_an.xlsx,1,sät,"6 | sät | 10,2 | mg"
food_hu_tieu_nuoc,Hủ tiếu nước,nutrient_kem,Kẽm,zinc_mg,3.3,mg,tat_ca_mon_an.xlsx,1,Kém,"10 | Kém | 3,3 | mg"
food_hu_tieu_nuoc,Hủ tiếu nước,nutrient_natri,Natri,sodium_mg,580.1,mg,tat_ca_mon_an.xlsx,1,Natri,"11 | Natri | 580,1 | mg"
food_hu_tieu_nuoc,Hủ tiếu nước,nutrient_cholesterol,Cholesterol,cholesterol_mg,239.0,mg,tat_ca_mon_an.xlsx,1,Cholesterol,12 | Cholesterol | 239 | mg
food_hu_tieu_nuoc,Hủ tiếu nước,nutrient_kali,Kali,potassium_mg,465.6,mg,tat_ca_mon_an.xlsx,1,Kali,"13 |  Kali | 465,6 | mg"
food_hu_tieu_xao_hai_san,Hủ tiếu xào hải sản,nutrient_nang_luong,Năng lượng,energy_kcal,461.0,kcal,tat_ca_mon_an.xlsx,1,Näng luong,1 | Näng luong | 461 | Kcal
food_hu_tieu_xao_hai_san,Hủ tiếu xào hải sản,nutrient_chat_dam,Chất đạm,protein_g,23.5,g,tat_ca_mon_an.xlsx,1,Chät dam,"2 | Chät dam | 23,5 | g"
food_hu_tieu_xao_hai_san,Hủ tiếu xào hải sản,nutrient_chat_beo,Chất béo,fat_g,24.2,g,tat_ca_mon_an.xlsx,1,Chät béo,"3 | Chät béo | 24,2 | g"
food_hu_tieu_xao_hai_san,Hủ tiếu xào hải sản,nutrient_chat_bot_duong,Chất bột đường,carbohydrate_g,40.9,g,tat_ca_mon_an.xlsx,1,Chát böt durng,"4 |  Chát böt durng | 40,9 | g"
food_hu_tieu_xao_hai_san,Hủ tiếu xào hải sản,nutrient_vitamin_a,Vitamin A,vitamin_a_mcg,84.9,mcg,tat_ca_mon_an.xlsx,1,Vitamin A,"5 |  Vitamin A | 84,9 | g"
food_hu_tieu_xao_hai_san,Hủ tiếu xào hải sản,nutrient_beta_carotene,Beta-carotene,beta_carotene_mcg,3831.8,mcg,tat_ca_mon_an.xlsx,1,Beta-caroten,"6 | Beta-caroten | 3.831,8 | g"
food_hu_tieu_xao_hai_san,Hủ tiếu xào hải sản,nutrient_vitamin_c,Vitamin C,vitamin_c_mg,27.6,mg,tat_ca_mon_an.xlsx,1,Vitamin C,"7 | Vitamin C | 27,6 | mg"
food_hu_tieu_xao_hai_san,Hủ tiếu xào hải sản,nutrient_canxi,Canxi,calcium_mg,6.0,mg,tat_ca_mon_an.xlsx,1,Canxi,8 | Canxi | 06 | mg
food_hu_tieu_xao_hai_san,Hủ tiếu xào hải sản,nutrient_sat,Sắt,iron_mg,2.1,mg,tat_ca_mon_an.xlsx,1,sät,"6 | sät | 2,1 | mg"
food_hu_tieu_xao_hai_san,Hủ tiếu xào hải sản,nutrient_kem,Kẽm,zinc_mg,1.5,mg,tat_ca_mon_an.xlsx,1,Kém,"10 | Kém | 1,5 | mg"
food_hu_tieu_xao_hai_san,Hủ tiếu xào hải sản,nutrient_natri,Natri,sodium_mg,793.9,mg,tat_ca_mon_an.xlsx,1,Natri,"11 | Natri | 793,9 | mg"
food_hu_tieu_xao_hai_san,Hủ tiếu xào hải sản,nutrient_cholesterol,Cholesterol,cholesterol_mg,180.0,mg,tat_ca_mon_an.xlsx,1,Cholesterol,12 | Cholesterol | 180 | mg
food_hu_tieu_xao_hai_san,Hủ tiếu xào hải sản,nutrient_kali,Kali,potassium_mg,431.6,mg,tat_ca_mon_an.xlsx,1,Kali,"13 |  Kali | 431,6 | mg"
food_hu_tieu_xao_hai_san,Hủ tiếu xào hải sản,nutrient_chat_xo,Chất xơ,fiber_g,1.9,g,tat_ca_mon_an.xlsx,1,Xo,"14 | Xo | 1,9 | 9"
food_kem_cacao,Kem cacao,nutrient_chat_dam,Chất đạm,protein_g,2.7,g,tat_ca_mon_an.xlsx,1,Chät dam,"2 |  Chät dam | 2,7 | g"
food_kem_cacao,Kem cacao,nutrient_chat_beo,Chất béo,fat_g,7.8,g,tat_ca_mon_an.xlsx,1,Chät béo,"3 | Chät béo | 7,8 | g"
food_kem_cacao,Kem cacao,nutrient_chat_bot_duong,Chất bột đường,carbohydrate_g,20.0,g,tat_ca_mon_an.xlsx,1,Chát böt durng,4 |  Chát böt durng | 20 | g
food_kem_cacao,Kem cacao,nutrient_vitamin_a,Vitamin A,vitamin_a_mcg,90.9,mcg,tat_ca_mon_an.xlsx,1,Vitamin A,"5 |  Vitamin A | 90,9 | g"
food_kem_cacao,Kem cacao,nutrient_beta_carotene,Beta-carotene,beta_carotene_mcg,13.5,mcg,tat_ca_mon_an.xlsx,1,Beta-caroten,"6 | Beta-caroten | 13,5 | g"
food_kem_cacao,Kem cacao,nutrient_vitamin_c,Vitamin C,vitamin_c_mg,77.4,mg,tat_ca_mon_an.xlsx,1,Vitamin C,"7 | Vitamin C | 77,4 | mg"
food_kem_cacao,Kem cacao,nutrient_canxi,Canxi,calcium_mg,0.7,mg,tat_ca_mon_an.xlsx,1,Canxi,"8 | Canxi | 0,7 | mg"
food_kem_cacao,Kem cacao,nutrient_sat,Sắt,iron_mg,0.4,mg,tat_ca_mon_an.xlsx,1,sät,"6 | sät | 0,4 | mg"
food_kem_cacao,Kem cacao,nutrient_cholesterol,Cholesterol,cholesterol_mg,20.6,mg,tat_ca_mon_an.xlsx,1,Cholesterol,"11 | Cholesterol | 20,6 | mg"
food_kem_com,Kem cốm,nutrient_nang_luong,Năng lượng,energy_kcal,139.2,kcal,tat_ca_mon_an.xlsx,1,Nang luang,"1 |  Nang luang | 139,2 | Kcal"
food_kem_com,Kem cốm,nutrient_chat_dam,Chất đạm,protein_g,2.2,g,tat_ca_mon_an.xlsx,1,Chät dam,"2 | Chät dam | 2,2 | g"
food_kem_com,Kem cốm,nutrient_chat_beo,Chất béo,fat_g,5.9,g,tat_ca_mon_an.xlsx,1,Chät béo,"3 | Chät béo | 5,9 | g"
food_kem_com,Kem cốm,nutrient_vitamin_a,Vitamin A,vitamin_a_mcg,67.2,mcg,tat_ca_mon_an.xlsx,1,Vitamin A,"5 |  Vitamin A | 67,2 | g"
food_kem_com,Kem cốm,nutrient_sat,Sắt,iron_mg,0.2,mg,tat_ca_mon_an.xlsx,1,sät,"7 | sät | 0,2 | mg"
food_kem_com,Kem cốm,nutrient_kem,Kẽm,zinc_mg,0.2,mg,tat_ca_mon_an.xlsx,1,Kém,"8 | Kém | 0,2 | mg"
food_kem_com,Kem cốm,nutrient_natri,Natri,sodium_mg,42.0,mg,tat_ca_mon_an.xlsx,1,Natri,6 | Natri | 42 | mg
food_kem_com,Kem cốm,nutrient_magie,Magie,magnesium_mg,9.8,mg,tat_ca_mon_an.xlsx,1,Magie,"10 | Magie | 9,8 | mg"
food_kem_khoai_mon,Kem khoai môn,nutrient_nang_luong,Năng lượng,energy_kcal,141.2,kcal,tat_ca_mon_an.xlsx,1,Näng luong,"1 | Näng luong | 141,2 | Kcal"
food_kem_khoai_mon,Kem khoai môn,nutrient_chat_dam,Chất đạm,protein_g,2.3,g,tat_ca_mon_an.xlsx,1,Chät dam,"2 | Chät dam | 2,3 | g"
food_kem_khoai_mon,Kem khoai môn,nutrient_chat_beo,Chất béo,fat_g,6.0,g,tat_ca_mon_an.xlsx,1,Chät béo,3 | Chät béo | 6 | g
food_kem_khoai_mon,Kem khoai môn,nutrient_chat_bot_duong,Chất bột đường,carbohydrate_g,19.6,g,tat_ca_mon_an.xlsx,1,Chát böt durng,"4 |  Chát böt durng | 19,6 | g"
food_kem_khoai_mon,Kem khoai môn,nutrient_vitamin_a,Vitamin A,vitamin_a_mcg,68.2,mcg,tat_ca_mon_an.xlsx,1,Vitamin A,"5 |  Vitamin A | 68,2 | g"
food_kem_khoai_mon,Kem khoai môn,nutrient_sat,Sắt,iron_mg,0.2,mg,tat_ca_mon_an.xlsx,1,sät,"7 | sät | 0,2 | mg"
food_kem_khoai_mon,Kem khoai môn,nutrient_kem,Kẽm,zinc_mg,0.2,mg,tat_ca_mon_an.xlsx,1,Kém,"8 | Kém | 0,2 | mg"
food_kem_khoai_mon,Kem khoai môn,nutrient_natri,Natri,sodium_mg,42.6,mg,tat_ca_mon_an.xlsx,1,Natri,"6 | Natri | 42,6 | mg"
food_kem_socola,Kem socola,nutrient_nang_luong,Năng lượng,energy_kcal,134.9,kcal,tat_ca_mon_an.xlsx,1,Näng luo'ng,"1 | Näng luo'ng | 134,9 | Kcal"
food_kem_socola,Kem socola,nutrient_chat_dam,Chất đạm,protein_g,2.2,g,tat_ca_mon_an.xlsx,1,Chät dam,"2 | Chät dam | 2,2 | g"
food_kem_socola,Kem socola,nutrient_chat_beo,Chất béo,fat_g,6.0,g,tat_ca_mon_an.xlsx,1,Chät béo,3 | Chät béo | 6 | g
food_kem_socola,Kem socola,nutrient_chat_bot_duong,Chất bột đường,carbohydrate_g,18.1,g,tat_ca_mon_an.xlsx,1,Chát böt durng,"4 |  Chát böt durng | 18,1 | g"
food_kem_socola,Kem socola,nutrient_vitamin_a,Vitamin A,vitamin_a_mcg,68.8,mcg,tat_ca_mon_an.xlsx,1,Vitamin A,"5 |  Vitamin A | 68,8 | g"
food_kem_socola,Kem socola,nutrient_kali,Kali,potassium_mg,3.8,mg,tat_ca_mon_an.xlsx,1,Potassium,"6 |  Potassium | 3,8 | mg"
food_kem_socola,Kem socola,nutrient_canxi,Canxi,calcium_mg,75.8,mg,tat_ca_mon_an.xlsx,1,Canxi,"7 | Canxi | 75,8 | mg"
food_kem_socola,Kem socola,nutrient_sat,Sắt,iron_mg,0.3,mg,tat_ca_mon_an.xlsx,1,sät,"8 | sät | 0,3 | mg"
food_kem_socola,Kem socola,nutrient_kem,Kẽm,zinc_mg,0.3,mg,tat_ca_mon_an.xlsx,1,Kém,"6 | Kém | 0,3 | mg"
food_kem_socola,Kem socola,nutrient_natri,Natri,sodium_mg,42.2,mg,tat_ca_mon_an.xlsx,1,Natri,"10 | Natri | 42,2 | mg"
food_kem_socola,Kem socola,nutrient_magie,Magie,magnesium_mg,12.1,mg,tat_ca_mon_an.xlsx,1,Magie,"11 | Magie | 12,1 | mg"
food_kem_sau_rieng,Kem sầu riêng,nutrient_nang_luong,Năng lượng,energy_kcal,137.2,kcal,tat_ca_mon_an.xlsx,1,Näng luong,"1 | Näng luong | 137,2 | Kcal"
food_kem_sau_rieng,Kem sầu riêng,nutrient_chat_dam,Chất đạm,protein_g,2.2,g,tat_ca_mon_an.xlsx,1,Chät dam,"2 | Chät dam | 2,2 | g"
food_kem_sau_rieng,Kem sầu riêng,nutrient_chat_beo,Chất béo,fat_g,5.8,g,tat_ca_mon_an.xlsx,1,Chät béo,"3 | Chät béo | 5,8 | g"
food_kem_sau_rieng,Kem sầu riêng,nutrient_chat_bot_duong,Chất bột đường,carbohydrate_g,19.0,g,tat_ca_mon_an.xlsx,1,Chát böt durng,4 |  Chát böt durng | 19 | g
food_kem_sau_rieng,Kem sầu riêng,nutrient_vitamin_a,Vitamin A,vitamin_a_mcg,66.2,mcg,tat_ca_mon_an.xlsx,1,Vitamin A,"5 |  Vitamin A | 66,2 | g"
food_kem_sau_rieng,Kem sầu riêng,nutrient_sat,Sắt,iron_mg,0.1,mg,tat_ca_mon_an.xlsx,1,sät,"7 | sät | 0,1 | mg"
food_kem_sau_rieng,Kem sầu riêng,nutrient_kem,Kẽm,zinc_mg,0.2,mg,tat_ca_mon_an.xlsx,1,Kém,"8 | Kém | 0,2 | mg"
food_kem_sau_rieng,Kem sầu riêng,nutrient_natri,Natri,sodium_mg,41.4,mg,tat_ca_mon_an.xlsx,1,Natri,"6 | Natri | 41,4 | mg"
food_kem_sau_rieng,Kem sầu riêng,nutrient_magie,Magie,magnesium_mg,9.7,mg,tat_ca_mon_an.xlsx,1,Magie,"10 | Magie | 9,7 | mg"
food_kem_sua_dua,Kem sữa dừa,nutrient_nang_luong,Năng lượng,energy_kcal,139.2,kcal,tat_ca_mon_an.xlsx,1,Näng luong,"1 | Näng luong | 139,2 | Kcal"
food_kem_sua_dua,Kem sữa dừa,nutrient_chat_dam,Chất đạm,protein_g,2.2,g,tat_ca_mon_an.xlsx,1,Chät dam,"2 | Chät dam | 2,2 | g"
food_kem_sua_dua,Kem sữa dừa,nutrient_chat_beo,Chất béo,fat_g,5.9,g,tat_ca_mon_an.xlsx,1,Chät béo,"3 | Chät béo | 5,9 | g"
food_kem_sua_dua,Kem sữa dừa,nutrient_chat_bot_duong,Chất bột đường,carbohydrate_g,19.3,g,tat_ca_mon_an.xlsx,1,Chát böt durng,"4 |  Chát böt durng | 19,3 | g"
food_kem_sua_dua,Kem sữa dừa,nutrient_vitamin_a,Vitamin A,vitamin_a_mcg,67.2,mcg,tat_ca_mon_an.xlsx,1,Vitamin A,"5 |  Vitamin A | 67,2 | g"
food_kem_sua_dua,Kem sữa dừa,nutrient_sat,Sắt,iron_mg,0.2,mg,tat_ca_mon_an.xlsx,1,sät,"7 | sät | 0,2 | mg"
food_kem_sua_dua,Kem sữa dừa,nutrient_kem,Kẽm,zinc_mg,0.2,mg,tat_ca_mon_an.xlsx,1,Kém,"8 | Kém | 0,2 | mg"
food_kem_sua_dua,Kem sữa dừa,nutrient_natri,Natri,sodium_mg,42.0,mg,tat_ca_mon_an.xlsx,1,Natri,6 | Natri | 42 | mg
food_kem_sua_dua,Kem sữa dừa,nutrient_magie,Magie,magnesium_mg,9.8,mg,tat_ca_mon_an.xlsx,1,Magie,"10 | Magie | 9,8 | mg"
food_kem_trung,Kem trứng,nutrient_nang_luong,Năng lượng,energy_kcal,218.9,kcal,tat_ca_mon_an.xlsx,1,Näng luong,"1 | Näng luong | 218,9 | Kcal"
food_kem_trung,Kem trứng,nutrient_chat_dam,Chất đạm,protein_g,8.9,g,tat_ca_mon_an.xlsx,1,Chät dam,"2 | Chät dam | 8,9 | g"
food_kem_trung,Kem trứng,nutrient_chat_beo,Chất béo,fat_g,16.0,g,tat_ca_mon_an.xlsx,1,Chät béo,3 | Chät béo | 16 | g
food_kem_trung,Kem trứng,nutrient_chat_bot_duong,Chất bột đường,carbohydrate_g,9.9,g,tat_ca_mon_an.xlsx,1,Chát böt durng,"4 |  Chát böt durng | 9,9 | g"
food_kem_trung,Kem trứng,nutrient_vitamin_a,Vitamin A,vitamin_a_mcg,465.7,mcg,tat_ca_mon_an.xlsx,1,Vitamin A,"5 |  Vitamin A | 465,7 | g"
food_kem_trung,Kem trứng,nutrient_beta_carotene,Beta-carotene,beta_carotene_mcg,42.2,mcg,tat_ca_mon_an.xlsx,1,Beta-caroten,"6 | Beta-caroten | 42,2 | g"
food_kem_trung,Kem trứng,nutrient_canxi,Canxi,calcium_mg,77.1,mg,tat_ca_mon_an.xlsx,1,Canxi,"7 | Canxi | 77,1 | mg"
food_kem_trung,Kem trứng,nutrient_sat,Sắt,iron_mg,4.8,mg,tat_ca_mon_an.xlsx,1,sät,"8 | sät | 4,8 | mg"
food_kem_trung,Kem trứng,nutrient_kem,Kẽm,zinc_mg,2.5,mg,tat_ca_mon_an.xlsx,1,Kém,"6 | Kém | 2,5 | mg"
food_kem_trung,Kem trứng,nutrient_natri,Natri,sodium_mg,53.9,mg,tat_ca_mon_an.xlsx,1,Natri,"10 | Natri | 53,9 | mg"
food_kem_trung,Kem trứng,nutrient_cholesterol,Cholesterol,cholesterol_mg,960.0,mg,tat_ca_mon_an.xlsx,1,Cholesterol,11 | Cholesterol | 960 | mg
food_kem_trung,Kem trứng,nutrient_magie,Magie,magnesium_mg,56.6,mg,tat_ca_mon_an.xlsx,1,Magie,"12 | Magie | 56,6 | mg"
food_kem_dau_xanh,Kem đậu xanh,nutrient_chat_dam,Chất đạm,protein_g,2.2,g,tat_ca_mon_an.xlsx,1,Chät dam,"2 | Chät dam | 2,2 | g"
food_kem_dau_xanh,Kem đậu xanh,nutrient_chat_beo,Chất béo,fat_g,5.9,g,tat_ca_mon_an.xlsx,1,Chät béo,"3 | Chät béo | 5,9 | g"
food_kem_dau_xanh,Kem đậu xanh,nutrient_chat_bot_duong,Chất bột đường,carbohydrate_g,19.3,g,tat_ca_mon_an.xlsx,1,Chát böt durng,"4 |  Chát böt durng | 19,3 | g"
food_kem_dau_xanh,Kem đậu xanh,nutrient_vitamin_a,Vitamin A,vitamin_a_mcg,67.2,mcg,tat_ca_mon_an.xlsx,1,Vitamin A,"5 |  Vitamin A | 67,2 | g"
food_kem_dau_xanh,Kem đậu xanh,nutrient_sat,Sắt,iron_mg,0.2,mg,tat_ca_mon_an.xlsx,1,sät,"7 | sät | 0,2 | mg"
food_kem_dau_xanh,Kem đậu xanh,nutrient_kem,Kẽm,zinc_mg,0.2,mg,tat_ca_mon_an.xlsx,1,Kém,"8 | Kém | 0,2 | mg"
food_kem_dau_xanh,Kem đậu xanh,nutrient_natri,Natri,sodium_mg,42.0,mg,tat_ca_mon_an.xlsx,1,Natri,6 | Natri | 42 | mg
food_kem_dau_xanh,Kem đậu xanh,nutrient_magie,Magie,magnesium_mg,9.8,mg,tat_ca_mon_an.xlsx,1,Magie,"10 | Magie | 9,8 | mg"
food_kem_oc_que_cacao,Kem ốc quế cacao,nutrient_chat_dam,Chất đạm,protein_g,3.4,g,tat_ca_mon_an.xlsx,1,Chät dam,"2 |  Chät dam | 3,4 | g"
food_kem_oc_que_cacao,Kem ốc quế cacao,nutrient_chat_beo,Chất béo,fat_g,8.1,g,tat_ca_mon_an.xlsx,1,Chät béo,"3 | Chät béo | 8,1 | g"
food_kem_oc_que_cacao,Kem ốc quế cacao,nutrient_chat_bot_duong,Chất bột đường,carbohydrate_g,27.2,g,tat_ca_mon_an.xlsx,1,Chát böt durng,"4 |  Chát böt durng | 27,2 | g"
food_kem_oc_que_cacao,Kem ốc quế cacao,nutrient_vitamin_a,Vitamin A,vitamin_a_mcg,80.5,mcg,tat_ca_mon_an.xlsx,1,Vitamin A,"5 |  Vitamin A | 80,5 | g"
food_kem_oc_que_cacao,Kem ốc quế cacao,nutrient_beta_carotene,Beta-carotene,beta_carotene_mcg,21.3,mcg,tat_ca_mon_an.xlsx,1,Beta-caroten,"6 | Beta-caroten | 21,3 | g"
food_kem_oc_que_cacao,Kem ốc quế cacao,nutrient_canxi,Canxi,calcium_mg,70.8,mg,tat_ca_mon_an.xlsx,1,Canxi,"7 | Canxi | 70,8 | mg"
food_kem_oc_que_cacao,Kem ốc quế cacao,nutrient_sat,Sắt,iron_mg,0.8,mg,tat_ca_mon_an.xlsx,1,sät,"8 | sät | 0,8 | mg"
food_kem_oc_que_cacao,Kem ốc quế cacao,nutrient_kem,Kẽm,zinc_mg,0.4,mg,tat_ca_mon_an.xlsx,1,Kém,"6 | Kém | 0,4 | mg"
food_kem_oc_que_cacao,Kem ốc quế cacao,nutrient_natri,Natri,sodium_mg,46.4,mg,tat_ca_mon_an.xlsx,1,Natri,"10 | Natri | 46,4 | mg"
food_kem_oc_que_cacao,Kem ốc quế cacao,nutrient_magie,Magie,magnesium_mg,17.7,mg,tat_ca_mon_an.xlsx,1,Magie,"11 | Magie | 17,7 | mg"
food_kem_oc_que_vani,Kem ốc quế vani,nutrient_chat_dam,Chất đạm,protein_g,3.1,g,tat_ca_mon_an.xlsx,1,Chät dam,"2 |  Chät dam | 3,1 | g"
food_kem_oc_que_vani,Kem ốc quế vani,nutrient_chat_beo,Chất béo,fat_g,6.6,g,tat_ca_mon_an.xlsx,1,Chät béo,"3 | Chät béo | 6,6 | g"
food_kem_oc_que_vani,Kem ốc quế vani,nutrient_chat_bot_duong,Chất bột đường,carbohydrate_g,27.1,g,tat_ca_mon_an.xlsx,1,Chát böt durng,"4 |  Chát böt durng | 27,1 | g"
food_kem_oc_que_vani,Kem ốc quế vani,nutrient_vitamin_a,Vitamin A,vitamin_a_mcg,61.9,mcg,tat_ca_mon_an.xlsx,1,Vitamin A,"5 |  Vitamin A | 61,9 | g"
food_kem_oc_que_vani,Kem ốc quế vani,nutrient_beta_carotene,Beta-carotene,beta_carotene_mcg,9.8,mcg,tat_ca_mon_an.xlsx,1,Beta-caroten,"6 | Beta-caroten | 9,8 | g"
food_kem_oc_que_vani,Kem ốc quế vani,nutrient_canxi,Canxi,calcium_mg,78.7,mg,tat_ca_mon_an.xlsx,1,Canxi,"7 | Canxi | 78,7 | mg"
food_kem_oc_que_vani,Kem ốc quế vani,nutrient_sat,Sắt,iron_mg,0.4,mg,tat_ca_mon_an.xlsx,1,sät,"8 | sät | 0,4 | mg"
food_kem_oc_que_vani,Kem ốc quế vani,nutrient_kem,Kẽm,zinc_mg,0.2,mg,tat_ca_mon_an.xlsx,1,Kém,"6 | Kém | 0,2 | mg"
food_kem_oc_que_vani,Kem ốc quế vani,nutrient_natri,Natri,sodium_mg,37.2,mg,tat_ca_mon_an.xlsx,1,Natri,"10 | Natri | 37,2 | mg"
food_kem_oc_que_vani,Kem ốc quế vani,nutrient_magie,Magie,magnesium_mg,8.7,mg,tat_ca_mon_an.xlsx,1,Magie,"11 | Magie | 8,7 | mg"
food_kieu_muoi,Kiệu muối,nutrient_nang_luong,Năng lượng,energy_kcal,12.0,kcal,tat_ca_mon_an.xlsx,1,Näng luo'ng,1 | Näng luo'ng | 12 | Kcal
food_kieu_muoi,Kiệu muối,nutrient_chat_dam,Chất đạm,protein_g,0.7,g,tat_ca_mon_an.xlsx,1,Chät &am,"2 | Chät &am | 0,7 | g"
food_kieu_muoi,Kiệu muối,nutrient_chat_bot_duong,Chất bột đường,carbohydrate_g,2.4,g,tat_ca_mon_an.xlsx,1,Chát böt durng,"4 |  Chát böt durng | 2,4 | g"
food_kieu_muoi,Kiệu muối,nutrient_vitamin_c,Vitamin C,vitamin_c_mg,6.2,mg,tat_ca_mon_an.xlsx,1,Vitamin C,"7 | Vitamin C | 6,2 | mg"
food_kieu_muoi,Kiệu muối,nutrient_canxi,Canxi,calcium_mg,25.0,mg,tat_ca_mon_an.xlsx,1,Canxi,8 | Canxi | 25 | mg
food_kieu_muoi,Kiệu muối,nutrient_sat,Sắt,iron_mg,0.6,mg,tat_ca_mon_an.xlsx,1,sät,"6 | sät | 0,6 | mg"
food_kieu_muoi,Kiệu muối,nutrient_natri,Natri,sodium_mg,170.0,mg,tat_ca_mon_an.xlsx,1,Natri,11 | Natri | 170 | mg
food_kieu_muoi,Kiệu muối,nutrient_chat_xo,Chất xơ,fiber_g,0.6,g,tat_ca_mon_an.xlsx,1,Xo,"14 | Xo | 0,6 | 9"
food_keo_ca_phe,Kẹo cà phê,nutrient_nang_luong,Năng lượng,energy_kcal,11.0,kcal,tat_ca_mon_an.xlsx,1,Näng luo'ng,1 | Näng luo'ng | 11 |  Kcal
food_keo_ca_phe,Kẹo cà phê,nutrient_chat_beo,Chất béo,fat_g,0.0,g,tat_ca_mon_an.xlsx,1,Chät béo,3 | Chät béo | 0 | g
food_keo_ca_phe,Kẹo cà phê,nutrient_chat_bot_duong,Chất bột đường,carbohydrate_g,2.7,g,tat_ca_mon_an.xlsx,1,Chát böt durng,"4 |  Chát böt durng | 2,7 | g"
food_keo_ca_phe,Kẹo cà phê,nutrient_vitamin_a,Vitamin A,vitamin_a_mcg,0.0,mcg,tat_ca_mon_an.xlsx,1,Vitamin A,5 |  Vitamin A | 0 | g
food_keo_ca_phe,Kẹo cà phê,nutrient_beta_carotene,Beta-carotene,beta_carotene_mcg,0.0,mcg,tat_ca_mon_an.xlsx,1,Beta-caroten,6 | Beta-caroten | 0 | g
food_keo_ca_phe,Kẹo cà phê,nutrient_vitamin_c,Vitamin C,vitamin_c_mg,0.8,mg,tat_ca_mon_an.xlsx,1,Vitamin C,"7 | Vitamin C | 0,8 | 9"
food_keo_ca_phe,Kẹo cà phê,nutrient_canxi,Canxi,calcium_mg,0.0,mg,tat_ca_mon_an.xlsx,1,Canxi,8 | Canxi | 0 | mg
food_keo_ca_phe,Kẹo cà phê,nutrient_sat,Sắt,iron_mg,0.0,mg,tat_ca_mon_an.xlsx,1,sät,6 | sät | 0 | mg
food_keo_ca_phe,Kẹo cà phê,nutrient_kem,Kẽm,zinc_mg,0.0,mg,tat_ca_mon_an.xlsx,1,Kém,10 | Kém | 0 | mg
food_keo_ca_phe,Kẹo cà phê,nutrient_natri,Natri,sodium_mg,0.0,mg,tat_ca_mon_an.xlsx,1,Natri,11 |  Natri | 0 | mg
food_keo_ca_phe,Kẹo cà phê,nutrient_kali,Kali,potassium_mg,0.0,mg,tat_ca_mon_an.xlsx,1,Kali,13 |  Kali | 0 | mg
food_keo_ca_phe,Kẹo cà phê,nutrient_chat_xo,Chất xơ,fiber_g,0.0,g,tat_ca_mon_an.xlsx,1,Xo,14 | Xo | 0 | mg
food_keo_dua,Kẹo dừa,nutrient_nang_luong,Năng lượng,energy_kcal,20.0,kcal,tat_ca_mon_an.xlsx,1,Näng luo'ng,1 | Näng luo'ng | 20 | Kcal
food_keo_dua,Kẹo dừa,nutrient_chat_dam,Chất đạm,protein_g,0.0,g,tat_ca_mon_an.xlsx,1,Chät dam,2 |  Chät dam | 0 | g
food_keo_dua,Kẹo dừa,nutrient_chat_beo,Chất béo,fat_g,0.6,g,tat_ca_mon_an.xlsx,1,Chät béo,"3 | Chät béo | 0,6 | g"
food_keo_dua,Kẹo dừa,nutrient_chat_bot_duong,Chất bột đường,carbohydrate_g,3.7,g,tat_ca_mon_an.xlsx,1,Chát böt durng,"4 |  Chát böt durng | 3,7 | g"
food_keo_dua,Kẹo dừa,nutrient_vitamin_a,Vitamin A,vitamin_a_mcg,0.0,mcg,tat_ca_mon_an.xlsx,1,Vitamin A,5 |  Vitamin A | 0 | g
food_keo_dua,Kẹo dừa,nutrient_beta_carotene,Beta-carotene,beta_carotene_mcg,0.0,mcg,tat_ca_mon_an.xlsx,1,Beta-caroten,6 | Beta-caroten | 0 | g
food_keo_dua,Kẹo dừa,nutrient_canxi,Canxi,calcium_mg,0.7,mg,tat_ca_mon_an.xlsx,1,Canxi,"8 | Canxi | 0,7 | mg"
food_keo_dua,Kẹo dừa,nutrient_sat,Sắt,iron_mg,0.0,mg,tat_ca_mon_an.xlsx,1,sät,"6 | sät | 0,0 | mg"
food_keo_dua,Kẹo dừa,nutrient_kem,Kẽm,zinc_mg,0.0,mg,tat_ca_mon_an.xlsx,1,Kém,10 | Kém | 0 | mg
food_keo_dua,Kẹo dừa,nutrient_natri,Natri,sodium_mg,0.0,mg,tat_ca_mon_an.xlsx,1,Natri,11 |  Natri | 0 | mg
food_keo_dua,Kẹo dừa,nutrient_kali,Kali,potassium_mg,0.0,mg,tat_ca_mon_an.xlsx,1,Kali,13 |  Kali | 0 | mg
food_keo_dua,Kẹo dừa,nutrient_chat_xo,Chất xơ,fiber_g,0.1,g,tat_ca_mon_an.xlsx,1,Xo,"14 | Xo | 0,1 | 9"
food_keo_so_co_la,Kẹo sô cô la,nutrient_nang_luong,Năng lượng,energy_kcal,27.0,kcal,tat_ca_mon_an.xlsx,1,Nang luang,1 |  Nang luang | 27 | Kcal
food_keo_so_co_la,Kẹo sô cô la,nutrient_chat_dam,Chất đạm,protein_g,6.2,g,tat_ca_mon_an.xlsx,1,Chät dam,"2 | Chät dam | 6,2 | g"
food_keo_so_co_la,Kẹo sô cô la,nutrient_chat_beo,Chất béo,fat_g,30.7,g,tat_ca_mon_an.xlsx,1,Chät béo,"3 | Chät béo | 30,7 | g"
food_keo_so_co_la,Kẹo sô cô la,nutrient_chat_bot_duong,Chất bột đường,carbohydrate_g,55.3,g,tat_ca_mon_an.xlsx,1,Chát böt durng,"4 |  Chát böt durng | 55,3 | g"
food_keo_so_co_la,Kẹo sô cô la,nutrient_vitamin_c,Vitamin C,vitamin_c_mg,0.0,mg,tat_ca_mon_an.xlsx,1,Vitamin C,7 | Vitamin C | 0 | mg
food_keo_so_co_la,Kẹo sô cô la,nutrient_canxi,Canxi,calcium_mg,0.0,mg,tat_ca_mon_an.xlsx,1,Canxi,8 | Canxi | 0 | mg
food_keo_so_co_la,Kẹo sô cô la,nutrient_natri,Natri,sodium_mg,63.0,mg,tat_ca_mon_an.xlsx,1,Natri,11 | Natri | 63 | mg
food_keo_so_co_la,Kẹo sô cô la,nutrient_kali,Kali,potassium_mg,0.0,mg,tat_ca_mon_an.xlsx,1,Kali,13 |  Kali | 0 | mg
food_keo_so_co_la,Kẹo sô cô la,nutrient_chat_xo,Chất xơ,fiber_g,0.0,g,tat_ca_mon_an.xlsx,1,Xo,14 | Xo | 0 | 9
food_lau_cua_thit_bo,"Lẩu cua, thịt bò",nutrient_nang_luong,Năng lượng,energy_kcal,1584.0,kcal,tat_ca_mon_an.xlsx,1,Nang luang,1 |  Nang luang | 1.584 | Kcal
food_lau_cua_thit_bo,"Lẩu cua, thịt bò",nutrient_chat_dam,Chất đạm,protein_g,178.0,g,tat_ca_mon_an.xlsx,1,Chät dam,2 | Chät dam | 178 | g
food_lau_cua_thit_bo,"Lẩu cua, thịt bò",nutrient_chat_beo,Chất béo,fat_g,85.0,g,tat_ca_mon_an.xlsx,1,Chät béo,3 | Chät béo | 85 | g
food_lau_cua_thit_bo,"Lẩu cua, thịt bò",nutrient_chat_bot_duong,Chất bột đường,carbohydrate_g,27.0,g,tat_ca_mon_an.xlsx,1,Chát böt durng,4 |  Chát böt durng | 27 | g
food_lau_cua_thit_bo,"Lẩu cua, thịt bò",nutrient_vitamin_a,Vitamin A,vitamin_a_mcg,735.0,mcg,tat_ca_mon_an.xlsx,1,Vitamin A,5 |  Vitamin A | 735 | g
food_lau_cua_thit_bo,"Lẩu cua, thịt bò",nutrient_beta_carotene,Beta-carotene,beta_carotene_mcg,19452.0,mcg,tat_ca_mon_an.xlsx,1,Beta-caroten,6 | Beta-caroten | 19.452 | g
food_lau_cua_thit_bo,"Lẩu cua, thịt bò",nutrient_vitamin_c,Vitamin C,vitamin_c_mg,232.0,mg,tat_ca_mon_an.xlsx,1,Vitamin C,7 | Vitamin C | 232 | 9
food_lau_cua_thit_bo,"Lẩu cua, thịt bò",nutrient_canxi,Canxi,calcium_mg,811.0,mg,tat_ca_mon_an.xlsx,1,Canxi,8 | Canxi | 811 | mg
food_lau_cua_thit_bo,"Lẩu cua, thịt bò",nutrient_kem,Kẽm,zinc_mg,26.0,mg,tat_ca_mon_an.xlsx,1,Kém,10 | Kém | 26 | mg
food_lau_cua_thit_bo,"Lẩu cua, thịt bò",nutrient_natri,Natri,sodium_mg,2084.0,mg,tat_ca_mon_an.xlsx,1,Natri,11 |  Natri | 2.084 | mg
food_lau_cua_thit_bo,"Lẩu cua, thịt bò",nutrient_cholesterol,Cholesterol,cholesterol_mg,352.8,mg,tat_ca_mon_an.xlsx,1,Cholesterol,12 | Cholesterol | 35.282 | mg
food_lau_cua_thit_bo,"Lẩu cua, thịt bò",nutrient_kali,Kali,potassium_mg,4819.0,mg,tat_ca_mon_an.xlsx,1,Kali,13 |  Kali | 4.819 | mg
food_lau_cua_thit_bo,"Lẩu cua, thịt bò",nutrient_chat_xo,Chất xơ,fiber_g,9.0,g,tat_ca_mon_an.xlsx,1,Xo,14 | Xo | 9 | 9
food_lau_ga,Lẩu gà,nutrient_nang_luong,Năng lượng,energy_kcal,1388.0,kcal,tat_ca_mon_an.xlsx,1,Näng luong,1 | Näng luong | 1.388 | Kcal
food_lau_ga,Lẩu gà,nutrient_chat_dam,Chất đạm,protein_g,109.1,g,tat_ca_mon_an.xlsx,1,Chät dam,"2 | Chät dam | 109,1 | g"
food_lau_ga,Lẩu gà,nutrient_chat_beo,Chất béo,fat_g,74.9,g,tat_ca_mon_an.xlsx,1,Chät béo,"3 | Chät béo | 74,9 | g"
food_lau_ga,Lẩu gà,nutrient_chat_bot_duong,Chất bột đường,carbohydrate_g,69.1,g,tat_ca_mon_an.xlsx,1,Chát böt durng,"4 |  Chát böt durng | 69,1 | g"
food_lau_ga,Lẩu gà,nutrient_vitamin_a,Vitamin A,vitamin_a_mcg,143.2,mcg,tat_ca_mon_an.xlsx,1,Vitamin A,"5 |  Vitamin A | 143,2 | g"
food_lau_ga,Lẩu gà,nutrient_beta_carotene,Beta-carotene,beta_carotene_mcg,607.0,mcg,tat_ca_mon_an.xlsx,1,Beta-caroten,6 | Beta-caroten | 607 | g
food_lau_ga,Lẩu gà,nutrient_vitamin_c,Vitamin C,vitamin_c_mg,128.4,mg,tat_ca_mon_an.xlsx,1,Vitamin C,"7 | Vitamin C | 128,4 | 9"
food_lau_ga,Lẩu gà,nutrient_canxi,Canxi,calcium_mg,606.6,mg,tat_ca_mon_an.xlsx,1,Canxi,"8 | Canxi | 606,6 | mg"
food_lau_ga,Lẩu gà,nutrient_kem,Kẽm,zinc_mg,8.4,mg,tat_ca_mon_an.xlsx,1,Kém,"10 | Kém | 8,4 | mg"
food_lau_ga,Lẩu gà,nutrient_natri,Natri,sodium_mg,5390.0,mg,tat_ca_mon_an.xlsx,1,Natri,11 | Natri | 5.390 | mg
food_lau_ga,Lẩu gà,nutrient_cholesterol,Cholesterol,cholesterol_mg,293.0,mg,tat_ca_mon_an.xlsx,1,Cholesterol,12 | Cholesterol | 29.304 | mg
food_lau_ga,Lẩu gà,nutrient_kali,Kali,potassium_mg,2845.7,mg,tat_ca_mon_an.xlsx,1,Kali,"13 |  Kali | 2.845,7 | mg"
food_lau_ga,Lẩu gà,nutrient_chat_xo,Chất xơ,fiber_g,11.4,g,tat_ca_mon_an.xlsx,1,Xo,"14 | Xo | 11,4 | 9"
food_lau_hai_san,Lẩu hải sản,nutrient_nang_luong,Năng lượng,energy_kcal,666.0,kcal,tat_ca_mon_an.xlsx,1,Nang luang,1 |  Nang luang | 666 | Kcal
food_lau_hai_san,Lẩu hải sản,nutrient_chat_dam,Chất đạm,protein_g,86.0,g,tat_ca_mon_an.xlsx,1,Chät dam,2 | Chät dam | 86 | g
food_lau_hai_san,Lẩu hải sản,nutrient_chat_beo,Chất béo,fat_g,18.0,g,tat_ca_mon_an.xlsx,1,Chät béo,3 | Chät béo | 18 | g
food_lau_hai_san,Lẩu hải sản,nutrient_chat_bot_duong,Chất bột đường,carbohydrate_g,38.0,g,tat_ca_mon_an.xlsx,1,Chát böt durng,4 |  Chát böt durng | 38 | g
food_lau_hai_san,Lẩu hải sản,nutrient_vitamin_a,Vitamin A,vitamin_a_mcg,1257.0,mcg,tat_ca_mon_an.xlsx,1,Vitamin A,5 |  Vitamin A | 1.257 | g
food_lau_hai_san,Lẩu hải sản,nutrient_beta_carotene,Beta-carotene,beta_carotene_mcg,33665.0,mcg,tat_ca_mon_an.xlsx,1,Beta-caroten,6 | Beta-caroten | 33.665 | g
food_lau_hai_san,Lẩu hải sản,nutrient_vitamin_c,Vitamin C,vitamin_c_mg,333.0,mg,tat_ca_mon_an.xlsx,1,Vitamin C,7 | Vitamin C | 333 | mg
food_lau_hai_san,Lẩu hải sản,nutrient_canxi,Canxi,calcium_mg,2057.0,mg,tat_ca_mon_an.xlsx,1,Canxi,8 | Canxi | 2.057 | mg
food_lau_hai_san,Lẩu hải sản,nutrient_sat,Sắt,iron_mg,16.9,mg,tat_ca_mon_an.xlsx,1,sät,"6 | sät | 16,9 | mg"
food_lau_hai_san,Lẩu hải sản,nutrient_kem,Kẽm,zinc_mg,14.5,mg,tat_ca_mon_an.xlsx,1,Kém,"10 | Kém | 14,5 | mg"
food_lau_hai_san,Lẩu hải sản,nutrient_natri,Natri,sodium_mg,5502.0,mg,tat_ca_mon_an.xlsx,1,Natri,11 | Natri | 5.502 | mg
food_lau_hai_san,Lẩu hải sản,nutrient_cholesterol,Cholesterol,cholesterol_mg,532.0,mg,tat_ca_mon_an.xlsx,1,Cholesterol,12 | Cholesterol | 532 | mg
food_lau_hai_san,Lẩu hải sản,nutrient_kali,Kali,potassium_mg,3151.0,mg,tat_ca_mon_an.xlsx,1,Kali,13 |  Kali | 3.151 | mg
food_lau_hai_san,Lẩu hải sản,nutrient_chat_xo,Chất xơ,fiber_g,10.0,g,tat_ca_mon_an.xlsx,1,Xo,14 | Xo | 10 | 9
food_lau_thap_cam,Lẩu thập cẩm,nutrient_nang_luong,Năng lượng,energy_kcal,2605.0,kcal,tat_ca_mon_an.xlsx,1,Näng luong,1 | Näng luong | 2.605 | Kcal
food_lau_thap_cam,Lẩu thập cẩm,nutrient_chat_dam,Chất đạm,protein_g,197.2,g,tat_ca_mon_an.xlsx,1,Chät dam,"2 | Chät dam | 197,2 | g"
food_lau_thap_cam,Lẩu thập cẩm,nutrient_chat_beo,Chất béo,fat_g,119.6,g,tat_ca_mon_an.xlsx,1,Chät béo,"3 | Chät béo | 119,6 | g"
food_lau_thap_cam,Lẩu thập cẩm,nutrient_chat_bot_duong,Chất bột đường,carbohydrate_g,194.0,g,tat_ca_mon_an.xlsx,1,Chát böt durng,4 |  Chát böt durng | 194 | g
food_lau_thap_cam,Lẩu thập cẩm,nutrient_vitamin_a,Vitamin A,vitamin_a_mcg,259.5,mcg,tat_ca_mon_an.xlsx,1,Vitamin A,"5 |  Vitamin A | 259,5 | g"
food_lau_thap_cam,Lẩu thập cẩm,nutrient_beta_carotene,Beta-carotene,beta_carotene_mcg,23786.8,mcg,tat_ca_mon_an.xlsx,1,Beta-caroten,"6 | Beta-caroten | 23.786,8 | g"
food_lau_thap_cam,Lẩu thập cẩm,nutrient_vitamin_c,Vitamin C,vitamin_c_mg,185.0,mg,tat_ca_mon_an.xlsx,1,Vitamin C,7 | Vitamin C | 185 | mg
food_lau_thap_cam,Lẩu thập cẩm,nutrient_canxi,Canxi,calcium_mg,925.0,mg,tat_ca_mon_an.xlsx,1,Canxi,8 | Canxi | 925 | mg
food_lau_thap_cam,Lẩu thập cẩm,nutrient_sat,Sắt,iron_mg,36.2,mg,tat_ca_mon_an.xlsx,1,sät,"6 | sät | 36,2 | mg"
food_lau_thap_cam,Lẩu thập cẩm,nutrient_kem,Kẽm,zinc_mg,12.0,mg,tat_ca_mon_an.xlsx,1,Kém,"10 | Kém | 12,0 | mg"
food_lau_thap_cam,Lẩu thập cẩm,nutrient_natri,Natri,sodium_mg,6365.0,mg,tat_ca_mon_an.xlsx,1,Natri,11 | Natri | 6.365 | mg
food_lau_thap_cam,Lẩu thập cẩm,nutrient_cholesterol,Cholesterol,cholesterol_mg,299.5,mg,tat_ca_mon_an.xlsx,1,Cholesterol,12 | Cholesterol | 2.995 | mg
food_lau_thap_cam,Lẩu thập cẩm,nutrient_kali,Kali,potassium_mg,3191.0,mg,tat_ca_mon_an.xlsx,1,Kali,13 |  Kali | 3.191 | mg
food_lau_thap_cam,Lẩu thập cẩm,nutrient_chat_xo,Chất xơ,fiber_g,10.3,g,tat_ca_mon_an.xlsx,1,Xo,"14 | Xo | 10,3 | 9"
food_lau_ech,Lẩu ếch,nutrient_nang_luong,Năng lượng,energy_kcal,1643.0,kcal,tat_ca_mon_an.xlsx,1,Näng luo'ng,1 | Näng luo'ng | 1.643 | Kcal
food_lau_ech,Lẩu ếch,nutrient_chat_dam,Chất đạm,protein_g,144.6,g,tat_ca_mon_an.xlsx,1,Chät dam,"2 | Chät dam | 144,6 | g"
food_lau_ech,Lẩu ếch,nutrient_chat_beo,Chất béo,fat_g,41.5,g,tat_ca_mon_an.xlsx,1,Chät béo,"3 | Chät béo | 41,5 | g"
food_lau_ech,Lẩu ếch,nutrient_chat_bot_duong,Chất bột đường,carbohydrate_g,179.1,g,tat_ca_mon_an.xlsx,1,Chát böt durng,"4 |  Chát böt durng | 179,1 | g"
food_lau_ech,Lẩu ếch,nutrient_vitamin_a,Vitamin A,vitamin_a_mcg,302.3,mcg,tat_ca_mon_an.xlsx,1,Vitamin A,"5 |  Vitamin A | 302,3 | g"
food_lau_ech,Lẩu ếch,nutrient_beta_carotene,Beta-carotene,beta_carotene_mcg,672.0,mcg,tat_ca_mon_an.xlsx,1,Beta-caroten,6 | Beta-caroten | 672 | g
food_lau_ech,Lẩu ếch,nutrient_vitamin_c,Vitamin C,vitamin_c_mg,302.3,mg,tat_ca_mon_an.xlsx,1,Vitamin C,"7 | Vitamin C | 302,3 | mg"
food_lau_ech,Lẩu ếch,nutrient_canxi,Canxi,calcium_mg,672.3,mg,tat_ca_mon_an.xlsx,1,Canxi,"8 | Canxi | 672,3 | mg"
food_lau_ech,Lẩu ếch,nutrient_sat,Sắt,iron_mg,21.2,mg,tat_ca_mon_an.xlsx,1,sät,"6 | sät | 21,2 | mg"
food_lau_ech,Lẩu ếch,nutrient_kem,Kẽm,zinc_mg,9.6,mg,tat_ca_mon_an.xlsx,1,Kém,"10 | Kém | 9,6 | mg"
food_lau_ech,Lẩu ếch,nutrient_natri,Natri,sodium_mg,5183.0,mg,tat_ca_mon_an.xlsx,1,Natri,11 | Natri | 5.183 | mg
food_lau_ech,Lẩu ếch,nutrient_cholesterol,Cholesterol,cholesterol_mg,250.0,mg,tat_ca_mon_an.xlsx,1,Cholesterol,12 | Cholesterol | 25.000 | mg
food_lau_ech,Lẩu ếch,nutrient_kali,Kali,potassium_mg,5748.2,mg,tat_ca_mon_an.xlsx,1,Kali,"13 |  Kali | 5.748,2 | mg"
food_lau_ech,Lẩu ếch,nutrient_chat_xo,Chất xơ,fiber_g,24.0,g,tat_ca_mon_an.xlsx,1,Xo,14 | Xo | 24 | 9
food_mien_ga,Miến gà,nutrient_chat_dam,Chất đạm,protein_g,9.5,g,tat_ca_mon_an.xlsx,1,Chät dam,"2 |  Chät dam | 9,5 | g"
food_mien_ga,Miến gà,nutrient_chat_beo,Chất béo,fat_g,9.0,g,tat_ca_mon_an.xlsx,1,Chät béo,3 | Chät béo | 9 | g
food_mien_ga,Miến gà,nutrient_chat_bot_duong,Chất bột đường,carbohydrate_g,45.4,g,tat_ca_mon_an.xlsx,1,Chát böt durng,"4 |  Chát böt durng | 45,4 | g"
food_mien_ga,Miến gà,nutrient_vitamin_a,Vitamin A,vitamin_a_mcg,54.0,mcg,tat_ca_mon_an.xlsx,1,Vitamin A,5 |  Vitamin A | 54 | g
food_mien_ga,Miến gà,nutrient_vitamin_c,Vitamin C,vitamin_c_mg,2.0,mg,tat_ca_mon_an.xlsx,1,Vitamin C,7 | Vitamin C | 2 | mg
food_mien_ga,Miến gà,nutrient_canxi,Canxi,calcium_mg,33.0,mg,tat_ca_mon_an.xlsx,1,Canxi,8 | Canxi | 33 | mg
food_mien_ga,Miến gà,nutrient_sat,Sắt,iron_mg,1.3,mg,tat_ca_mon_an.xlsx,1,sät,"6 | sät | 1,3 | mg"
food_mien_ga,Miến gà,nutrient_kem,Kẽm,zinc_mg,0.7,mg,tat_ca_mon_an.xlsx,1,Kém,"10 | Kém | 0,7 | mg"
food_mien_ga,Miến gà,nutrient_natri,Natri,sodium_mg,1364.0,mg,tat_ca_mon_an.xlsx,1,Natri,11 | Natri | 1.364 | mg
food_mien_ga,Miến gà,nutrient_cholesterol,Cholesterol,cholesterol_mg,37.0,mg,tat_ca_mon_an.xlsx,1,Cholesterol,12 | Cholesterol | 37 | mg
food_mien_ga,Miến gà,nutrient_kali,Kali,potassium_mg,85.0,mg,tat_ca_mon_an.xlsx,1,Kali,13 | Kali | 85 | mg
food_mien_ga,Miến gà,nutrient_chat_xo,Chất xơ,fiber_g,0.9,g,tat_ca_mon_an.xlsx,1,Xo,"14 | Xo | 0,9 | 9"
food_my_quang,Mỳ Quảng,nutrient_chat_dam,Chất đạm,protein_g,18.3,g,tat_ca_mon_an.xlsx,1,Chät dam,"2 | Chät dam | 18,3 | g"
food_my_quang,Mỳ Quảng,nutrient_chat_beo,Chất béo,fat_g,7.7,g,tat_ca_mon_an.xlsx,1,Chät béo,"3 | Chät béo | 7,7 | g"
food_my_quang,Mỳ Quảng,nutrient_chat_bot_duong,Chất bột đường,carbohydrate_g,77.8,g,tat_ca_mon_an.xlsx,1,Chát böt durng,"4 |  Chát böt durng | 77,8 | g"
food_my_quang,Mỳ Quảng,nutrient_vitamin_a,Vitamin A,vitamin_a_mcg,162.3,mcg,tat_ca_mon_an.xlsx,1,Vitamin A,"5 |  Vitamin A | 162,3 | g"
food_my_quang,Mỳ Quảng,nutrient_beta_carotene,Beta-carotene,beta_carotene_mcg,28.1,mcg,tat_ca_mon_an.xlsx,1,Beta-caroten,"6 | Beta-caroten | 28,1 | g"
food_my_quang,Mỳ Quảng,nutrient_vitamin_c,Vitamin C,vitamin_c_mg,1.8,mg,tat_ca_mon_an.xlsx,1,Vitamin C,"7 | Vitamin C | 1,8 | mg"
food_my_quang,Mỳ Quảng,nutrient_canxi,Canxi,calcium_mg,58.0,mg,tat_ca_mon_an.xlsx,1,Canxi,8 | Canxi | 58 | mg
food_my_quang,Mỳ Quảng,nutrient_sat,Sắt,iron_mg,1.7,mg,tat_ca_mon_an.xlsx,1,sät,"6 | sät | 1,7 | mg"
food_my_quang,Mỳ Quảng,nutrient_kem,Kẽm,zinc_mg,0.8,mg,tat_ca_mon_an.xlsx,1,Kém,"10 | Kém | 0,8 | mg"
food_my_quang,Mỳ Quảng,nutrient_natri,Natri,sodium_mg,533.9,mg,tat_ca_mon_an.xlsx,1,Natri,"11 | Natri | 533,9 | mg"
food_my_quang,Mỳ Quảng,nutrient_cholesterol,Cholesterol,cholesterol_mg,157.2,mg,tat_ca_mon_an.xlsx,1,Cholesterol,"12 | Cholesterol | 157,2 | mg"
food_my_quang,Mỳ Quảng,nutrient_kali,Kali,potassium_mg,145.8,mg,tat_ca_mon_an.xlsx,1,Kali,"13 | Kali | 145,8 | mg"
food_my_quang,Mỳ Quảng,nutrient_chat_xo,Chất xơ,fiber_g,0.2,g,tat_ca_mon_an.xlsx,1,Xo,"14 | Xo | 0,2 | 9"
food_my_spaghetti_hai_san,Mỳ spaghetti hải sản,nutrient_chat_dam,Chất đạm,protein_g,14.2,g,tat_ca_mon_an.xlsx,1,Chät &am,"2 | Chät &am | 14,2 | g"
food_my_spaghetti_hai_san,Mỳ spaghetti hải sản,nutrient_chat_beo,Chất béo,fat_g,12.0,g,tat_ca_mon_an.xlsx,1,Chät béo,3 | Chät béo | 12 | g
food_my_spaghetti_hai_san,Mỳ spaghetti hải sản,nutrient_chat_bot_duong,Chất bột đường,carbohydrate_g,42.0,g,tat_ca_mon_an.xlsx,1,Chát böt durng,4 |  Chát böt durng | 42 | g
food_my_spaghetti_hai_san,Mỳ spaghetti hải sản,nutrient_vitamin_a,Vitamin A,vitamin_a_mcg,10.0,mcg,tat_ca_mon_an.xlsx,1,Vitamin A,5 |  Vitamin A | 10 | g
food_my_spaghetti_hai_san,Mỳ spaghetti hải sản,nutrient_beta_carotene,Beta-carotene,beta_carotene_mcg,17.0,mcg,tat_ca_mon_an.xlsx,1,Beta-caroten,6 | Beta-caroten | 17 | g
food_my_spaghetti_hai_san,Mỳ spaghetti hải sản,nutrient_vitamin_c,Vitamin C,vitamin_c_mg,13.0,mg,tat_ca_mon_an.xlsx,1,Vitamin C,7 | Vitamin C | 13 | mg
food_my_spaghetti_hai_san,Mỳ spaghetti hải sản,nutrient_canxi,Canxi,calcium_mg,53.0,mg,tat_ca_mon_an.xlsx,1,Canxi,8 | Canxi | 53 | mg
food_my_spaghetti_hai_san,Mỳ spaghetti hải sản,nutrient_sat,Sắt,iron_mg,1.5,mg,tat_ca_mon_an.xlsx,1,sät,"6 | sät | 1,5 | mg"
food_my_spaghetti_hai_san,Mỳ spaghetti hải sản,nutrient_kem,Kẽm,zinc_mg,1.6,mg,tat_ca_mon_an.xlsx,1,Kém,"10 | Kém | 1,6 | mg"
food_my_spaghetti_hai_san,Mỳ spaghetti hải sản,nutrient_natri,Natri,sodium_mg,459.0,mg,tat_ca_mon_an.xlsx,1,Natri,11 | Natri | 459 | mg
food_my_spaghetti_hai_san,Mỳ spaghetti hải sản,nutrient_cholesterol,Cholesterol,cholesterol_mg,68.0,mg,tat_ca_mon_an.xlsx,1,Cholesterol,12 | Cholesterol | 68 | mg
food_my_spaghetti_hai_san,Mỳ spaghetti hải sản,nutrient_kali,Kali,potassium_mg,203.0,mg,tat_ca_mon_an.xlsx,1,Kali,13 |  Kali | 203 | mg
food_my_spaghetti_hai_san,Mỳ spaghetti hải sản,nutrient_chat_xo,Chất xơ,fiber_g,0.6,g,tat_ca_mon_an.xlsx,1,Xo,"14 | Xo | 0,6 | 9"
food_my_spaghetti_thit_bo,Mỳ spaghetti thịt bò,nutrient_chat_dam,Chất đạm,protein_g,20.2,g,tat_ca_mon_an.xlsx,1,Chät dam,"2 |  Chät dam | 20,2 | g"
food_my_spaghetti_thit_bo,Mỳ spaghetti thịt bò,nutrient_chat_beo,Chất béo,fat_g,15.5,g,tat_ca_mon_an.xlsx,1,Chät béo,"3 | Chät béo | 15,5 | g"
food_my_spaghetti_thit_bo,Mỳ spaghetti thịt bò,nutrient_chat_bot_duong,Chất bột đường,carbohydrate_g,72.2,g,tat_ca_mon_an.xlsx,1,Chát böt durng,"4 |  Chát böt durng | 72,2 | g"
food_my_spaghetti_thit_bo,Mỳ spaghetti thịt bò,nutrient_vitamin_a,Vitamin A,vitamin_a_mcg,74.3,mcg,tat_ca_mon_an.xlsx,1,Vitamin A,"5 |  Vitamin A | 74,3 | g"
food_my_spaghetti_thit_bo,Mỳ spaghetti thịt bò,nutrient_beta_carotene,Beta-carotene,beta_carotene_mcg,2029.2,mcg,tat_ca_mon_an.xlsx,1,Beta-caroten,"6 | Beta-caroten | 2.029,2 | g"
food_my_spaghetti_thit_bo,Mỳ spaghetti thịt bò,nutrient_vitamin_c,Vitamin C,vitamin_c_mg,34.4,mg,tat_ca_mon_an.xlsx,1,Vitamin C,"7 | Vitamin C | 34,4 | mg"
food_my_spaghetti_thit_bo,Mỳ spaghetti thịt bò,nutrient_canxi,Canxi,calcium_mg,182.6,mg,tat_ca_mon_an.xlsx,1,Canxi,"8 | Canxi | 182,6 | mg"
food_my_spaghetti_thit_bo,Mỳ spaghetti thịt bò,nutrient_sat,Sắt,iron_mg,3.7,mg,tat_ca_mon_an.xlsx,1,sät,"6 | sät | 3,7 | mg"
food_my_spaghetti_thit_bo,Mỳ spaghetti thịt bò,nutrient_kem,Kẽm,zinc_mg,2.3,mg,tat_ca_mon_an.xlsx,1,Kém,"10 | Kém | 2,3 | mg"
food_my_spaghetti_thit_bo,Mỳ spaghetti thịt bò,nutrient_natri,Natri,sodium_mg,837.4,mg,tat_ca_mon_an.xlsx,1,Natri,"11 | Natri | 837,4 | mg"
food_my_spaghetti_thit_bo,Mỳ spaghetti thịt bò,nutrient_cholesterol,Cholesterol,cholesterol_mg,89.2,mg,tat_ca_mon_an.xlsx,1,Cholesterol,"12 | Cholesterol | 89,2 | mg"
food_my_spaghetti_thit_bo,Mỳ spaghetti thịt bò,nutrient_kali,Kali,potassium_mg,822.5,mg,tat_ca_mon_an.xlsx,1,Kali,"13 |  Kali | 822,5 | mg"
food_my_spaghetti_thit_bo,Mỳ spaghetti thịt bò,nutrient_chat_xo,Chất xơ,fiber_g,1.6,g,tat_ca_mon_an.xlsx,1,Xo,"14 | Xo | 1,6 | 9"
food_my_thit_bo,Mỳ thịt bò,nutrient_chat_dam,Chất đạm,protein_g,16.6,g,tat_ca_mon_an.xlsx,1,Chät dam,"2 |  Chät dam | 16,6 | g"
food_my_thit_bo,Mỳ thịt bò,nutrient_chat_beo,Chất béo,fat_g,18.5,g,tat_ca_mon_an.xlsx,1,Chät béo,"3 | Chät béo | 18,5 | g"
food_my_thit_bo,Mỳ thịt bò,nutrient_chat_bot_duong,Chất bột đường,carbohydrate_g,47.4,g,tat_ca_mon_an.xlsx,1,Chát böt durng,"4 |  Chát böt durng | 47,4 | g"
food_my_thit_bo,Mỳ thịt bò,nutrient_vitamin_a,Vitamin A,vitamin_a_mcg,0.0,mcg,tat_ca_mon_an.xlsx,1,Vitamin A,5 |  Vitamin A | 0 | g
food_my_thit_bo,Mỳ thịt bò,nutrient_beta_carotene,Beta-carotene,beta_carotene_mcg,1890.0,mcg,tat_ca_mon_an.xlsx,1,Beta-caroten,6 | Beta-caroten | 1.890 | g
food_my_thit_bo,Mỳ thịt bò,nutrient_vitamin_c,Vitamin C,vitamin_c_mg,16.0,mg,tat_ca_mon_an.xlsx,1,Vitamin C,7 | Vitamin C | 16 | mg
food_my_thit_bo,Mỳ thịt bò,nutrient_canxi,Canxi,calcium_mg,37.0,mg,tat_ca_mon_an.xlsx,1,Canxi,8 | Canxi | 37 | mg
food_my_thit_bo,Mỳ thịt bò,nutrient_sat,Sắt,iron_mg,1.9,mg,tat_ca_mon_an.xlsx,1,sät,"6 | sät | 1,9 | mg"
food_my_thit_bo,Mỳ thịt bò,nutrient_kem,Kẽm,zinc_mg,1.2,mg,tat_ca_mon_an.xlsx,1,Kém,"10 | Kém | 1,2 | mg"
food_my_thit_bo,Mỳ thịt bò,nutrient_natri,Natri,sodium_mg,1209.0,mg,tat_ca_mon_an.xlsx,1,Natri,11 | Natri | 1.209 | mg
food_my_thit_bo,Mỳ thịt bò,nutrient_cholesterol,Cholesterol,cholesterol_mg,18.0,mg,tat_ca_mon_an.xlsx,1,Cholesterol,12 | Cholesterol | 18 | mg
food_my_thit_bo,Mỳ thịt bò,nutrient_kali,Kali,potassium_mg,236.0,mg,tat_ca_mon_an.xlsx,1,Kali,13 | Kali | 236 | mg
food_my_thit_bo,Mỳ thịt bò,nutrient_chat_xo,Chất xơ,fiber_g,0.5,g,tat_ca_mon_an.xlsx,1,Xo,"14 | Xo | 0,5 | 9"
food_my_thit_lon,Mỳ thịt lợn,nutrient_chat_dam,Chất đạm,protein_g,17.6,g,tat_ca_mon_an.xlsx,1,Chät dam,"2 | Chät dam | 17,6 | g"
food_my_thit_lon,Mỳ thịt lợn,nutrient_chat_beo,Chất béo,fat_g,20.8,g,tat_ca_mon_an.xlsx,1,Chät béo,"3 | Chät béo | 20,8 | g"
food_my_thit_lon,Mỳ thịt lợn,nutrient_chat_bot_duong,Chất bột đường,carbohydrate_g,46.8,g,tat_ca_mon_an.xlsx,1,Chát böt durng,"4 |  Chát böt durng | 46,8 | g"
food_my_thit_lon,Mỳ thịt lợn,nutrient_vitamin_c,Vitamin C,vitamin_c_mg,0.0,mg,tat_ca_mon_an.xlsx,1,Vitamin C,7 | Vitamin C | 0 | mg
food_my_thit_lon,Mỳ thịt lợn,nutrient_canxi,Canxi,calcium_mg,8.0,mg,tat_ca_mon_an.xlsx,1,Canxi,8 | Canxi | 8 | mg
food_my_thit_lon,Mỳ thịt lợn,nutrient_sat,Sắt,iron_mg,0.5,mg,tat_ca_mon_an.xlsx,1,sät,"6 | sät | 0,5 | mg"
food_my_thit_lon,Mỳ thịt lợn,nutrient_kem,Kẽm,zinc_mg,1.4,mg,tat_ca_mon_an.xlsx,1,Kém,"10 | Kém | 1,4 | mg"
food_my_thit_lon,Mỳ thịt lợn,nutrient_natri,Natri,sodium_mg,1207.0,mg,tat_ca_mon_an.xlsx,1,Natri,11 | Natri | 1.207 | mg
food_my_thit_lon,Mỳ thịt lợn,nutrient_cholesterol,Cholesterol,cholesterol_mg,39.0,mg,tat_ca_mon_an.xlsx,1,Cholesterol,12 | Cholesterol | 39 | mg
food_my_thit_lon,Mỳ thịt lợn,nutrient_kali,Kali,potassium_mg,198.0,mg,tat_ca_mon_an.xlsx,1,Kali,13 |  Kali | 198 | mg
food_my_thit_lon,Mỳ thịt lợn,nutrient_chat_xo,Chất xơ,fiber_g,0.0,g,tat_ca_mon_an.xlsx,1,Xo,14 | Xo | 0 | 9
food_my_tron,Mỳ trộn,nutrient_nang_luong,Năng lượng,energy_kcal,703.5,kcal,tat_ca_mon_an.xlsx,1,Näng luo'ng,"1 | Näng luo'ng | 703,5 | Kcal"
food_my_tron,Mỳ trộn,nutrient_chat_beo,Chất béo,fat_g,22.0,g,tat_ca_mon_an.xlsx,1,Chät béo,3 | Chät béo | 22 | g
food_my_tron,Mỳ trộn,nutrient_chat_bot_duong,Chất bột đường,carbohydrate_g,102.8,g,tat_ca_mon_an.xlsx,1,Chát böt áung,"4 |  Chát böt áung | 102,8 | g"
food_my_tron,Mỳ trộn,nutrient_vitamin_a,Vitamin A,vitamin_a_mcg,126.0,mcg,tat_ca_mon_an.xlsx,1,Vitamin A,5 | Vitamin A | 126 | g
food_my_tron,Mỳ trộn,nutrient_kali,Kali,potassium_mg,556.9,mg,tat_ca_mon_an.xlsx,1,Potassium,"6 |  Potassium | 556,9 | g"
food_my_tron,Mỳ trộn,nutrient_mufa_pufa,MUFA+PUFA,mufa_pufa_g,14.5,g,tat_ca_mon_an.xlsx,1,MUFA+PUFA,"7 | MUFA+PUFA | 14,5 | mg"
food_my_tron,Mỳ trộn,nutrient_canxi,Canxi,calcium_mg,67.7,mg,tat_ca_mon_an.xlsx,1,Canxi,"8 | Canxi | 67,7 | mg"
food_my_tron,Mỳ trộn,nutrient_sat,Sắt,iron_mg,3.6,mg,tat_ca_mon_an.xlsx,1,sät,"6 | sät | 3,6 | mg"
food_my_tron,Mỳ trộn,nutrient_natri,Natri,sodium_mg,3298.8,mg,tat_ca_mon_an.xlsx,1,Natri,"11 | Natri | 3.298,8 | mg"
food_my_tron,Mỳ trộn,nutrient_cholesterol,Cholesterol,cholesterol_mg,49.4,mg,tat_ca_mon_an.xlsx,1,Cholesterol,"12 | Cholesterol | 49,4 | mg"
food_my_tron,Mỳ trộn,nutrient_magie,Magie,magnesium_mg,55.7,mg,tat_ca_mon_an.xlsx,1,Magie,"13 | Magie | 55,7 | mg"
food_my_van_than_sui_cao,"Mỳ vằn thắn, sủi cảo",nutrient_chat_dam,Chất đạm,protein_g,24.2,g,tat_ca_mon_an.xlsx,1,Chät dam,"2 |  Chät dam | 24,2 | g"
food_my_van_than_sui_cao,"Mỳ vằn thắn, sủi cảo",nutrient_chat_beo,Chất béo,fat_g,12.0,g,tat_ca_mon_an.xlsx,1,Chät béo,3 | Chät béo | 12 | g
food_my_van_than_sui_cao,"Mỳ vằn thắn, sủi cảo",nutrient_chat_bot_duong,Chất bột đường,carbohydrate_g,40.6,g,tat_ca_mon_an.xlsx,1,Chát böt durng,"4 |  Chát böt durng | 40,6 | g"
food_my_van_than_sui_cao,"Mỳ vằn thắn, sủi cảo",nutrient_vitamin_a,Vitamin A,vitamin_a_mcg,603.0,mcg,tat_ca_mon_an.xlsx,1,Vitamin A,5 |  Vitamin A | 603 | g
food_my_van_than_sui_cao,"Mỳ vằn thắn, sủi cảo",nutrient_beta_carotene,Beta-carotene,beta_carotene_mcg,329.0,mcg,tat_ca_mon_an.xlsx,1,Beta-caroten,6 | Beta-caroten | 329 | g
food_my_van_than_sui_cao,"Mỳ vằn thắn, sủi cảo",nutrient_canxi,Canxi,calcium_mg,52.7,mg,tat_ca_mon_an.xlsx,1,Canxi,"8 | Canxi | 52,7 | mg"
food_my_van_than_sui_cao,"Mỳ vằn thắn, sủi cảo",nutrient_sat,Sắt,iron_mg,3.8,mg,tat_ca_mon_an.xlsx,1,sät,"6 | sät | 3,8 | mg"
food_my_van_than_sui_cao,"Mỳ vằn thắn, sủi cảo",nutrient_kem,Kẽm,zinc_mg,2.2,mg,tat_ca_mon_an.xlsx,1,Kém,"10 | Kém | 2,2 | mg"
food_my_van_than_sui_cao,"Mỳ vằn thắn, sủi cảo",nutrient_natri,Natri,sodium_mg,860.3,mg,tat_ca_mon_an.xlsx,1,Natri,"11 | Natri | 860,3 | mg"
food_my_van_than_sui_cao,"Mỳ vằn thắn, sủi cảo",nutrient_cholesterol,Cholesterol,cholesterol_mg,57.6,mg,tat_ca_mon_an.xlsx,1,Cholesterol,"12 | Cholesterol | 57,6 | mg"
food_my_van_than_sui_cao,"Mỳ vằn thắn, sủi cảo",nutrient_kali,Kali,potassium_mg,316.0,mg,tat_ca_mon_an.xlsx,1,Kali,13 | Kali | 316 | mg
food_my_van_than_sui_cao,"Mỳ vằn thắn, sủi cảo",nutrient_chat_xo,Chất xơ,fiber_g,0.6,g,tat_ca_mon_an.xlsx,1,Xo,"14 | Xo | 0,6 | 9"
food_my_vit_tiem,Mỳ vịt tiềm,nutrient_chat_dam,Chất đạm,protein_g,34.1,g,tat_ca_mon_an.xlsx,1,Chät &am,"2 | Chät &am | 34,1 | g"
food_my_vit_tiem,Mỳ vịt tiềm,nutrient_chat_beo,Chất béo,fat_g,28.3,g,tat_ca_mon_an.xlsx,1,Chät béo,"3 | Chät béo | 28,3 | g"
food_my_vit_tiem,Mỳ vịt tiềm,nutrient_chat_bot_duong,Chất bột đường,carbohydrate_g,81.2,g,tat_ca_mon_an.xlsx,1,Chát böt durng,"4 |  Chát böt durng | 81,2 | g"
food_my_vit_tiem,Mỳ vịt tiềm,nutrient_vitamin_a,Vitamin A,vitamin_a_mcg,351.0,mcg,tat_ca_mon_an.xlsx,1,Vitamin A,5 |  Vitamin A | 351 | g
food_my_vit_tiem,Mỳ vịt tiềm,nutrient_beta_carotene,Beta-carotene,beta_carotene_mcg,3568.9,mcg,tat_ca_mon_an.xlsx,1,Beta-caroten,"6 | Beta-caroten | 3.568,9 | g"
food_my_vit_tiem,Mỳ vịt tiềm,nutrient_vitamin_c,Vitamin C,vitamin_c_mg,100.5,mg,tat_ca_mon_an.xlsx,1,Vitamin C,"7 | Vitamin C | 100,5 | mg"
food_my_vit_tiem,Mỳ vịt tiềm,nutrient_canxi,Canxi,calcium_mg,227.2,mg,tat_ca_mon_an.xlsx,1,Canxi,"8 | Canxi | 227,2 | mg"
food_my_vit_tiem,Mỳ vịt tiềm,nutrient_sat,Sắt,iron_mg,6.7,mg,tat_ca_mon_an.xlsx,1,sät,"6 | sät | 6,7 | mg"
food_my_vit_tiem,Mỳ vịt tiềm,nutrient_kem,Kẽm,zinc_mg,3.5,mg,tat_ca_mon_an.xlsx,1,Kém,"10 | Kém | 3,5 | mg"
food_my_vit_tiem,Mỳ vịt tiềm,nutrient_natri,Natri,sodium_mg,617.9,mg,tat_ca_mon_an.xlsx,1,Natri,"11 | Natri | 617,9 | mg"
food_my_vit_tiem,Mỳ vịt tiềm,nutrient_cholesterol,Cholesterol,cholesterol_mg,98.8,mg,tat_ca_mon_an.xlsx,1,Cholesterol,"12 | Cholesterol | 98,8 | mg"
food_my_vit_tiem,Mỳ vịt tiềm,nutrient_kali,Kali,potassium_mg,709.2,mg,tat_ca_mon_an.xlsx,1,Kali,"13 | Kali | 709,2 | mg"
food_my_vit_tiem,Mỳ vịt tiềm,nutrient_chat_xo,Chất xơ,fiber_g,3.4,g,tat_ca_mon_an.xlsx,1,Xo,"14 | Xo | 3,4 | 9"
food_my_xao_thap_cam,Mỳ xào thập cẩm,nutrient_nang_luong,Năng lượng,energy_kcal,339.0,kcal,tat_ca_mon_an.xlsx,1,Näng luong,1 | Näng luong | 339 | Kcal
food_my_xao_thap_cam,Mỳ xào thập cẩm,nutrient_chat_dam,Chất đạm,protein_g,13.4,g,tat_ca_mon_an.xlsx,1,Chät dam,"2 |  Chät dam | 13,4 | g"
food_my_xao_thap_cam,Mỳ xào thập cẩm,nutrient_chat_beo,Chất béo,fat_g,12.5,g,tat_ca_mon_an.xlsx,1,Chät béo,"3 | Chät béo | 12,5 | g"
food_my_xao_thap_cam,Mỳ xào thập cẩm,nutrient_chat_bot_duong,Chất bột đường,carbohydrate_g,41.5,g,tat_ca_mon_an.xlsx,1,Chát böt durng,"4 |  Chát böt durng | 41,5 | g"
food_my_xao_thap_cam,Mỳ xào thập cẩm,nutrient_vitamin_a,Vitamin A,vitamin_a_mcg,47.4,mcg,tat_ca_mon_an.xlsx,1,Vitamin A,"5 |  Vitamin A | 47,4 | g"
food_my_xao_thap_cam,Mỳ xào thập cẩm,nutrient_beta_carotene,Beta-carotene,beta_carotene_mcg,2503.9,mcg,tat_ca_mon_an.xlsx,1,Beta-caroten,"6 | Beta-caroten | 2.503,9 | g"
food_my_xao_thap_cam,Mỳ xào thập cẩm,nutrient_vitamin_c,Vitamin C,vitamin_c_mg,27.2,mg,tat_ca_mon_an.xlsx,1,Vitamin C,"7 | Vitamin C | 27,2 | mg"
food_my_xao_thap_cam,Mỳ xào thập cẩm,nutrient_canxi,Canxi,calcium_mg,101.0,mg,tat_ca_mon_an.xlsx,1,Canxi,8 | Canxi | 101 | mg
food_my_xao_thap_cam,Mỳ xào thập cẩm,nutrient_sat,Sắt,iron_mg,8.2,mg,tat_ca_mon_an.xlsx,1,sät,"6 | sät | 8,2 | mg"
food_my_xao_thap_cam,Mỳ xào thập cẩm,nutrient_kem,Kẽm,zinc_mg,2.1,mg,tat_ca_mon_an.xlsx,1,Kém,"10 | Kém | 2,1 | mg"
food_my_xao_thap_cam,Mỳ xào thập cẩm,nutrient_natri,Natri,sodium_mg,697.7,mg,tat_ca_mon_an.xlsx,1,Natri,"11 |  Natri | 697,7 | mg"
food_my_xao_thap_cam,Mỳ xào thập cẩm,nutrient_cholesterol,Cholesterol,cholesterol_mg,213.0,mg,tat_ca_mon_an.xlsx,1,Cholesterol,12 | Cholesterol | 2.130 | mg
food_my_xao_thap_cam,Mỳ xào thập cẩm,nutrient_kali,Kali,potassium_mg,506.5,mg,tat_ca_mon_an.xlsx,1,Kali,"13 |  Kali | 506,5 | mg"
food_my_xao_thap_cam,Mỳ xào thập cẩm,nutrient_chat_xo,Chất xơ,fiber_g,1.6,g,tat_ca_mon_an.xlsx,1,Xo,"14 | Xo | 1,6 | 9"
food_ngao_hoa_hap_sa,Ngao hoa hấp sả,nutrient_chat_dam,Chất đạm,protein_g,37.5,g,tat_ca_mon_an.xlsx,1,Chät dam,"2 |  Chät dam | 37,5 | g"
food_ngao_hoa_hap_sa,Ngao hoa hấp sả,nutrient_chat_beo,Chất béo,fat_g,14.6,g,tat_ca_mon_an.xlsx,1,Chät béo,"3 | Chät béo | 14,6 | g"
food_ngao_hoa_hap_sa,Ngao hoa hấp sả,nutrient_chat_bot_duong,Chất bột đường,carbohydrate_g,51.2,g,tat_ca_mon_an.xlsx,1,Chát böt durng,"4 |  Chát böt durng | 51,2 | g"
food_ngao_hoa_hap_sa,Ngao hoa hấp sả,nutrient_vitamin_a,Vitamin A,vitamin_a_mcg,48.8,mcg,tat_ca_mon_an.xlsx,1,Vitamin A,"5 |  Vitamin A | 48,8 | g"
food_ngao_hoa_hap_sa,Ngao hoa hấp sả,nutrient_beta_carotene,Beta-carotene,beta_carotene_mcg,593.1,mcg,tat_ca_mon_an.xlsx,1,Beta-caroten,"6 | Beta-caroten | 593,1 | g"
food_ngao_hoa_hap_sa,Ngao hoa hấp sả,nutrient_vitamin_c,Vitamin C,vitamin_c_mg,19.4,mg,tat_ca_mon_an.xlsx,1,Vitamin C,"7 | Vitamin C | 19,4 | mg"
food_ngao_hoa_hap_sa,Ngao hoa hấp sả,nutrient_canxi,Canxi,calcium_mg,1520.9,mg,tat_ca_mon_an.xlsx,1,Canxi,"8 | Canxi | 1.520,9 | mg"
food_ngao_hoa_hap_sa,Ngao hoa hấp sả,nutrient_sat,Sắt,iron_mg,11.0,mg,tat_ca_mon_an.xlsx,1,sät,6 | sät | 11 | mg
food_ngao_hoa_hap_sa,Ngao hoa hấp sả,nutrient_kem,Kẽm,zinc_mg,2.0,mg,tat_ca_mon_an.xlsx,1,Kém,10 | Kém | 2 | bu
food_ngao_hoa_hap_sa,Ngao hoa hấp sả,nutrient_natri,Natri,sodium_mg,1658.9,mg,tat_ca_mon_an.xlsx,1,Natri,"11 | Natri | 1.658,9 | mg"
food_ngao_hoa_hap_sa,Ngao hoa hấp sả,nutrient_magie,Magie,magnesium_mg,81.7,mg,tat_ca_mon_an.xlsx,1,Magie,"12 | Magie | 81,7 | mg"
food_ngao_trang_hap,Ngao trắng hấp,nutrient_nang_luong,Năng lượng,energy_kcal,226.2,kcal,tat_ca_mon_an.xlsx,1,Nang luang,"1 |  Nang luang | 226,2 |  Kcal"
food_ngao_trang_hap,Ngao trắng hấp,nutrient_chat_dam,Chất đạm,protein_g,27.5,g,tat_ca_mon_an.xlsx,1,Chät dam,"2 |  Chät dam | 27,5 | g"
food_ngao_trang_hap,Ngao trắng hấp,nutrient_chat_beo,Chất béo,fat_g,2.2,g,tat_ca_mon_an.xlsx,1,Chät béo,"3 | Chät béo | 2,2 | g"
food_ngao_trang_hap,Ngao trắng hấp,nutrient_chat_bot_duong,Chất bột đường,carbohydrate_g,24.1,g,tat_ca_mon_an.xlsx,1,Chát böt durng,"4 |  Chát böt durng | 24,1 | g"
food_ngao_trang_hap,Ngao trắng hấp,nutrient_vitamin_a,Vitamin A,vitamin_a_mcg,0.4,mcg,tat_ca_mon_an.xlsx,1,Vitamin A,"5 |  Vitamin A | 0,4 | g"
food_ngao_trang_hap,Ngao trắng hấp,nutrient_beta_carotene,Beta-carotene,beta_carotene_mcg,0.5,mcg,tat_ca_mon_an.xlsx,1,Beta-caroten,"6 | Beta-caroten | 0,5 | g"
food_ngao_trang_hap,Ngao trắng hấp,nutrient_vitamin_c,Vitamin C,vitamin_c_mg,6.2,mg,tat_ca_mon_an.xlsx,1,Vitamin C,"7 | Vitamin C | 6,2 | mg"
food_ngao_trang_hap,Ngao trắng hấp,nutrient_canxi,Canxi,calcium_mg,593.5,mg,tat_ca_mon_an.xlsx,1,Canxi,"8 | Canxi | 593,5 | mg"
food_ngao_trang_hap,Ngao trắng hấp,nutrient_sat,Sắt,iron_mg,0.1,mg,tat_ca_mon_an.xlsx,1,sät,"6 | sät | 0,1 | mg"
food_ngao_trang_hap,Ngao trắng hấp,nutrient_natri,Natri,sodium_mg,680.7,mg,tat_ca_mon_an.xlsx,1,Natri,"10 | Natri | 680,7 | mg"
food_ngao_trang_hap,Ngao trắng hấp,nutrient_magie,Magie,magnesium_mg,16.2,mg,tat_ca_mon_an.xlsx,1,Magie,"11 | Magie | 16,2 | mg"
food_nuoc_chanh_leo,Nước chanh leo,nutrient_nang_luong,Năng lượng,energy_kcal,66.0,kcal,tat_ca_mon_an.xlsx,1,Näng luong,1 | Näng luong | 66 | Kcal
food_nuoc_chanh_leo,Nước chanh leo,nutrient_chat_dam,Chất đạm,protein_g,0.5,g,tat_ca_mon_an.xlsx,1,Chät dam,"2 | Chät dam | 0,5 | g"
food_nuoc_chanh_leo,Nước chanh leo,nutrient_chat_beo,Chất béo,fat_g,0.2,g,tat_ca_mon_an.xlsx,1,Chät béo,"3 | Chät béo | 0,2 | g"
food_nuoc_chanh_leo,Nước chanh leo,nutrient_chat_bot_duong,Chất bột đường,carbohydrate_g,15.6,g,tat_ca_mon_an.xlsx,1,Chát böt durng,"4 |  Chát böt durng | 15,6 | g"
food_nuoc_chanh_leo,Nước chanh leo,nutrient_vitamin_a,Vitamin A,vitamin_a_mcg,15.4,mcg,tat_ca_mon_an.xlsx,1,Vitamin A,"5 |  Vitamin A | 15,4 | g"
food_nuoc_chanh_leo,Nước chanh leo,nutrient_kali,Kali,potassium_mg,83.7,mg,tat_ca_mon_an.xlsx,1,Potassium,"6 |  Potassium | 83,7 | mg"
food_nuoc_chanh_leo,Nước chanh leo,nutrient_mufa_pufa,MUFA+PUFA,mufa_pufa_g,0.1,g,tat_ca_mon_an.xlsx,1,MUFA+PUFA,"7 | MUFA+PUFA | 0,1 | 9"
food_nuoc_chanh_leo,Nước chanh leo,nutrient_canxi,Canxi,calcium_mg,3.3,mg,tat_ca_mon_an.xlsx,1,Calcium,"8 |  Calcium | 3,3 | mg"
food_nuoc_chanh_leo,Nước chanh leo,nutrient_sat,Sắt,iron_mg,0.4,mg,tat_ca_mon_an.xlsx,1,Iron,"6 | Iron | 0,4 | mg"
food_nuoc_chanh_leo,Nước chanh leo,nutrient_natri,Natri,sodium_mg,6.7,mg,tat_ca_mon_an.xlsx,1,Natri,"10 | Natri | 6,7 | mg"
food_nuoc_mia,Nước mía,nutrient_nang_luong,Năng lượng,energy_kcal,269.4,kcal,tat_ca_mon_an.xlsx,1,Näng luong,"1 | Näng luong | 269,4 |  Kcal"
food_nuoc_mia,Nước mía,nutrient_chat_dam,Chất đạm,protein_g,0.1,g,tat_ca_mon_an.xlsx,1,Chät dam,"2 |  Chät dam | 0,1 | g"
food_nuoc_mia,Nước mía,nutrient_chat_bot_duong,Chất bột đường,carbohydrate_g,67.3,g,tat_ca_mon_an.xlsx,1,Chát böt durng,"3 |  Chát böt durng | 67,3 | g"
food_nuoc_mia,Nước mía,nutrient_vitamin_a,Vitamin A,vitamin_a_mcg,0.5,mcg,tat_ca_mon_an.xlsx,1,Vitamin A,"4 | Vitamin A | 0,5 | g"
food_nuoc_mia,Nước mía,nutrient_beta_carotene,Beta-carotene,beta_carotene_mcg,6.0,mcg,tat_ca_mon_an.xlsx,1,Beta-caroten,5 | Beta-caroten | 6 | g
food_nuoc_mia,Nước mía,nutrient_vitamin_c,Vitamin C,vitamin_c_mg,2.6,mg,tat_ca_mon_an.xlsx,1,Vitamin C,"9 |  Vitamin C | 2,6 | mg"
food_nuoc_mia,Nước mía,nutrient_canxi,Canxi,calcium_mg,7.4,mg,tat_ca_mon_an.xlsx,1,Canxi,"7 | Canxi | 7,4 | mg"
food_nuoc_ep_cam_size_l,Nước ép cam (size l),nutrient_nang_luong,Năng lượng,energy_kcal,176.8,kcal,tat_ca_mon_an.xlsx,1,Näng luong,"1 | Näng luong | 176,8 | Kcal"
food_nuoc_ep_cam_size_l,Nước ép cam (size l),nutrient_chat_dam,Chất đạm,protein_g,3.4,g,tat_ca_mon_an.xlsx,1,Chät dam,"2 |  Chät dam | 3,4 | g"
food_nuoc_ep_cam_size_l,Nước ép cam (size l),nutrient_chat_bot_duong,Chất bột đường,carbohydrate_g,40.8,g,tat_ca_mon_an.xlsx,1,Chát böt durng,"3 |  Chát böt durng | 40,8 | g"
food_nuoc_ep_cam_size_l,Nước ép cam (size l),nutrient_vitamin_a,Vitamin A,vitamin_a_mcg,29.4,mcg,tat_ca_mon_an.xlsx,1,Vitamin A,"4 |  Vitamin A | 29,4 | g"
food_nuoc_ep_cam_size_l,Nước ép cam (size l),nutrient_beta_carotene,Beta-carotene,beta_carotene_mcg,109.9,mcg,tat_ca_mon_an.xlsx,1,Beta-caroten,"5 | Beta-caroten | 109,9 | g"
food_nuoc_ep_cam_size_l,Nước ép cam (size l),nutrient_vitamin_c,Vitamin C,vitamin_c_mg,151.6,mg,tat_ca_mon_an.xlsx,1,Vitamin C,"6 |  Vitamin C | 151,6 | mg"
food_nuoc_ep_cam_size_l,Nước ép cam (size l),nutrient_canxi,Canxi,calcium_mg,130.7,mg,tat_ca_mon_an.xlsx,1,Canxi,"7 | Canxi | 130,7 | mg"
food_nuoc_ep_cam_size_l,Nước ép cam (size l),nutrient_sat,Sắt,iron_mg,1.5,mg,tat_ca_mon_an.xlsx,1,sät,"8 | sät | 1,5 | mg"
food_nuoc_ep_cam_size_l,Nước ép cam (size l),nutrient_kem,Kẽm,zinc_mg,0.8,mg,tat_ca_mon_an.xlsx,1,Kém,"6 | Kém | 0,8 | mg"
food_nuoc_ep_cam_size_l,Nước ép cam (size l),nutrient_natri,Natri,sodium_mg,13.3,mg,tat_ca_mon_an.xlsx,1,Natri,"10 | Natri | 13,3 | mg"
food_nuoc_ep_cam_size_l,Nước ép cam (size l),nutrient_magie,Magie,magnesium_mg,37.9,mg,tat_ca_mon_an.xlsx,1,Magie,"11 | Magie | 37,9 | mg"
food_nuoc_ep_chanh_leo,Nước ép chanh leo,nutrient_nang_luong,Năng lượng,energy_kcal,67.3,kcal,tat_ca_mon_an.xlsx,1,Näng luong,"1 | Näng luong | 67,3 | Kcal"
food_nuoc_ep_chanh_leo,Nước ép chanh leo,nutrient_chat_dam,Chất đạm,protein_g,0.7,g,tat_ca_mon_an.xlsx,1,Chät dam,"2 | Chät dam | 0,7 | g"
food_nuoc_ep_chanh_leo,Nước ép chanh leo,nutrient_chat_beo,Chất béo,fat_g,0.2,g,tat_ca_mon_an.xlsx,1,Chät béo,"3 | Chät béo | 0,2 | g"
food_nuoc_ep_chanh_leo,Nước ép chanh leo,nutrient_chat_bot_duong,Chất bột đường,carbohydrate_g,15.7,g,tat_ca_mon_an.xlsx,1,Chát böt durng,"4 |  Chát böt durng | 15,7 | g"
food_nuoc_ep_chanh_leo,Nước ép chanh leo,nutrient_vitamin_a,Vitamin A,vitamin_a_mcg,19.3,mcg,tat_ca_mon_an.xlsx,1,Vitamin A,"5 |  Vitamin A | 19,3 | g"
food_nuoc_ep_chanh_leo,Nước ép chanh leo,nutrient_beta_carotene,Beta-carotene,beta_carotene_mcg,224.0,mcg,tat_ca_mon_an.xlsx,1,Beta-caroten,6 | Beta-caroten | 224 | g
food_nuoc_ep_chanh_leo,Nước ép chanh leo,nutrient_vitamin_c,Vitamin C,vitamin_c_mg,9.0,mg,tat_ca_mon_an.xlsx,1,Vitamin C,7 | Vitamin C | 9 | mg
food_nuoc_ep_chanh_leo,Nước ép chanh leo,nutrient_canxi,Canxi,calcium_mg,7.9,mg,tat_ca_mon_an.xlsx,1,Canxi,"8 | Canxi | 7,9 | mg"
food_nuoc_ep_chanh_leo,Nước ép chanh leo,nutrient_sat,Sắt,iron_mg,0.5,mg,tat_ca_mon_an.xlsx,1,sät,"6 | sät | 0,5 | mg"
food_nuoc_ep_chanh_leo,Nước ép chanh leo,nutrient_natri,Natri,sodium_mg,8.4,mg,tat_ca_mon_an.xlsx,1,Natri,"10 | Natri | 8,4 | mg"
food_nuoc_ep_chanh_leo,Nước ép chanh leo,nutrient_magie,Magie,magnesium_mg,8.7,mg,tat_ca_mon_an.xlsx,1,Magie,"11 | Magie | 8,7 | mg"
food_nuoc_ep_dua_hau,Nước ép dưa hấu,nutrient_chat_dam,Chất đạm,protein_g,5.7,g,tat_ca_mon_an.xlsx,1,Chät dam,"2 |  Chät dam | 5,7 | g"
food_nuoc_ep_dua_hau,Nước ép dưa hấu,nutrient_chat_beo,Chất béo,fat_g,1.0,g,tat_ca_mon_an.xlsx,1,Chät béo,3 | Chät béo | 1 | g
food_nuoc_ep_dua_hau,Nước ép dưa hấu,nutrient_chat_bot_duong,Chất bột đường,carbohydrate_g,13.4,g,tat_ca_mon_an.xlsx,1,Chát böt durng,"4 |  Chát böt durng | 13,4 | g"
food_nuoc_ep_dua_hau,Nước ép dưa hấu,nutrient_vitamin_a,Vitamin A,vitamin_a_mcg,176.1,mcg,tat_ca_mon_an.xlsx,1,Vitamin A,"5 |  Vitamin A | 176,1 | g"
food_nuoc_ep_dua_hau,Nước ép dưa hấu,nutrient_beta_carotene,Beta-carotene,beta_carotene_mcg,1926.3,mcg,tat_ca_mon_an.xlsx,1,Beta-caroten,"6 | Beta-caroten | 1.926,3 | g"
food_nuoc_ep_dua_hau,Nước ép dưa hấu,nutrient_vitamin_c,Vitamin C,vitamin_c_mg,33.5,mg,tat_ca_mon_an.xlsx,1,Vitamin C,"7 | Vitamin C | 33,5 | mg"
food_nuoc_ep_dua_hau,Nước ép dưa hấu,nutrient_canxi,Canxi,calcium_mg,38.2,mg,tat_ca_mon_an.xlsx,1,Canxi,"8 | Canxi | 38,2 | mg"
food_nuoc_ep_dua_hau,Nước ép dưa hấu,nutrient_sat,Sắt,iron_mg,4.8,mg,tat_ca_mon_an.xlsx,1,sät,"6 | sät | 4,8 | mg"
food_nuoc_ep_dua_hau,Nước ép dưa hấu,nutrient_kem,Kẽm,zinc_mg,0.5,mg,tat_ca_mon_an.xlsx,1,Kém,"10 | Kém | 0,5 | mg"
food_nuoc_ep_dua_hau,Nước ép dưa hấu,nutrient_natri,Natri,sodium_mg,21.5,mg,tat_ca_mon_an.xlsx,1,Natri,"11 |  Natri | 21,5 | mg"
food_nuoc_ep_dua_hau,Nước ép dưa hấu,nutrient_magie,Magie,magnesium_mg,71.7,mg,tat_ca_mon_an.xlsx,1,Magie,"12 | Magie | 71,7 | mg"
food_nuoc_ep_dua,Nước ép dứa,nutrient_chat_dam,Chất đạm,protein_g,4.4,g,tat_ca_mon_an.xlsx,1,Chät dam,"2 |  Chät dam | 4,4 | g"
food_nuoc_ep_dua,Nước ép dứa,nutrient_chat_bot_duong,Chất bột đường,carbohydrate_g,40.0,g,tat_ca_mon_an.xlsx,1,Chát böt durng,3 |  Chát böt durng | 40 | g
food_nuoc_ep_dua,Nước ép dứa,nutrient_vitamin_a,Vitamin A,vitamin_a_mcg,902.0,mcg,tat_ca_mon_an.xlsx,1,Vitamin A,4 |  Vitamin A | 902 | ug
food_nuoc_ep_dua,Nước ép dứa,nutrient_beta_carotene,Beta-carotene,beta_carotene_mcg,109.0,mcg,tat_ca_mon_an.xlsx,1,Beta-caroten,5 | Beta-caroten | 109 | g
food_nuoc_ep_dua,Nước ép dứa,nutrient_vitamin_c,Vitamin C,vitamin_c_mg,145.0,mg,tat_ca_mon_an.xlsx,1,Vitamin C,6 |  Vitamin C | 145 | mg
food_nuoc_ep_dua,Nước ép dứa,nutrient_canxi,Canxi,calcium_mg,72.0,mg,tat_ca_mon_an.xlsx,1,Canxi,7 | Canxi | 72 | mg
food_nuoc_ep_dua,Nước ép dứa,nutrient_sat,Sắt,iron_mg,1.9,mg,tat_ca_mon_an.xlsx,1,sät,"8 | sät | 1,9 | mg"
food_nuoc_ep_dua,Nước ép dứa,nutrient_kem,Kẽm,zinc_mg,0.9,mg,tat_ca_mon_an.xlsx,1,Kém,"6 | Kém | 0,9 | mg"
food_nuoc_ep_dua,Nước ép dứa,nutrient_natri,Natri,sodium_mg,70.1,mg,tat_ca_mon_an.xlsx,1,Natri,"10 | Natri | 70,1 | mg"
food_nuoc_ep_dua,Nước ép dứa,nutrient_magie,Magie,magnesium_mg,88.3,mg,tat_ca_mon_an.xlsx,1,Magie,"11 | Magie | 88,3 | mg"
food_nuoc_ep_oi_size_l,Nước ép ổi (size l),nutrient_nang_luong,Năng lượng,energy_kcal,346.3,kcal,tat_ca_mon_an.xlsx,1,Nang luang,"1 |  Nang luang | 346,3 | Kcal"
food_nuoc_ep_oi_size_l,Nước ép ổi (size l),nutrient_chat_dam,Chất đạm,protein_g,3.5,g,tat_ca_mon_an.xlsx,1,Chät dam,"2 |  Chät dam | 3,5 | g"
food_nuoc_ep_oi_size_l,Nước ép ổi (size l),nutrient_chat_bot_duong,Chất bột đường,carbohydrate_g,83.1,g,tat_ca_mon_an.xlsx,1,Chát böt durng,"3 |  Chát böt durng | 83,1 | 6"
food_nuoc_ep_oi_size_l,Nước ép ổi (size l),nutrient_vitamin_a,Vitamin A,vitamin_a_mcg,180.8,mcg,tat_ca_mon_an.xlsx,1,Vitamin A,"4 |  Vitamin A | 180,8 | g"
food_nuoc_ep_oi_size_l,Nước ép ổi (size l),nutrient_beta_carotene,Beta-carotene,beta_carotene_mcg,2169.2,mcg,tat_ca_mon_an.xlsx,1,Beta-caroten,"5 | Beta-caroten | 2.169,2 | g"
food_nuoc_ep_oi_size_l,Nước ép ổi (size l),nutrient_vitamin_c,Vitamin C,vitamin_c_mg,359.6,mg,tat_ca_mon_an.xlsx,1,Vitamin C,"6 |  Vitamin C | 359,6 | mg"
food_nuoc_ep_oi_size_l,Nước ép ổi (size l),nutrient_canxi,Canxi,calcium_mg,59.8,mg,tat_ca_mon_an.xlsx,1,Canxi,"7 | Canxi | 59,8 | mg"
food_nuoc_ep_oi_size_l,Nước ép ổi (size l),nutrient_sat,Sắt,iron_mg,7.6,mg,tat_ca_mon_an.xlsx,1,sät,"8 | sät | 7,6 | mg"
food_nuoc_ep_oi_size_l,Nước ép ổi (size l),nutrient_kem,Kẽm,zinc_mg,13.9,mg,tat_ca_mon_an.xlsx,1,Kém,"6 | Kém | 13,9 | mg"
food_nuoc_ep_oi_size_l,Nước ép ổi (size l),nutrient_natri,Natri,sodium_mg,23.2,mg,tat_ca_mon_an.xlsx,1,Natri,"10 | Natri | 23,2 | mg"
food_nuoc_ep_oi_size_l,Nước ép ổi (size l),nutrient_magie,Magie,magnesium_mg,127.6,mg,tat_ca_mon_an.xlsx,1,Magie,"11 | Magie | 127,6 | mg"
food_nom_hoa_chuoi_thit_ga,Nộm hoa chuối thịt gà,nutrient_nang_luong,Năng lượng,energy_kcal,604.0,kcal,tat_ca_mon_an.xlsx,1,Näng luong,1 | Näng luong | 604 | Kcal
food_nom_hoa_chuoi_thit_ga,Nộm hoa chuối thịt gà,nutrient_chat_dam,Chất đạm,protein_g,34.1,g,tat_ca_mon_an.xlsx,1,Chät &am,"2 | Chät &am | 34,1 | g"
food_nom_hoa_chuoi_thit_ga,Nộm hoa chuối thịt gà,nutrient_chat_beo,Chất béo,fat_g,29.3,g,tat_ca_mon_an.xlsx,1,Chät béo,"3 | Chät béo | 29,3 | g"
food_nom_hoa_chuoi_thit_ga,Nộm hoa chuối thịt gà,nutrient_chat_bot_duong,Chất bột đường,carbohydrate_g,50.1,g,tat_ca_mon_an.xlsx,1,Chát böt durng,"4 |  Chát böt durng | 50,1 | g"
food_nom_hoa_chuoi_thit_ga,Nộm hoa chuối thịt gà,nutrient_vitamin_a,Vitamin A,vitamin_a_mcg,103.7,mcg,tat_ca_mon_an.xlsx,1,Vitamin A,"5 | Vitamin A | 103,7 | g"
food_nom_hoa_chuoi_thit_ga,Nộm hoa chuối thịt gà,nutrient_beta_carotene,Beta-carotene,beta_carotene_mcg,3547.1,mcg,tat_ca_mon_an.xlsx,1,Beta-caroten,"6 | Beta-caroten | 3.547,1 | g"
food_nom_hoa_chuoi_thit_ga,Nộm hoa chuối thịt gà,nutrient_vitamin_c,Vitamin C,vitamin_c_mg,44.7,mg,tat_ca_mon_an.xlsx,1,Vitamin C,"7 | Vitamin C | 44,7 | mg"
food_nom_hoa_chuoi_thit_ga,Nộm hoa chuối thịt gà,nutrient_canxi,Canxi,calcium_mg,329.6,mg,tat_ca_mon_an.xlsx,1,Canxi,"8 | Canxi | 329,6 | mg"
food_nom_hoa_chuoi_thit_ga,Nộm hoa chuối thịt gà,nutrient_sat,Sắt,iron_mg,6.6,mg,tat_ca_mon_an.xlsx,1,sät,"6 | sät | 6,6 | mg"
food_nom_hoa_chuoi_thit_ga,Nộm hoa chuối thịt gà,nutrient_kem,Kẽm,zinc_mg,4.1,mg,tat_ca_mon_an.xlsx,1,Kém,"10 | Kém | 4,1 | mg"
food_nom_hoa_chuoi_thit_ga,Nộm hoa chuối thịt gà,nutrient_natri,Natri,sodium_mg,263.2,mg,tat_ca_mon_an.xlsx,1,Natri,"11 | Natri | 263,2 | mg"
food_nom_hoa_chuoi_thit_ga,Nộm hoa chuối thịt gà,nutrient_cholesterol,Cholesterol,cholesterol_mg,69.1,mg,tat_ca_mon_an.xlsx,1,Cholesterol,"12 | Cholesterol | 69,1 | mg"
food_nom_hoa_chuoi_thit_ga,Nộm hoa chuối thịt gà,nutrient_kali,Kali,potassium_mg,1599.0,mg,tat_ca_mon_an.xlsx,1,Kali,13 |  Kali | 1.599 | mg
food_nom_hoa_chuoi_thit_ga,Nộm hoa chuối thịt gà,nutrient_chat_xo,Chất xơ,fiber_g,6.9,g,tat_ca_mon_an.xlsx,1,Xo,"14 | Xo | 6,9 | 9"
food_nom_rau_muong,Nộm rau muống,nutrient_nang_luong,Năng lượng,energy_kcal,230.0,kcal,tat_ca_mon_an.xlsx,1,Näng luo'ng,1 | Näng luo'ng | 230 | Kcal
food_nom_rau_muong,Nộm rau muống,nutrient_chat_dam,Chất đạm,protein_g,10.8,g,tat_ca_mon_an.xlsx,1,Chät &am,"2 | Chät &am | 10,8 | g"
food_nom_rau_muong,Nộm rau muống,nutrient_chat_beo,Chất béo,fat_g,15.9,g,tat_ca_mon_an.xlsx,1,Chät béo,"3 | Chät béo | 15,9 | g"
food_nom_rau_muong,Nộm rau muống,nutrient_chat_bot_duong,Chất bột đường,carbohydrate_g,7.7,g,tat_ca_mon_an.xlsx,1,Chát böt durng,"4 |  Chát böt durng | 7,7 | g"
food_nom_rau_muong,Nộm rau muống,nutrient_vitamin_a,Vitamin A,vitamin_a_mcg,0.0,mcg,tat_ca_mon_an.xlsx,1,Vitamin A,5 |  Vitamin A | 0 | g
food_nom_rau_muong,Nộm rau muống,nutrient_beta_carotene,Beta-carotene,beta_carotene_mcg,13994.0,mcg,tat_ca_mon_an.xlsx,1,Beta-caroten,6 | Beta-caroten | 13.994 | g
food_nom_rau_muong,Nộm rau muống,nutrient_vitamin_c,Vitamin C,vitamin_c_mg,72.9,mg,tat_ca_mon_an.xlsx,1,Vitamin C,"7 | Vitamin C | 72,9 | mg"
food_nom_rau_muong,Nộm rau muống,nutrient_canxi,Canxi,calcium_mg,271.0,mg,tat_ca_mon_an.xlsx,1,Canxi,8 | Canxi | 271 | mg
food_nom_rau_muong,Nộm rau muống,nutrient_sat,Sắt,iron_mg,3.8,mg,tat_ca_mon_an.xlsx,1,sät,"6 | sät | 3,8 | mg"
food_nom_rau_muong,Nộm rau muống,nutrient_kem,Kẽm,zinc_mg,1.0,mg,tat_ca_mon_an.xlsx,1,Kém,"10 | Kém | 1,0 | mg"
food_nom_rau_muong,Nộm rau muống,nutrient_natri,Natri,sodium_mg,986.0,mg,tat_ca_mon_an.xlsx,1,Natri,11 | Natri | 986 | mg
food_nom_rau_muong,Nộm rau muống,nutrient_cholesterol,Cholesterol,cholesterol_mg,0.0,mg,tat_ca_mon_an.xlsx,1,Cholesterol,12 | Cholesterol | 0 | mg
food_nom_rau_muong,Nộm rau muống,nutrient_kali,Kali,potassium_mg,897.0,mg,tat_ca_mon_an.xlsx,1,Kali,13 |  Kali | 897 | mg
food_nom_tai_heo_thap_cam,Nộm tai heo thập cẩm,nutrient_nang_luong,Năng lượng,energy_kcal,505.0,kcal,tat_ca_mon_an.xlsx,1,Näng luong,1 | Näng luong | 505 | Kcal
food_nom_tai_heo_thap_cam,Nộm tai heo thập cẩm,nutrient_chat_beo,Chất béo,fat_g,25.0,g,tat_ca_mon_an.xlsx,1,Chät béo,3 | Chät béo | 25 | g
food_nom_tai_heo_thap_cam,Nộm tai heo thập cẩm,nutrient_chat_bot_duong,Chất bột đường,carbohydrate_g,27.0,g,tat_ca_mon_an.xlsx,1,Chát böt durng,4 |  Chát böt durng | 27 | g
food_nom_tai_heo_thap_cam,Nộm tai heo thập cẩm,nutrient_vitamin_a,Vitamin A,vitamin_a_mcg,0.0,mcg,tat_ca_mon_an.xlsx,1,Vitamin A,5 | Vitamin A | 0 | g
food_nom_tai_heo_thap_cam,Nộm tai heo thập cẩm,nutrient_beta_carotene,Beta-carotene,beta_carotene_mcg,1505.0,mcg,tat_ca_mon_an.xlsx,1,Beta-caroten,6 | Beta-caroten | 1.505 | g
food_nom_tai_heo_thap_cam,Nộm tai heo thập cẩm,nutrient_vitamin_c,Vitamin C,vitamin_c_mg,20.0,mg,tat_ca_mon_an.xlsx,1,Vitamin C,7 | Vitamin C | 20 | mg
food_nom_tai_heo_thap_cam,Nộm tai heo thập cẩm,nutrient_canxi,Canxi,calcium_mg,317.0,mg,tat_ca_mon_an.xlsx,1,Canxi,8 | Canxi | 317 | mg
food_nom_tai_heo_thap_cam,Nộm tai heo thập cẩm,nutrient_sat,Sắt,iron_mg,10.0,mg,tat_ca_mon_an.xlsx,1,sät,6 | sät | 10 | mg
food_nom_tai_heo_thap_cam,Nộm tai heo thập cẩm,nutrient_kem,Kẽm,zinc_mg,3.0,mg,tat_ca_mon_an.xlsx,1,Kém,10 | Kém | 3 | mg
food_nom_tai_heo_thap_cam,Nộm tai heo thập cẩm,nutrient_natri,Natri,sodium_mg,1045.0,mg,tat_ca_mon_an.xlsx,1,Natri,11 | Natri | 1.045 | mg
food_nom_tai_heo_thap_cam,Nộm tai heo thập cẩm,nutrient_cholesterol,Cholesterol,cholesterol_mg,123.0,mg,tat_ca_mon_an.xlsx,1,Cholesterol,12 | Cholesterol | 123 | mg
food_nom_tai_heo_thap_cam,Nộm tai heo thập cẩm,nutrient_kali,Kali,potassium_mg,780.0,mg,tat_ca_mon_an.xlsx,1,Kali,13 |  Kali | 780 | mg
food_nom_tai_heo_thap_cam,Nộm tai heo thập cẩm,nutrient_chat_xo,Chất xơ,fiber_g,9.0,g,tat_ca_mon_an.xlsx,1,Xo,14 | Xo | 9 | 9
food_phong_tom_chien,Phồng tôm chiên,nutrient_nang_luong,Năng lượng,energy_kcal,104.0,kcal,tat_ca_mon_an.xlsx,1,Nang luang,7 |  Nang luang | 104 |  Kcal
food_phong_tom_chien,Phồng tôm chiên,nutrient_chat_dam,Chất đạm,protein_g,2.6,g,tat_ca_mon_an.xlsx,1,Chät &am,"2 | Chät &am | 2,6 | g"
food_phong_tom_chien,Phồng tôm chiên,nutrient_chat_beo,Chất béo,fat_g,11.6,g,tat_ca_mon_an.xlsx,1,Chät béo,"3 | Chät béo | 11,6 | g"
food_phong_tom_chien,Phồng tôm chiên,nutrient_chat_bot_duong,Chất bột đường,carbohydrate_g,42.4,g,tat_ca_mon_an.xlsx,1,Chát böt durng,"4 |  Chát böt durng | 42,4 | g"
food_phong_tom_chien,Phồng tôm chiên,nutrient_natri,Natri,sodium_mg,796.0,mg,tat_ca_mon_an.xlsx,1,Natri,11 | Natri | 796 | mg
food_pho_bo_chin_binh_dan,Phở bò chín bình dân,nutrient_chat_dam,Chất đạm,protein_g,16.1,g,tat_ca_mon_an.xlsx,1,Chät dam,"2 | Chät dam | 16,1 | g"
food_pho_bo_chin_binh_dan,Phở bò chín bình dân,nutrient_chat_beo,Chất béo,fat_g,5.1,g,tat_ca_mon_an.xlsx,1,Chät béo,"3 | Chät béo | 5,1 | g"
food_pho_bo_chin_binh_dan,Phở bò chín bình dân,nutrient_chat_bot_duong,Chất bột đường,carbohydrate_g,45.3,g,tat_ca_mon_an.xlsx,1,Chát böt durng,"4 |  Chát böt durng | 45,3 | g"
food_pho_bo_chin_binh_dan,Phở bò chín bình dân,nutrient_vitamin_a,Vitamin A,vitamin_a_mcg,0.0,mcg,tat_ca_mon_an.xlsx,1,Vitamin A,5 |  Vitamin A | 0 | g
food_pho_bo_chin_binh_dan,Phở bò chín bình dân,nutrient_beta_carotene,Beta-carotene,beta_carotene_mcg,110.0,mcg,tat_ca_mon_an.xlsx,1,Beta-caroten,6 | Beta-caroten | 110 | g
food_pho_bo_chin_binh_dan,Phở bò chín bình dân,nutrient_vitamin_c,Vitamin C,vitamin_c_mg,5.0,mg,tat_ca_mon_an.xlsx,1,Vitamin C,7 | Vitamin C | 5 | mg
food_pho_bo_chin_binh_dan,Phở bò chín bình dân,nutrient_canxi,Canxi,calcium_mg,40.0,mg,tat_ca_mon_an.xlsx,1,Canxi,8 | Canxi | 40 | mg
food_pho_bo_chin_binh_dan,Phở bò chín bình dân,nutrient_sat,Sắt,iron_mg,2.2,mg,tat_ca_mon_an.xlsx,1,sät,"6 | sät | 2,2 | mg"
food_pho_bo_chin_binh_dan,Phở bò chín bình dân,nutrient_kem,Kẽm,zinc_mg,1.2,mg,tat_ca_mon_an.xlsx,1,Kém,"10 | Kém | 1,2 | mg"
food_pho_bo_chin_binh_dan,Phở bò chín bình dân,nutrient_natri,Natri,sodium_mg,1326.0,mg,tat_ca_mon_an.xlsx,1,Natri,11 | Natri | 1.326 | mg
food_pho_bo_chin_binh_dan,Phở bò chín bình dân,nutrient_cholesterol,Cholesterol,cholesterol_mg,25.0,mg,tat_ca_mon_an.xlsx,1,Cholesterol,12 | Cholesterol | 25 | mg
food_pho_bo_chin_binh_dan,Phở bò chín bình dân,nutrient_kali,Kali,potassium_mg,218.0,mg,tat_ca_mon_an.xlsx,1,Kali,13 | Kali | 218 | mg
food_pho_bo_chin_binh_dan,Phở bò chín bình dân,nutrient_chat_xo,Chất xơ,fiber_g,0.1,g,tat_ca_mon_an.xlsx,1,Xo,"14 | Xo | 0,1 | 9"
food_pho_bo_sot_vang,Phở bò sốt vang,nutrient_nang_luong,Năng lượng,energy_kcal,483.0,kcal,tat_ca_mon_an.xlsx,1,Näng luong,1 | Näng luong | 483 | Kcal
food_pho_bo_sot_vang,Phở bò sốt vang,nutrient_chat_dam,Chất đạm,protein_g,37.7,g,tat_ca_mon_an.xlsx,1,Chät dam,"2 | Chät dam | 37,7 | g"
food_pho_bo_sot_vang,Phở bò sốt vang,nutrient_chat_beo,Chất béo,fat_g,10.7,g,tat_ca_mon_an.xlsx,1,Chät béo,"3 | Chät béo | 10,7 | g"
food_pho_bo_sot_vang,Phở bò sốt vang,nutrient_chat_bot_duong,Chất bột đường,carbohydrate_g,59.1,g,tat_ca_mon_an.xlsx,1,Chát böt durng,"4 |  Chát böt durng | 59,1 | g"
food_pho_bo_sot_vang,Phở bò sốt vang,nutrient_vitamin_a,Vitamin A,vitamin_a_mcg,18.0,mcg,tat_ca_mon_an.xlsx,1,Vitamin A,5 |  Vitamin A | 18 | g
food_pho_bo_sot_vang,Phở bò sốt vang,nutrient_beta_carotene,Beta-carotene,beta_carotene_mcg,411.0,mcg,tat_ca_mon_an.xlsx,1,Beta-caroten,6 | Beta-caroten | 411 | g
food_pho_bo_sot_vang,Phở bò sốt vang,nutrient_vitamin_c,Vitamin C,vitamin_c_mg,20.0,mg,tat_ca_mon_an.xlsx,1,Vitamin C,7 | Vitamin C | 20 | mg
food_pho_bo_sot_vang,Phở bò sốt vang,nutrient_canxi,Canxi,calcium_mg,78.0,mg,tat_ca_mon_an.xlsx,1,Canxi,8 | Canxi | 78 | mg
food_pho_bo_sot_vang,Phở bò sốt vang,nutrient_sat,Sắt,iron_mg,5.5,mg,tat_ca_mon_an.xlsx,1,sät,"6 | sät | 5,5 | mg"
food_pho_bo_sot_vang,Phở bò sốt vang,nutrient_kem,Kẽm,zinc_mg,3.4,mg,tat_ca_mon_an.xlsx,1,Kém,"10 | Kém | 3,4 | mg"
food_pho_bo_sot_vang,Phở bò sốt vang,nutrient_natri,Natri,sodium_mg,1835.0,mg,tat_ca_mon_an.xlsx,1,Natri,11 |  Natri | 1.835 | mg
food_pho_bo_sot_vang,Phở bò sốt vang,nutrient_cholesterol,Cholesterol,cholesterol_mg,65.0,mg,tat_ca_mon_an.xlsx,1,Cholesterol,12 | Cholesterol | 65 | mg
food_pho_bo_sot_vang,Phở bò sốt vang,nutrient_kali,Kali,potassium_mg,604.0,mg,tat_ca_mon_an.xlsx,1,Kali,13 |  Kali | 604 | mg
food_pho_bo_sot_vang,Phở bò sốt vang,nutrient_chat_xo,Chất xơ,fiber_g,0.3,g,tat_ca_mon_an.xlsx,1,Xo,"14 | Xo | 0,3 | 9"
food_pho_bo_tai_24h,Phở bò tái 24h,nutrient_chat_dam,Chất đạm,protein_g,18.7,g,tat_ca_mon_an.xlsx,1,Chät dam,"2 |  Chät dam | 18,7 | g"
food_pho_bo_tai_24h,Phở bò tái 24h,nutrient_chat_beo,Chất béo,fat_g,5.5,g,tat_ca_mon_an.xlsx,1,Chät béo,"3 | Chät béo | 5,5 | g"
food_pho_bo_tai_24h,Phở bò tái 24h,nutrient_chat_bot_duong,Chất bột đường,carbohydrate_g,47.4,g,tat_ca_mon_an.xlsx,1,Chát böt durng,"4 |  Chát böt durng | 47,4 | g"
food_pho_bo_tai_24h,Phở bò tái 24h,nutrient_vitamin_a,Vitamin A,vitamin_a_mcg,0.0,mcg,tat_ca_mon_an.xlsx,1,Vitamin A,5 |  Vitamin A | 0 | g
food_pho_bo_tai_24h,Phở bò tái 24h,nutrient_beta_carotene,Beta-carotene,beta_carotene_mcg,0.0,mcg,tat_ca_mon_an.xlsx,1,Beta-caroten,6 | Beta-caroten | 0 | g
food_pho_bo_tai_24h,Phở bò tái 24h,nutrient_vitamin_c,Vitamin C,vitamin_c_mg,6.0,mg,tat_ca_mon_an.xlsx,1,Vitamin C,7 | Vitamin C | 6 | mg
food_pho_bo_tai_24h,Phở bò tái 24h,nutrient_canxi,Canxi,calcium_mg,53.0,mg,tat_ca_mon_an.xlsx,1,Canxi,8 | Canxi | 53 | mg
food_pho_bo_tai_24h,Phở bò tái 24h,nutrient_sat,Sắt,iron_mg,2.7,mg,tat_ca_mon_an.xlsx,1,sät,"6 | sät | 2,7 | mg"
food_pho_bo_tai_24h,Phở bò tái 24h,nutrient_kem,Kẽm,zinc_mg,1.8,mg,tat_ca_mon_an.xlsx,1,Kém,"10 | Kém | 1,8 | mg"
food_pho_bo_tai_24h,Phở bò tái 24h,nutrient_natri,Natri,sodium_mg,1336.0,mg,tat_ca_mon_an.xlsx,1,Natri,11 | Natri | 1.336 | mg
food_pho_bo_tai_24h,Phở bò tái 24h,nutrient_cholesterol,Cholesterol,cholesterol_mg,29.0,mg,tat_ca_mon_an.xlsx,1,Cholesterol,12 | Cholesterol | 29 | mg
food_pho_bo_tai_24h,Phở bò tái 24h,nutrient_kali,Kali,potassium_mg,313.0,mg,tat_ca_mon_an.xlsx,1,Kali,13 | Kali | 313 | mg
food_pho_bo_tai_24h,Phở bò tái 24h,nutrient_chat_xo,Chất xơ,fiber_g,0.4,g,tat_ca_mon_an.xlsx,1,Xo,"14 | Xo | 0,4 | 9"
food_pho_bo_tai_binh_dan,Phở bò tái bình dân,nutrient_chat_dam,Chất đạm,protein_g,13.4,g,tat_ca_mon_an.xlsx,1,Chät &am,"2 | Chät &am | 13,4 | g"
food_pho_bo_tai_binh_dan,Phở bò tái bình dân,nutrient_chat_beo,Chất béo,fat_g,4.6,g,tat_ca_mon_an.xlsx,1,Chät béo,"3 | Chät béo | 4,6 | g"
food_pho_bo_tai_binh_dan,Phở bò tái bình dân,nutrient_chat_bot_duong,Chất bột đường,carbohydrate_g,45.3,g,tat_ca_mon_an.xlsx,1,Chát böt durng,"4 |  Chát böt durng | 45,3 | g"
food_pho_bo_tai_binh_dan,Phở bò tái bình dân,nutrient_vitamin_a,Vitamin A,vitamin_a_mcg,0.0,mcg,tat_ca_mon_an.xlsx,1,Vitamin A,5 |  Vitamin A | 0 | g
food_pho_bo_tai_binh_dan,Phở bò tái bình dân,nutrient_beta_carotene,Beta-carotene,beta_carotene_mcg,110.0,mcg,tat_ca_mon_an.xlsx,1,Beta-caroten,6 | Beta-caroten | 110 | g
food_pho_bo_tai_binh_dan,Phở bò tái bình dân,nutrient_vitamin_c,Vitamin C,vitamin_c_mg,5.0,mg,tat_ca_mon_an.xlsx,1,Vitamin C,7 | Vitamin C | 5 | mg
food_pho_bo_tai_binh_dan,Phở bò tái bình dân,nutrient_canxi,Canxi,calcium_mg,39.0,mg,tat_ca_mon_an.xlsx,1,Canxi,8 | Canxi | 39 | mg
food_pho_bo_tai_binh_dan,Phở bò tái bình dân,nutrient_sat,Sắt,iron_mg,1.8,mg,tat_ca_mon_an.xlsx,1,sät,"6 | sät | 1,8 | mg"
food_pho_bo_tai_binh_dan,Phở bò tái bình dân,nutrient_kem,Kẽm,zinc_mg,0.9,mg,tat_ca_mon_an.xlsx,1,Kém,"10 | Kém | 0,9 | mg"
food_pho_bo_tai_binh_dan,Phở bò tái bình dân,nutrient_natri,Natri,sodium_mg,1315.0,mg,tat_ca_mon_an.xlsx,1,Natri,11 | Natri | 1.315 | mg
food_pho_bo_tai_binh_dan,Phở bò tái bình dân,nutrient_cholesterol,Cholesterol,cholesterol_mg,20.0,mg,tat_ca_mon_an.xlsx,1,Cholesterol,12 | Cholesterol | 20 | mg
food_pho_bo_tai_binh_dan,Phở bò tái bình dân,nutrient_kali,Kali,potassium_mg,169.0,mg,tat_ca_mon_an.xlsx,1,Kali,13 |  Kali | 169 | mg
food_pho_bo_tai_binh_dan,Phở bò tái bình dân,nutrient_chat_xo,Chất xơ,fiber_g,0.1,g,tat_ca_mon_an.xlsx,1,Xo,"14 | Xo | 0,1 | 9"
food_pho_bo_tai_gau,Phở bò tái gầu,nutrient_nang_luong,Năng lượng,energy_kcal,581.5,kcal,tat_ca_mon_an.xlsx,1,Näng luong,"1 | Näng luong | 581,5 | Kcal"
food_pho_bo_tai_gau,Phở bò tái gầu,nutrient_chat_dam,Chất đạm,protein_g,28.1,g,tat_ca_mon_an.xlsx,1,Chät dam,"2 |  Chät dam | 28,1 | g"
food_pho_bo_tai_gau,Phở bò tái gầu,nutrient_chat_beo,Chất béo,fat_g,17.5,g,tat_ca_mon_an.xlsx,1,Chät béo,"3 | Chät béo | 17,5 | g"
food_pho_bo_tai_gau,Phở bò tái gầu,nutrient_chat_bot_duong,Chất bột đường,carbohydrate_g,77.9,g,tat_ca_mon_an.xlsx,1,Chát böt durng,"4 |  Chát böt durng | 77,9 | g"
food_pho_bo_tai_gau,Phở bò tái gầu,nutrient_vitamin_a,Vitamin A,vitamin_a_mcg,36.0,mcg,tat_ca_mon_an.xlsx,1,Vitamin A,5 | Vitamin A | 36 | g
food_pho_bo_tai_gau,Phở bò tái gầu,nutrient_kali,Kali,potassium_mg,228.8,mg,tat_ca_mon_an.xlsx,1,Potassium,"6 |  Potassium | 228,8 | mg"
food_pho_bo_tai_gau,Phở bò tái gầu,nutrient_canxi,Canxi,calcium_mg,87.4,mg,tat_ca_mon_an.xlsx,1,Calcium,"7 | Calcium | 87,4 | mg"
food_pho_bo_tai_gau,Phở bò tái gầu,nutrient_sat,Sắt,iron_mg,3.6,mg,tat_ca_mon_an.xlsx,1,Iron,"8 | Iron | 3,6 | mg"
food_pho_bo_tai_gau,Phở bò tái gầu,nutrient_kem,Kẽm,zinc_mg,1.0,mg,tat_ca_mon_an.xlsx,1,Zinc,6 | Zinc | 1 | mg
food_pho_bo_tai_gau,Phở bò tái gầu,nutrient_cholesterol,Cholesterol,cholesterol_mg,20.7,mg,tat_ca_mon_an.xlsx,1,Cholesterol,"11 | Cholesterol | 20,7 | mg"
food_pho_bo_tai_gau,Phở bò tái gầu,nutrient_magie,Magie,magnesium_mg,18.3,mg,tat_ca_mon_an.xlsx,1,Magnesium,"12 | Magnesium | 18,3 | mg"
food_pho_bo_tai_lan,Phở bò tái lăn,nutrient_chat_dam,Chất đạm,protein_g,45.6,g,tat_ca_mon_an.xlsx,1,Chät dam,"2 | Chät dam | 45,6 | g"
food_pho_bo_tai_lan,Phở bò tái lăn,nutrient_chat_beo,Chất béo,fat_g,16.8,g,tat_ca_mon_an.xlsx,1,Chät béo,"3 | Chät béo | 16,8 | g"
food_pho_bo_tai_lan,Phở bò tái lăn,nutrient_chat_bot_duong,Chất bột đường,carbohydrate_g,71.7,g,tat_ca_mon_an.xlsx,1,Chát böt durng,"4 |  Chát böt durng | 71,7 | g"
food_pho_bo_tai_lan,Phở bò tái lăn,nutrient_vitamin_a,Vitamin A,vitamin_a_mcg,0.0,mcg,tat_ca_mon_an.xlsx,1,Vitamin A,5 |  Vitamin A | 0 | g
food_pho_bo_tai_lan,Phở bò tái lăn,nutrient_beta_carotene,Beta-carotene,beta_carotene_mcg,696.0,mcg,tat_ca_mon_an.xlsx,1,Beta-caroten,6 | Beta-caroten | 696 | g
food_pho_bo_tai_lan,Phở bò tái lăn,nutrient_vitamin_c,Vitamin C,vitamin_c_mg,44.0,mg,tat_ca_mon_an.xlsx,1,Vitamin C,7 | Vitamin C | 44 | mg
food_pho_bo_tai_lan,Phở bò tái lăn,nutrient_canxi,Canxi,calcium_mg,117.0,mg,tat_ca_mon_an.xlsx,1,Canxi,8 | Canxi | 117 | mg
food_pho_bo_tai_lan,Phở bò tái lăn,nutrient_sat,Sắt,iron_mg,6.9,mg,tat_ca_mon_an.xlsx,1,sät,"6 | sät | 6,9 | mg"
food_pho_bo_tai_lan,Phở bò tái lăn,nutrient_kem,Kẽm,zinc_mg,4.2,mg,tat_ca_mon_an.xlsx,1,Kém,"10 | Kém | 4,2 | mg"
food_pho_bo_tai_lan,Phở bò tái lăn,nutrient_natri,Natri,sodium_mg,1440.0,mg,tat_ca_mon_an.xlsx,1,Natri,11 | Natri | 1.440 | mg
food_pho_bo_tai_lan,Phở bò tái lăn,nutrient_cholesterol,Cholesterol,cholesterol_mg,72.0,mg,tat_ca_mon_an.xlsx,1,Cholesterol,12 | Cholesterol | 72 | mg
food_pho_bo_tai_lan,Phở bò tái lăn,nutrient_kali,Kali,potassium_mg,766.0,mg,tat_ca_mon_an.xlsx,1,Kali,13 | Kali | 766 | mg
food_pho_bo_tai_lan,Phở bò tái lăn,nutrient_chat_xo,Chất xơ,fiber_g,0.6,g,tat_ca_mon_an.xlsx,1,Xo,"14 | Xo | 0,6 | 9"
food_pho_ga_24h,Phở gà 24h,nutrient_chat_dam,Chất đạm,protein_g,19.0,g,tat_ca_mon_an.xlsx,1,Chät &am,2 | Chät &am | 19 | g
food_pho_ga_24h,Phở gà 24h,nutrient_chat_beo,Chất béo,fat_g,12.2,g,tat_ca_mon_an.xlsx,1,Chät béo,"3 | Chät béo | 12,2 | g"
food_pho_ga_24h,Phở gà 24h,nutrient_chat_bot_duong,Chất bột đường,carbohydrate_g,42.6,g,tat_ca_mon_an.xlsx,1,Chát böt durng,"4 |  Chát böt durng | 42,6 | g"
food_pho_ga_24h,Phở gà 24h,nutrient_vitamin_a,Vitamin A,vitamin_a_mcg,48.0,mcg,tat_ca_mon_an.xlsx,1,Vitamin A,5 |  Vitamin A | 48 | g
food_pho_ga_24h,Phở gà 24h,nutrient_beta_carotene,Beta-carotene,beta_carotene_mcg,608.0,mcg,tat_ca_mon_an.xlsx,1,Beta-caroten,6 | Beta-caroten | 608 | g
food_pho_ga_24h,Phở gà 24h,nutrient_vitamin_c,Vitamin C,vitamin_c_mg,10.0,mg,tat_ca_mon_an.xlsx,1,Vitamin C,7 | Vitamin C | 10 | mg
food_pho_ga_24h,Phở gà 24h,nutrient_canxi,Canxi,calcium_mg,77.0,mg,tat_ca_mon_an.xlsx,1,Canxi,8 | Canxi | 77 | mg
food_pho_ga_24h,Phở gà 24h,nutrient_sat,Sắt,iron_mg,2.2,mg,tat_ca_mon_an.xlsx,1,sät,"6 | sät | 2,2 | mg"
food_pho_ga_24h,Phở gà 24h,nutrient_kem,Kẽm,zinc_mg,1.2,mg,tat_ca_mon_an.xlsx,1,Kém,"10 | Kém | 1,2 | mg"
food_pho_ga_24h,Phở gà 24h,nutrient_natri,Natri,sodium_mg,1664.0,mg,tat_ca_mon_an.xlsx,1,Natri,11 | Natri | 1.664 | mg
food_pho_ga_24h,Phở gà 24h,nutrient_cholesterol,Cholesterol,cholesterol_mg,55.0,mg,tat_ca_mon_an.xlsx,1,Cholesterol,12 | Cholesterol | 55 | mg
food_pho_ga_24h,Phở gà 24h,nutrient_kali,Kali,potassium_mg,240.0,mg,tat_ca_mon_an.xlsx,1,Kali,13 |  Kali | 240 | mg
food_pho_ga_24h,Phở gà 24h,nutrient_chat_xo,Chất xơ,fiber_g,0.5,g,tat_ca_mon_an.xlsx,1,Xo,"14 | Xo | 0,5 | 9"
food_pho_ga_binh_dan,Phở gà bình dân,nutrient_chat_dam,Chất đạm,protein_g,15.2,g,tat_ca_mon_an.xlsx,1,Chät &am,"2 | Chät &am | 15,2 | g"
food_pho_ga_binh_dan,Phở gà bình dân,nutrient_chat_beo,Chất béo,fat_g,9.5,g,tat_ca_mon_an.xlsx,1,Chät béo,"3 | Chät béo | 9,5 | g"
food_pho_ga_binh_dan,Phở gà bình dân,nutrient_chat_bot_duong,Chất bột đường,carbohydrate_g,49.0,g,tat_ca_mon_an.xlsx,1,Chát böt durng,4 |  Chát böt durng | 49 | g
food_pho_ga_binh_dan,Phở gà bình dân,nutrient_vitamin_a,Vitamin A,vitamin_a_mcg,60.0,mcg,tat_ca_mon_an.xlsx,1,Vitamin A,5 |  Vitamin A | 60 | g
food_pho_ga_binh_dan,Phở gà bình dân,nutrient_beta_carotene,Beta-carotene,beta_carotene_mcg,274.0,mcg,tat_ca_mon_an.xlsx,1,Beta-caroten,6 | Beta-caroten | 274 | g
food_pho_ga_binh_dan,Phở gà bình dân,nutrient_vitamin_c,Vitamin C,vitamin_c_mg,14.0,mg,tat_ca_mon_an.xlsx,1,Vitamin C,7 | Vitamin C | 14 | mg
food_pho_ga_binh_dan,Phở gà bình dân,nutrient_canxi,Canxi,calcium_mg,52.0,mg,tat_ca_mon_an.xlsx,1,Canxi,8 | Canxi | 52 | mg
food_pho_ga_binh_dan,Phở gà bình dân,nutrient_sat,Sắt,iron_mg,1.4,mg,tat_ca_mon_an.xlsx,1,sät,"6 | sät | 1,4 | mg"
food_pho_ga_binh_dan,Phở gà bình dân,nutrient_kem,Kẽm,zinc_mg,0.8,mg,tat_ca_mon_an.xlsx,1,Kém,"10 | Kém | 0,8 | mg"
food_pho_ga_binh_dan,Phở gà bình dân,nutrient_natri,Natri,sodium_mg,1627.0,mg,tat_ca_mon_an.xlsx,1,Natri,11 |  Natri | 1.627 | mg
food_pho_ga_binh_dan,Phở gà bình dân,nutrient_cholesterol,Cholesterol,cholesterol_mg,40.0,mg,tat_ca_mon_an.xlsx,1,Cholesterol,12 | Cholesterol | 40 | mg
food_pho_ga_binh_dan,Phở gà bình dân,nutrient_kali,Kali,potassium_mg,119.0,mg,tat_ca_mon_an.xlsx,1,Kali,13 | Kali | 119 | mg
food_pho_ga_binh_dan,Phở gà bình dân,nutrient_chat_xo,Chất xơ,fiber_g,0.2,g,tat_ca_mon_an.xlsx,1,Xo,"14 | Xo | 0,2 | 9"
food_pho_vit_quay,Phở vịt quay,nutrient_nang_luong,Năng lượng,energy_kcal,592.0,kcal,tat_ca_mon_an.xlsx,1,Nang luang,1 |  Nang luang | 592 | Kcal
food_pho_vit_quay,Phở vịt quay,nutrient_chat_dam,Chất đạm,protein_g,22.0,g,tat_ca_mon_an.xlsx,1,Chät dam,2 | Chät dam | 22 | g
food_pho_vit_quay,Phở vịt quay,nutrient_chat_beo,Chất béo,fat_g,15.9,g,tat_ca_mon_an.xlsx,1,Chät béo,"3 | Chät béo | 15,9 | g"
food_pho_vit_quay,Phở vịt quay,nutrient_chat_bot_duong,Chất bột đường,carbohydrate_g,90.4,g,tat_ca_mon_an.xlsx,1,Chát böt durng,"4 |  Chát böt durng | 90,4 | g"
food_pho_vit_quay,Phở vịt quay,nutrient_vitamin_a,Vitamin A,vitamin_a_mcg,197.1,mcg,tat_ca_mon_an.xlsx,1,Vitamin A,"5 |  Vitamin A | 197,1 | g"
food_pho_vit_quay,Phở vịt quay,nutrient_beta_carotene,Beta-carotene,beta_carotene_mcg,55.5,mcg,tat_ca_mon_an.xlsx,1,Beta-caroten,"6 | Beta-caroten | 55,5 | g"
food_pho_vit_quay,Phở vịt quay,nutrient_vitamin_c,Vitamin C,vitamin_c_mg,3.2,mg,tat_ca_mon_an.xlsx,1,Vitamin C,"7 | Vitamin C | 3,2 | 9"
food_pho_vit_quay,Phở vịt quay,nutrient_canxi,Canxi,calcium_mg,60.2,mg,tat_ca_mon_an.xlsx,1,Canxi,"8 | Canxi | 60,2 | mg"
food_pho_vit_quay,Phở vịt quay,nutrient_sat,Sắt,iron_mg,2.2,mg,tat_ca_mon_an.xlsx,1,sät,"6 | sät | 2,2 | mg"
food_pho_vit_quay,Phở vịt quay,nutrient_kem,Kẽm,zinc_mg,0.9,mg,tat_ca_mon_an.xlsx,1,Kém,"10 | Kém | 0,9 | mg"
food_pho_vit_quay,Phở vịt quay,nutrient_natri,Natri,sodium_mg,396.8,mg,tat_ca_mon_an.xlsx,1,Natri,"11 |  Natri | 396,8 | mg"
food_pho_vit_quay,Phở vịt quay,nutrient_cholesterol,Cholesterol,cholesterol_mg,55.5,mg,tat_ca_mon_an.xlsx,1,Cholesterol,"12 | Cholesterol | 55,5 | mg"
food_pho_vit_quay,Phở vịt quay,nutrient_kali,Kali,potassium_mg,168.1,mg,tat_ca_mon_an.xlsx,1,Kali,"13 |  Kali | 168,1 | mg"
food_pho_vit_quay,Phở vịt quay,nutrient_chat_xo,Chất xơ,fiber_g,0.0,g,tat_ca_mon_an.xlsx,1,Xo,14 | Xo | 0 | 9
food_su_hao_xao,Su hào xào,nutrient_chat_dam,Chất đạm,protein_g,2.3,g,tat_ca_mon_an.xlsx,1,Chät dam,"2 |  Chät dam | 2,3 | g"
food_su_hao_xao,Su hào xào,nutrient_chat_beo,Chất béo,fat_g,5.0,g,tat_ca_mon_an.xlsx,1,Chät béo,3 | Chät béo | 5 | g
food_su_hao_xao,Su hào xào,nutrient_chat_bot_duong,Chất bột đường,carbohydrate_g,6.1,g,tat_ca_mon_an.xlsx,1,Chát böt durng,"4 |  Chát böt durng | 6,1 | g"
food_su_hao_xao,Su hào xào,nutrient_chat_xo,Chất xơ,fiber_g,1.4,g,tat_ca_mon_an.xlsx,1,Xo,"5 | Xo | 1,4 | g"
food_su_hao_xao,Su hào xào,nutrient_beta_carotene,Beta-carotene,beta_carotene_mcg,17.6,mcg,tat_ca_mon_an.xlsx,1,Beta-caroten,"7 | Beta-caroten | 17,6 | g"
food_su_hao_xao,Su hào xào,nutrient_vitamin_c,Vitamin C,vitamin_c_mg,3.2,mg,tat_ca_mon_an.xlsx,1,Vitamin C,"8 |  Vitamin C | 3,2 | mg"
food_su_hao_xao,Su hào xào,nutrient_canxi,Canxi,calcium_mg,25.0,mg,tat_ca_mon_an.xlsx,1,Canxi,6 | Canxi | 25 | mg
food_su_hao_xao,Su hào xào,nutrient_sat,Sắt,iron_mg,0.6,mg,tat_ca_mon_an.xlsx,1,sät,"10 | sät | 0,6 | mg"
food_su_hao_xao,Su hào xào,nutrient_natri,Natri,sodium_mg,527.2,mg,tat_ca_mon_an.xlsx,1,Natri,"11 |  Natri | 527,2 | mg"
food_su_hao_xao,Su hào xào,nutrient_kali,Kali,potassium_mg,264.4,mg,tat_ca_mon_an.xlsx,1,Kali,"12 | Kali | 264,4 | mg"
food_su_hao_xao,Su hào xào,nutrient_kem,Kẽm,zinc_mg,0.3,mg,tat_ca_mon_an.xlsx,1,Kém,"13 | Kém | 0,3 | mg"
food_sushi_pho_mai,Sushi phô mai,nutrient_nang_luong,Năng lượng,energy_kcal,42.0,kcal,tat_ca_mon_an.xlsx,1,Näng luong,1 | Näng luong | 42 | Kcal
food_sushi_pho_mai,Sushi phô mai,nutrient_chat_dam,Chất đạm,protein_g,1.7,g,tat_ca_mon_an.xlsx,1,Chät dam,"2 | Chät dam | 1,7 | g"
food_sushi_pho_mai,Sushi phô mai,nutrient_chat_beo,Chất béo,fat_g,1.5,g,tat_ca_mon_an.xlsx,1,Chät béo,"3 | Chät béo | 1,5 | g"
food_sushi_pho_mai,Sushi phô mai,nutrient_chat_bot_duong,Chất bột đường,carbohydrate_g,5.6,g,tat_ca_mon_an.xlsx,1,Carbohydrate,"4 | Carbohydrate | 5,6 | g"
food_sushi_pho_mai,Sushi phô mai,nutrient_vitamin_a,Vitamin A,vitamin_a_mcg,12.4,mcg,tat_ca_mon_an.xlsx,1,Vitamin A,"5 |  Vitamin A | 12,4 | g"
food_sushi_pho_mai,Sushi phô mai,nutrient_beta_carotene,Beta-carotene,beta_carotene_mcg,5.3,mcg,tat_ca_mon_an.xlsx,1,Beta-caroten,"6 | Beta-caroten | 5,3 | g"
food_sushi_pho_mai,Sushi phô mai,nutrient_vitamin_c,Vitamin C,vitamin_c_mg,0.1,mg,tat_ca_mon_an.xlsx,1,Vitamin C,"7 | Vitamin C | 0,1 | mg"
food_sushi_pho_mai,Sushi phô mai,nutrient_canxi,Canxi,calcium_mg,36.9,mg,tat_ca_mon_an.xlsx,1,Canxi,"8 | Canxi | 36,9 | mg"
food_sushi_pho_mai,Sushi phô mai,nutrient_sat,Sắt,iron_mg,0.1,mg,tat_ca_mon_an.xlsx,1,sät,"6 | sät | 0,1 | mg"
food_sushi_pho_mai,Sushi phô mai,nutrient_kem,Kẽm,zinc_mg,0.3,mg,tat_ca_mon_an.xlsx,1,Kém,"10 | Kém | 0,3 | mg"
food_sushi_pho_mai,Sushi phô mai,nutrient_natri,Natri,sodium_mg,52.9,mg,tat_ca_mon_an.xlsx,1,Natri,"11 | Natri | 52,9 | mg"
food_sushi_pho_mai,Sushi phô mai,nutrient_cholesterol,Cholesterol,cholesterol_mg,18.3,mg,tat_ca_mon_an.xlsx,1,Cholesterol,"12 | Cholesterol | 18,3 | mg"
food_sushi_pho_mai,Sushi phô mai,nutrient_chat_xo,Chất xơ,fiber_g,0.3,g,tat_ca_mon_an.xlsx,1,Xo,"13 | Xo | 0,3 | g"
food_sushi_pho_mai,Sushi phô mai,nutrient_kali,Kali,potassium_mg,23.9,mg,tat_ca_mon_an.xlsx,1,Kali,"14 | Kali | 23,9 | mg"
food_sushi_thap_cam,Sushi thập cẩm,nutrient_chat_dam,Chất đạm,protein_g,2.7,g,tat_ca_mon_an.xlsx,1,Chät dam,"2 | Chät dam | 2,7 | g"
food_sushi_thap_cam,Sushi thập cẩm,nutrient_chat_beo,Chất béo,fat_g,1.2,g,tat_ca_mon_an.xlsx,1,Chät béo,"3 | Chät béo | 1,2 | g"
food_sushi_thap_cam,Sushi thập cẩm,nutrient_chat_bot_duong,Chất bột đường,carbohydrate_g,8.2,g,tat_ca_mon_an.xlsx,1,Chát böt durng,"4 |  Chát böt durng | 8,2 | g"
food_sushi_thap_cam,Sushi thập cẩm,nutrient_vitamin_a,Vitamin A,vitamin_a_mcg,8.3,mcg,tat_ca_mon_an.xlsx,1,Vitamin A,"5 |  Vitamin A | 8,3 | g"
food_sushi_thap_cam,Sushi thập cẩm,nutrient_beta_carotene,Beta-carotene,beta_carotene_mcg,83.4,mcg,tat_ca_mon_an.xlsx,1,Beta-caroten,"6 | Beta-caroten | 83,4 | g"
food_sushi_thap_cam,Sushi thập cẩm,nutrient_vitamin_c,Vitamin C,vitamin_c_mg,0.7,mg,tat_ca_mon_an.xlsx,1,Vitamin C,"7 | Vitamin C | 0,7 | mg"
food_sushi_thap_cam,Sushi thập cẩm,nutrient_canxi,Canxi,calcium_mg,281.3,mg,tat_ca_mon_an.xlsx,1,Canxi,"8 | Canxi | 281,3 | mg"
food_sushi_thap_cam,Sushi thập cẩm,nutrient_sat,Sắt,iron_mg,0.5,mg,tat_ca_mon_an.xlsx,1,sät,"6 | sät | 0,5 | mg"
food_sushi_thap_cam,Sushi thập cẩm,nutrient_kem,Kẽm,zinc_mg,0.2,mg,tat_ca_mon_an.xlsx,1,Kém,"10 | Kém | 0,2 | mg"
food_sushi_thap_cam,Sushi thập cẩm,nutrient_natri,Natri,sodium_mg,41.8,mg,tat_ca_mon_an.xlsx,1,Natri,"11 | Natri | 41,8 | mg"
food_sushi_thap_cam,Sushi thập cẩm,nutrient_cholesterol,Cholesterol,cholesterol_mg,12.9,mg,tat_ca_mon_an.xlsx,1,Cholesterol,"12 | Cholesterol | 12,9 | mg"
food_sushi_thap_cam,Sushi thập cẩm,nutrient_chat_xo,Chất xơ,fiber_g,0.1,g,tat_ca_mon_an.xlsx,1,Xo,"13 | Xo | 0,1 | mg"
food_sushi_thap_cam,Sushi thập cẩm,nutrient_kali,Kali,potassium_mg,50.2,mg,tat_ca_mon_an.xlsx,1,Kali,"14 | Kali | 50,2 | mg"
food_so_huyet_nuong,Sò huyết nướng,nutrient_nang_luong,Năng lượng,energy_kcal,414.0,kcal,tat_ca_mon_an.xlsx,1,Nang luang,1 |  Nang luang | 414 | Kcal
food_so_huyet_nuong,Sò huyết nướng,nutrient_chat_dam,Chất đạm,protein_g,68.7,g,tat_ca_mon_an.xlsx,1,Chät dam,"2 |  Chät dam | 68,7 | g"
food_so_huyet_nuong,Sò huyết nướng,nutrient_chat_beo,Chất béo,fat_g,3.7,g,tat_ca_mon_an.xlsx,1,Chät béo,"3 | Chät béo | 3,7 | g"
food_so_huyet_nuong,Sò huyết nướng,nutrient_chat_bot_duong,Chất bột đường,carbohydrate_g,26.4,g,tat_ca_mon_an.xlsx,1,Chát böt durng,"4 |  Chát böt durng | 26,4 | g"
food_so_huyet_nuong,Sò huyết nướng,nutrient_vitamin_a,Vitamin A,vitamin_a_mcg,6.9,mcg,tat_ca_mon_an.xlsx,1,Vitamin A,"5 |  Vitamin A | 6,9 | g"
food_so_huyet_nuong,Sò huyết nướng,nutrient_beta_carotene,Beta-carotene,beta_carotene_mcg,77.1,mcg,tat_ca_mon_an.xlsx,1,Beta-caroten,"6 | Beta-caroten | 77,1 | g"
food_so_huyet_nuong,Sò huyết nướng,nutrient_vitamin_c,Vitamin C,vitamin_c_mg,9.0,mg,tat_ca_mon_an.xlsx,1,Vitamin C,7 | Vitamin C | 9 | mg
food_so_huyet_nuong,Sò huyết nướng,nutrient_canxi,Canxi,calcium_mg,155.1,mg,tat_ca_mon_an.xlsx,1,Canxi,"8 | Canxi | 155,1 | mg"
food_so_huyet_nuong,Sò huyết nướng,nutrient_sat,Sắt,iron_mg,82.5,mg,tat_ca_mon_an.xlsx,1,sät,"6 | sät | 82,5 | mg"
food_so_huyet_nuong,Sò huyết nướng,nutrient_natri,Natri,sodium_mg,7.5,mg,tat_ca_mon_an.xlsx,1,Natri,"10 | Natri | 7,5 | mg"
food_so_huyet_nuong,Sò huyết nướng,nutrient_magie,Magie,magnesium_mg,3.6,mg,tat_ca_mon_an.xlsx,1,Magie,"11 | Magie | 3,6 | mg"
food_sup_hai_san,Súp hải sản,nutrient_chat_dam,Chất đạm,protein_g,3.3,g,tat_ca_mon_an.xlsx,1,Chät dam,"2 |  Chät dam | 3,3 | g"
food_sup_hai_san,Súp hải sản,nutrient_chat_beo,Chất béo,fat_g,4.3,g,tat_ca_mon_an.xlsx,1,Chät béo,"3 | Chät béo | 4,3 | g"
food_sup_hai_san,Súp hải sản,nutrient_chat_bot_duong,Chất bột đường,carbohydrate_g,6.8,g,tat_ca_mon_an.xlsx,1,Chát böt durng,"4 |  Chát böt durng | 6,8 | g"
food_sup_hai_san,Súp hải sản,nutrient_canxi,Canxi,calcium_mg,14.8,mg,tat_ca_mon_an.xlsx,1,Canxi,"8 | Canxi | 14,8 | mg"
food_sup_hai_san,Súp hải sản,nutrient_sat,Sắt,iron_mg,0.5,mg,tat_ca_mon_an.xlsx,1,sät,"6 | sät | 0,5 | mg"
food_sup_hai_san,Súp hải sản,nutrient_kem,Kẽm,zinc_mg,0.2,mg,tat_ca_mon_an.xlsx,1,Kém,"10 | Kém | 0,2 | mg"
food_sup_hai_san,Súp hải sản,nutrient_natri,Natri,sodium_mg,144.6,mg,tat_ca_mon_an.xlsx,1,Natri,"11 | Natri | 144,6 | mg"
food_sup_hai_san,Súp hải sản,nutrient_kali,Kali,potassium_mg,32.4,mg,tat_ca_mon_an.xlsx,1,Kali,"13 | Kali | 32,4 | mg"
food_sup_hai_san,Súp hải sản,nutrient_chat_xo,Chất xơ,fiber_g,0.1,g,tat_ca_mon_an.xlsx,1,Xo,"14 | Xo | 0,1 | 9"
food_sup_ngo_cua,Súp ngô cua,nutrient_chat_dam,Chất đạm,protein_g,9.5,g,tat_ca_mon_an.xlsx,1,Chät dam,"2 | Chät dam | 9,5 | g"
food_sup_ngo_cua,Súp ngô cua,nutrient_chat_beo,Chất béo,fat_g,3.5,g,tat_ca_mon_an.xlsx,1,Chät béo,"3 | Chät béo | 3,5 | g"
food_sup_ngo_cua,Súp ngô cua,nutrient_chat_bot_duong,Chất bột đường,carbohydrate_g,18.8,g,tat_ca_mon_an.xlsx,1,Chát böt durng,"4 |  Chát böt durng | 18,8 | g"
food_sup_ngo_cua,Súp ngô cua,nutrient_vitamin_a,Vitamin A,vitamin_a_mcg,91.3,mcg,tat_ca_mon_an.xlsx,1,Vitamin A,"5 |  Vitamin A | 91,3 | g"
food_sup_ngo_cua,Súp ngô cua,nutrient_beta_carotene,Beta-carotene,beta_carotene_mcg,0.0,mcg,tat_ca_mon_an.xlsx,1,Beta-caroten,6 | Beta-caroten | 0 | g
food_sup_ngo_cua,Súp ngô cua,nutrient_vitamin_c,Vitamin C,vitamin_c_mg,0.0,mg,tat_ca_mon_an.xlsx,1,Vitamin C,7 | Vitamin C | 0 | mg
food_sup_ngo_cua,Súp ngô cua,nutrient_canxi,Canxi,calcium_mg,34.9,mg,tat_ca_mon_an.xlsx,1,Canxi,"8 | Canxi | 34,9 | mg"
food_sup_ngo_cua,Súp ngô cua,nutrient_sat,Sắt,iron_mg,0.9,mg,tat_ca_mon_an.xlsx,1,sät,"6 | sät | 0,9 | mg"
food_sup_ngo_cua,Súp ngô cua,nutrient_kem,Kẽm,zinc_mg,0.3,mg,tat_ca_mon_an.xlsx,1,Kém,"10 | Kém | 0,3 | mg"
food_sup_ngo_cua,Súp ngô cua,nutrient_natri,Natri,sodium_mg,20.7,mg,tat_ca_mon_an.xlsx,1,Natri,"11 | Natri | 20,7 | mg"
food_sup_ngo_cua,Súp ngô cua,nutrient_cholesterol,Cholesterol,cholesterol_mg,77.4,mg,tat_ca_mon_an.xlsx,1,Cholesterol,"12 | Cholesterol | 77,4 | mg"
food_sup_ngo_cua,Súp ngô cua,nutrient_kali,Kali,potassium_mg,113.0,mg,tat_ca_mon_an.xlsx,1,Kali,13 | Kali | 113 | mg
food_sup_ngo_cua,Súp ngô cua,nutrient_chat_xo,Chất xơ,fiber_g,0.4,g,tat_ca_mon_an.xlsx,1,Xo,"14 | Xo | 0,4 | 9"
food_sup_nam_ga,Súp nấm gà,nutrient_chat_dam,Chất đạm,protein_g,5.8,g,tat_ca_mon_an.xlsx,1,Chät dam,"2 | Chät dam | 5,8 | g"
food_sup_nam_ga,Súp nấm gà,nutrient_chat_beo,Chất béo,fat_g,3.2,g,tat_ca_mon_an.xlsx,1,Chät béo,"3 | Chät béo | 3,2 | g"
food_sup_nam_ga,Súp nấm gà,nutrient_chat_bot_duong,Chất bột đường,carbohydrate_g,6.2,g,tat_ca_mon_an.xlsx,1,Chát böt durng,"4 |  Chát böt durng | 6,2 | g"
food_sup_nam_ga,Súp nấm gà,nutrient_vitamin_a,Vitamin A,vitamin_a_mcg,69.0,mcg,tat_ca_mon_an.xlsx,1,Vitamin A,5 |  Vitamin A | 69 | g
food_sup_nam_ga,Súp nấm gà,nutrient_beta_carotene,Beta-carotene,beta_carotene_mcg,0.4,mcg,tat_ca_mon_an.xlsx,1,Beta-caroten,"6 | Beta-caroten | 0,4 | g"
food_sup_nam_ga,Súp nấm gà,nutrient_vitamin_c,Vitamin C,vitamin_c_mg,0.8,mg,tat_ca_mon_an.xlsx,1,Vitamin C,"7 | Vitamin C | 0,8 | 9"
food_sup_nam_ga,Súp nấm gà,nutrient_canxi,Canxi,calcium_mg,19.1,mg,tat_ca_mon_an.xlsx,1,Canxi,"8 | Canxi | 19,1 | mg"
food_sup_nam_ga,Súp nấm gà,nutrient_sat,Sắt,iron_mg,2.4,mg,tat_ca_mon_an.xlsx,1,sät,"6 | sät | 2,4 | mg"
food_sup_nam_ga,Súp nấm gà,nutrient_kem,Kẽm,zinc_mg,0.5,mg,tat_ca_mon_an.xlsx,1,Kém,"10 | Kém | 0,5 | mg"
food_sup_nam_ga,Súp nấm gà,nutrient_natri,Natri,sodium_mg,263.1,mg,tat_ca_mon_an.xlsx,1,Natri,"11 | Natri | 263,1 | mg"
food_sup_nam_ga,Súp nấm gà,nutrient_cholesterol,Cholesterol,cholesterol_mg,46.0,mg,tat_ca_mon_an.xlsx,1,Cholesterol,12 | Cholesterol | 46 | mg
food_sup_nam_ga,Súp nấm gà,nutrient_kali,Kali,potassium_mg,67.4,mg,tat_ca_mon_an.xlsx,1,Kali,"13 | Kali | 67,4 | mg"
food_sup_nam_ga,Súp nấm gà,nutrient_chat_xo,Chất xơ,fiber_g,0.5,g,tat_ca_mon_an.xlsx,1,Xo,"14 | Xo | 0,5 | 9"
food_sua_milo,Sữa Milo,nutrient_nang_luong,Năng lượng,energy_kcal,110.0,kcal,tat_ca_mon_an.xlsx,1,Näng luo'ng,1 | Näng luo'ng | 110 | Kcal
food_sua_milo,Sữa Milo,nutrient_chat_dam,Chất đạm,protein_g,2.8,g,tat_ca_mon_an.xlsx,1,Chät dam,"2 | Chät dam | 2,8 | g"
food_sua_milo,Sữa Milo,nutrient_chat_beo,Chất béo,fat_g,3.5,g,tat_ca_mon_an.xlsx,1,Chät béo,"3 | Chät béo | 3,5 | g"
food_sua_milo,Sữa Milo,nutrient_chat_bot_duong,Chất bột đường,carbohydrate_g,17.0,g,tat_ca_mon_an.xlsx,1,Chát böt durng,4 |  Chát böt durng | 17 | g
food_sua_milo,Sữa Milo,nutrient_canxi,Canxi,calcium_mg,106.0,mg,tat_ca_mon_an.xlsx,1,Canxi,8 | Canxi | 106 | mg
food_sua_milo,Sữa Milo,nutrient_sat,Sắt,iron_mg,1.5,mg,tat_ca_mon_an.xlsx,1,sät,"6 | sät | 1,5 | mg"
food_sua_milo,Sữa Milo,nutrient_natri,Natri,sodium_mg,31.0,mg,tat_ca_mon_an.xlsx,1,Natri,11 |  Natri | 31 | mg
food_sua_bo_tuoi_thanh_trung_co_duong_moc_chau,Sữa bò tươi thanh trùng có đường Mộc Châu,nutrient_nang_luong,Năng lượng,energy_kcal,178.0,kcal,tat_ca_mon_an.xlsx,1,Näng luong,1 | Näng luong | 178 |  Kcal
food_sua_bo_tuoi_thanh_trung_co_duong_moc_chau,Sữa bò tươi thanh trùng có đường Mộc Châu,nutrient_chat_dam,Chất đạm,protein_g,6.8,g,tat_ca_mon_an.xlsx,1,Chät &am,"2 | Chät &am | 6,8 | g"
food_sua_bo_tuoi_thanh_trung_co_duong_moc_chau,Sữa bò tươi thanh trùng có đường Mộc Châu,nutrient_chat_beo,Chất béo,fat_g,7.7,g,tat_ca_mon_an.xlsx,1,Chät béo,"3 | Chät béo | 7,7 | g"
food_sua_bo_tuoi_thanh_trung_co_duong_moc_chau,Sữa bò tươi thanh trùng có đường Mộc Châu,nutrient_chat_bot_duong,Chất bột đường,carbohydrate_g,20.9,g,tat_ca_mon_an.xlsx,1,Chát böt durng,"4 |  Chát böt durng | 20,9 | g"
food_sua_bo_tuoi_thanh_trung_co_duong_moc_chau,Sữa bò tươi thanh trùng có đường Mộc Châu,nutrient_canxi,Canxi,calcium_mg,253.0,mg,tat_ca_mon_an.xlsx,1,Canxi,8 | Canxi | 253 | mg
food_sua_bo_tuoi_thanh_trung_khong_duong_th_true_milk,Sữa bò tươi thanh trùng không đường TH True Milk,nutrient_chat_dam,Chất đạm,protein_g,7.0,g,tat_ca_mon_an.xlsx,1,Chät dam,2 | Chät dam | 7 | g
food_sua_bo_tuoi_thanh_trung_khong_duong_th_true_milk,Sữa bò tươi thanh trùng không đường TH True Milk,nutrient_chat_beo,Chất béo,fat_g,7.7,g,tat_ca_mon_an.xlsx,1,Chät béo,"3 | Chät béo | 7,7 | g"
food_sua_bo_tuoi_thanh_trung_khong_duong_th_true_milk,Sữa bò tươi thanh trùng không đường TH True Milk,nutrient_chat_bot_duong,Chất bột đường,carbohydrate_g,10.1,g,tat_ca_mon_an.xlsx,1,Chát böt durng,"4 |  Chát böt durng | 10,1 | g"
food_sua_bo_tuoi_thanh_trung_khong_duong_th_true_milk,Sữa bò tươi thanh trùng không đường TH True Milk,nutrient_vitamin_a,Vitamin A,vitamin_a_mcg,93.7,mcg,tat_ca_mon_an.xlsx,1,Vitamin A,"5 |  Vitamin A | 93,7 | g"
food_sua_bo_tuoi_thanh_trung_khong_duong_th_true_milk,Sữa bò tươi thanh trùng không đường TH True Milk,nutrient_beta_carotene,Beta-carotene,beta_carotene_mcg,12.5,mcg,tat_ca_mon_an.xlsx,1,Beta-caroten,"6 | Beta-caroten | 12,5 | g"
food_sua_bo_tuoi_thanh_trung_khong_duong_th_true_milk,Sữa bò tươi thanh trùng không đường TH True Milk,nutrient_canxi,Canxi,calcium_mg,228.8,mg,tat_ca_mon_an.xlsx,1,Canxi,"8 | Canxi | 228,8 | mg"
food_sua_bo_tuoi_thanh_trung_khong_duong_th_true_milk,Sữa bò tươi thanh trùng không đường TH True Milk,nutrient_sat,Sắt,iron_mg,0.4,mg,tat_ca_mon_an.xlsx,1,sät,"6 | sät | 0,4 | mg"
food_sua_bo_tuoi_thanh_trung_khong_duong_th_true_milk,Sữa bò tươi thanh trùng không đường TH True Milk,nutrient_kem,Kẽm,zinc_mg,0.7,mg,tat_ca_mon_an.xlsx,1,Kém,"10 | Kém | 0,7 | mg"
food_sua_bot_toan_phan,Sữa bột toàn phần,nutrient_chat_dam,Chất đạm,protein_g,6.8,g,tat_ca_mon_an.xlsx,1,Chät dam,"2 | Chät dam | 6,8 | g"
food_sua_bot_toan_phan,Sữa bột toàn phần,nutrient_chat_beo,Chất béo,fat_g,8.2,g,tat_ca_mon_an.xlsx,1,Chät béo,"3 | Chät béo | 8,2 | g"
food_sua_bot_toan_phan,Sữa bột toàn phần,nutrient_chat_bot_duong,Chất bột đường,carbohydrate_g,17.4,g,tat_ca_mon_an.xlsx,1,Chát böt durng,"4 |  Chát böt durng | 17,4 | g"
food_sua_bot_toan_phan,Sữa bột toàn phần,nutrient_vitamin_a,Vitamin A,vitamin_a_mcg,186.0,mcg,tat_ca_mon_an.xlsx,1,Vitamin A,5 |  Vitamin A | 186 | g
food_sua_bot_toan_phan,Sữa bột toàn phần,nutrient_vitamin_c,Vitamin C,vitamin_c_mg,270.0,mg,tat_ca_mon_an.xlsx,1,Vitamin C,7 | Vitamin C | 270 | mg
food_sua_bot_toan_phan,Sữa bột toàn phần,nutrient_sat,Sắt,iron_mg,0.0,mg,tat_ca_mon_an.xlsx,1,sät,"6 | sät | 0,0 | mg"
food_sua_bot_toan_phan,Sữa bột toàn phần,nutrient_kem,Kẽm,zinc_mg,0.7,mg,tat_ca_mon_an.xlsx,1,Kém,"10 | Kém | 0,7 | bu"
food_sua_bot_toan_phan,Sữa bột toàn phần,nutrient_natri,Natri,sodium_mg,106.0,mg,tat_ca_mon_an.xlsx,1,Natri,11 |  Natri | 106 | mg
food_sua_bot_toan_phan,Sữa bột toàn phần,nutrient_kali,Kali,potassium_mg,356.0,mg,tat_ca_mon_an.xlsx,1,Kali,13 | Kali | 356 | mg
food_sua_bot_tach_beo,Sữa bột tách béo,nutrient_chat_dam,Chất đạm,protein_g,12.6,g,tat_ca_mon_an.xlsx,1,Chät dam,"2 | Chät dam | 12,6 | g"
food_sua_bot_tach_beo,Sữa bột tách béo,nutrient_chat_beo,Chất béo,fat_g,0.4,g,tat_ca_mon_an.xlsx,1,Chät béo,"3 | Chät béo | 0,4 | g"
food_sua_bot_tach_beo,Sữa bột tách béo,nutrient_chat_bot_duong,Chất bột đường,carbohydrate_g,18.0,g,tat_ca_mon_an.xlsx,1,Chát böt durng,4 |  Chát böt durng | 18 | g
food_sua_bot_tach_beo,Sữa bột tách béo,nutrient_vitamin_a,Vitamin A,vitamin_a_mcg,2.2,mcg,tat_ca_mon_an.xlsx,1,Vitamin A,"5 |  Vitamin A | 2,2 | g"
food_sua_bot_tach_beo,Sữa bột tách béo,nutrient_beta_carotene,Beta-carotene,beta_carotene_mcg,0.4,mcg,tat_ca_mon_an.xlsx,1,Beta-caroten,"6 | Beta-caroten | 0,4 | g"
food_sua_bot_tach_beo,Sữa bột tách béo,nutrient_vitamin_c,Vitamin C,vitamin_c_mg,2.2,mg,tat_ca_mon_an.xlsx,1,Vitamin C,"7 | Vitamin C | 2,2 | mg"
food_sua_bot_tach_beo,Sữa bột tách béo,nutrient_canxi,Canxi,calcium_mg,504.0,mg,tat_ca_mon_an.xlsx,1,Canxi,8 | Canxi | 504 | mg
food_sua_bot_tach_beo,Sữa bột tách béo,nutrient_sat,Sắt,iron_mg,0.1,mg,tat_ca_mon_an.xlsx,1,sät,"6 | sät | 0,1 | mg"
food_sua_bot_tach_beo,Sữa bột tách béo,nutrient_kem,Kẽm,zinc_mg,1.4,mg,tat_ca_mon_an.xlsx,1,Kém,"10 | Kém | 1,4 | mg"
food_sua_bot_tach_beo,Sữa bột tách béo,nutrient_natri,Natri,sodium_mg,192.6,mg,tat_ca_mon_an.xlsx,1,Natri,"11 |  Natri | 192,6 | mg"
food_sua_bot_tach_beo,Sữa bột tách béo,nutrient_cholesterol,Cholesterol,cholesterol_mg,7.2,mg,tat_ca_mon_an.xlsx,1,Cholesterol,"12 | Cholesterol | 7,2 | mg"
food_sua_bot_tach_beo,Sữa bột tách béo,nutrient_kali,Kali,potassium_mg,645.8,mg,tat_ca_mon_an.xlsx,1,Kali,"13 | Kali | 645,8 | mg"
food_sua_chua_co_duong_ba_vi,Sữa chua có đường Ba Vì,nutrient_chat_dam,Chất đạm,protein_g,2.9,g,tat_ca_mon_an.xlsx,1,Chät dam,"2 | Chät dam | 2,9 | g"
food_sua_chua_co_duong_ba_vi,Sữa chua có đường Ba Vì,nutrient_chat_beo,Chất béo,fat_g,2.9,g,tat_ca_mon_an.xlsx,1,Chät béo,"3 | Chät béo | 2,9 | g"
food_sua_chua_co_duong_ba_vi,Sữa chua có đường Ba Vì,nutrient_chat_bot_duong,Chất bột đường,carbohydrate_g,16.2,g,tat_ca_mon_an.xlsx,1,Chát böt durng,"4 |  Chát böt durng | 16,2 | g"
food_sua_chua_co_duong_ba_vi,Sữa chua có đường Ba Vì,nutrient_vitamin_a,Vitamin A,vitamin_a_mcg,25.0,mcg,tat_ca_mon_an.xlsx,1,Vitamin A,5 |  Vitamin A | 25 | g
food_sua_chua_co_duong_ba_vi,Sữa chua có đường Ba Vì,nutrient_canxi,Canxi,calcium_mg,120.0,mg,tat_ca_mon_an.xlsx,1,Canxi,8 | Canxi | 120 | mg
food_sua_chua_co_duong_ba_vi,Sữa chua có đường Ba Vì,nutrient_sat,Sắt,iron_mg,0.1,mg,tat_ca_mon_an.xlsx,1,sät,"6 | sät | 0,1 | mg"
food_sua_chua_co_duong_ba_vi,Sữa chua có đường Ba Vì,nutrient_kem,Kẽm,zinc_mg,0.5,mg,tat_ca_mon_an.xlsx,1,Kém,"10 | Kém | 0,5 | mg"
food_sua_chua_co_duong_ba_vi,Sữa chua có đường Ba Vì,nutrient_natri,Natri,sodium_mg,46.0,mg,tat_ca_mon_an.xlsx,1,Natri,11 |  Natri | 46 | mg
food_sua_chua_co_duong_ba_vi,Sữa chua có đường Ba Vì,nutrient_cholesterol,Cholesterol,cholesterol_mg,13.0,mg,tat_ca_mon_an.xlsx,1,Cholesterol,12 | Cholesterol | 13 | mg
food_sua_chua_co_duong_ba_vi,Sữa chua có đường Ba Vì,nutrient_kali,Kali,potassium_mg,155.0,mg,tat_ca_mon_an.xlsx,1,Kali,13 | Kali | 155 | mg
food_sua_chua_khong_duong_th_true_yogurt,Sữa chua không đường TH True Yogurt,nutrient_chat_dam,Chất đạm,protein_g,3.3,g,tat_ca_mon_an.xlsx,1,Chät dam,"2 | Chät dam | 3,3 | g"
food_sua_chua_khong_duong_th_true_yogurt,Sữa chua không đường TH True Yogurt,nutrient_chat_beo,Chất béo,fat_g,3.7,g,tat_ca_mon_an.xlsx,1,Chät béo,"3 | Chät béo | 3,7 | g"
food_sua_chua_khong_duong_th_true_yogurt,Sữa chua không đường TH True Yogurt,nutrient_chat_bot_duong,Chất bột đường,carbohydrate_g,3.6,g,tat_ca_mon_an.xlsx,1,Chát böt durng,"4 |  Chát böt durng | 3,6 | g"
food_sua_chua_khong_duong_th_true_yogurt,Sữa chua không đường TH True Yogurt,nutrient_vitamin_a,Vitamin A,vitamin_a_mcg,25.0,mcg,tat_ca_mon_an.xlsx,1,Vitamin A,5 |  Vitamin A | 25 | g
food_sua_chua_khong_duong_th_true_yogurt,Sữa chua không đường TH True Yogurt,nutrient_beta_carotene,Beta-carotene,beta_carotene_mcg,11.0,mcg,tat_ca_mon_an.xlsx,1,Beta-caroten,6 | Beta-caroten | 11 | g
food_sua_chua_khong_duong_th_true_yogurt,Sữa chua không đường TH True Yogurt,nutrient_vitamin_c,Vitamin C,vitamin_c_mg,1.0,mg,tat_ca_mon_an.xlsx,1,Vitamin C,7 | Vitamin C | 1 | mg
food_sua_chua_khong_duong_th_true_yogurt,Sữa chua không đường TH True Yogurt,nutrient_canxi,Canxi,calcium_mg,120.0,mg,tat_ca_mon_an.xlsx,1,Canxi,8 | Canxi | 120 | mg
food_sua_chua_khong_duong_th_true_yogurt,Sữa chua không đường TH True Yogurt,nutrient_sat,Sắt,iron_mg,0.1,mg,tat_ca_mon_an.xlsx,1,sät,"6 | sät | 0,1 | mg"
food_sua_chua_khong_duong_th_true_yogurt,Sữa chua không đường TH True Yogurt,nutrient_kem,Kẽm,zinc_mg,0.5,mg,tat_ca_mon_an.xlsx,1,Kém,"10 | Kém | 0,5 | mg"
food_sua_chua_khong_duong_th_true_yogurt,Sữa chua không đường TH True Yogurt,nutrient_natri,Natri,sodium_mg,46.0,mg,tat_ca_mon_an.xlsx,1,Natri,11 |  Natri | 46 | mg
food_sua_chua_khong_duong_th_true_yogurt,Sữa chua không đường TH True Yogurt,nutrient_cholesterol,Cholesterol,cholesterol_mg,13.0,mg,tat_ca_mon_an.xlsx,1,Cholesterol,12 | Cholesterol | 13 | mg
food_sua_chua_khong_duong_th_true_yogurt,Sữa chua không đường TH True Yogurt,nutrient_kali,Kali,potassium_mg,155.0,mg,tat_ca_mon_an.xlsx,1,Kali,13 | Kali | 155 | mg
food_sua_chua_uong_yakult,Sữa chua uống Yakult,nutrient_nang_luong,Năng lượng,energy_kcal,53.0,kcal,tat_ca_mon_an.xlsx,1,Näng luo'ng,1 | Näng luo'ng | 53 | Kcal
food_sua_chua_uong_yakult,Sữa chua uống Yakult,nutrient_chat_dam,Chất đạm,protein_g,0.8,g,tat_ca_mon_an.xlsx,1,Chät dam,"2 | Chät dam | 0,8 | g"
food_sua_chua_uong_yakult,Sữa chua uống Yakult,nutrient_chat_beo,Chất béo,fat_g,0.1,g,tat_ca_mon_an.xlsx,1,Chät béo,"3 | Chät béo | 0,1 | g"
food_sua_chua_uong_yakult,Sữa chua uống Yakult,nutrient_chat_bot_duong,Chất bột đường,carbohydrate_g,12.4,g,tat_ca_mon_an.xlsx,1,Chát böt durng,"4 |  Chát böt durng | 12,4 | g"
food_sua_de_thanh_trung_khong_duong,Sữa dê thanh trùng không đường,nutrient_nang_luong,Năng lượng,energy_kcal,138.0,kcal,tat_ca_mon_an.xlsx,1,Näng luong,1 | Näng luong | 138 | Kcal
food_sua_de_thanh_trung_khong_duong,Sữa dê thanh trùng không đường,nutrient_chat_beo,Chất béo,fat_g,8.2,g,tat_ca_mon_an.xlsx,1,Chät béo,"3 | Chät béo | 8,2 | g"
food_sua_de_thanh_trung_khong_duong,Sữa dê thanh trùng không đường,nutrient_chat_bot_duong,Chất bột đường,carbohydrate_g,4.5,g,tat_ca_mon_an.xlsx,1,Chát böt durng,"4 |  Chát böt durng | 4,5 | g"
food_sua_de_thanh_trung_khong_duong,Sữa dê thanh trùng không đường,nutrient_canxi,Canxi,calcium_mg,120.0,mg,tat_ca_mon_an.xlsx,1,Canxi,8 | Canxi | 120 | mg
food_sua_de_thanh_trung_khong_duong,Sữa dê thanh trùng không đường,nutrient_sat,Sắt,iron_mg,1.0,mg,tat_ca_mon_an.xlsx,1,sät,6 | sät | 1 | mg
food_sua_de_thanh_trung_khong_duong,Sữa dê thanh trùng không đường,nutrient_kem,Kẽm,zinc_mg,0.6,mg,tat_ca_mon_an.xlsx,1,Kém,"10 | Kém | 0,6 | bu"
food_sua_de_thanh_trung_khong_duong,Sữa dê thanh trùng không đường,nutrient_natri,Natri,sodium_mg,100.0,mg,tat_ca_mon_an.xlsx,1,Natri,11 |  Natri | 100 | mg
food_sua_de_thanh_trung_khong_duong,Sữa dê thanh trùng không đường,nutrient_kali,Kali,potassium_mg,408.0,mg,tat_ca_mon_an.xlsx,1,Kali,13 | Kali | 408 | mg
food_sua_ngo,Sữa ngô,nutrient_nang_luong,Năng lượng,energy_kcal,123.8,kcal,tat_ca_mon_an.xlsx,1,Näng luong,"1 | Näng luong | 123,8 |  Kcal"
food_sua_ngo,Sữa ngô,nutrient_chat_dam,Chất đạm,protein_g,4.3,g,tat_ca_mon_an.xlsx,1,Chät dam,"2 |  Chät dam | 4,3 | g"
food_sua_ngo,Sữa ngô,nutrient_chat_beo,Chất béo,fat_g,2.5,g,tat_ca_mon_an.xlsx,1,Chät béo,"3 | Chät béo | 2,5 | g"
food_sua_ngo,Sữa ngô,nutrient_chat_bot_duong,Chất bột đường,carbohydrate_g,21.0,g,tat_ca_mon_an.xlsx,1,Chát böt dung,4 |  Chát böt dung | 21 | g
food_sua_ngo,Sữa ngô,nutrient_canxi,Canxi,calcium_mg,148.2,mg,tat_ca_mon_an.xlsx,1,Calcium,"5 |  Calcium | 148,2 | mg"
food_sua_ngo,Sữa ngô,nutrient_sat,Sắt,iron_mg,0.6,mg,tat_ca_mon_an.xlsx,1,Iron,"9 | Iron | 0,6 | mg"
food_sua_ngo,Sữa ngô,nutrient_magie,Magie,magnesium_mg,30.8,mg,tat_ca_mon_an.xlsx,1,Magnesium,"7 |  Magnesium | 30,8 | mg"
food_sua_tuoi_tiet_trung_co_duong_vinamilk,Sữa tươi tiệt trùng có đường Vinamilk,nutrient_chat_dam,Chất đạm,protein_g,5.0,g,tat_ca_mon_an.xlsx,1,Chät dam,2 | Chät dam | 5 | g
food_sua_tuoi_tiet_trung_co_duong_vinamilk,Sữa tươi tiệt trùng có đường Vinamilk,nutrient_chat_beo,Chất béo,fat_g,6.3,g,tat_ca_mon_an.xlsx,1,Chät béo,"3 | Chät béo | 6,3 | g"
food_sua_tuoi_tiet_trung_co_duong_vinamilk,Sữa tươi tiệt trùng có đường Vinamilk,nutrient_chat_bot_duong,Chất bột đường,carbohydrate_g,14.4,g,tat_ca_mon_an.xlsx,1,Chát böt durng,"4 |  Chát böt durng | 14,4 | g"
food_sua_tuoi_tiet_trung_co_duong_vinamilk,Sữa tươi tiệt trùng có đường Vinamilk,nutrient_vitamin_a,Vitamin A,vitamin_a_mcg,75.0,mcg,tat_ca_mon_an.xlsx,1,Vitamin A,5 |  Vitamin A | 75 | g
food_sua_tuoi_tiet_trung_co_duong_vinamilk,Sữa tươi tiệt trùng có đường Vinamilk,nutrient_vitamin_c,Vitamin C,vitamin_c_mg,11.3,mg,tat_ca_mon_an.xlsx,1,Vitamin C,"7 | Vitamin C | 11,3 | mg"
food_sua_tuoi_tiet_trung_co_duong_vinamilk,Sữa tươi tiệt trùng có đường Vinamilk,nutrient_canxi,Canxi,calcium_mg,198.0,mg,tat_ca_mon_an.xlsx,1,Canxi,8 | Canxi | 198 | mg
food_sua_tuoi_tiet_trung_khong_duong_th_true_milk,Sữa tươi tiệt trùng không đường TH True Milk,nutrient_chat_dam,Chất đạm,protein_g,5.4,g,tat_ca_mon_an.xlsx,1,Chät &am,"2 | Chät &am | 5,4 | g"
food_sua_tuoi_tiet_trung_khong_duong_th_true_milk,Sữa tươi tiệt trùng không đường TH True Milk,nutrient_chat_beo,Chất béo,fat_g,5.9,g,tat_ca_mon_an.xlsx,1,Chät béo,"3 | Chät béo | 5,9 | g"
food_sua_tuoi_tiet_trung_khong_duong_th_true_milk,Sữa tươi tiệt trùng không đường TH True Milk,nutrient_chat_bot_duong,Chất bột đường,carbohydrate_g,8.8,g,tat_ca_mon_an.xlsx,1,Chát böt durng,"4 |  Chát böt durng | 8,8 | g"
food_sua_tuoi_tiet_trung_khong_duong_th_true_milk,Sữa tươi tiệt trùng không đường TH True Milk,nutrient_vitamin_a,Vitamin A,vitamin_a_mcg,75.6,mcg,tat_ca_mon_an.xlsx,1,Vitamin A,"5 |  Vitamin A | 75,6 | g"
food_sua_tuoi_tiet_trung_khong_duong_th_true_milk,Sữa tươi tiệt trùng không đường TH True Milk,nutrient_canxi,Canxi,calcium_mg,190.8,mg,tat_ca_mon_an.xlsx,1,Canxi,"8 | Canxi | 190,8 | mg"
food_sua_tuoi_tiet_trung_khong_duong_th_true_milk,Sữa tươi tiệt trùng không đường TH True Milk,nutrient_sat,Sắt,iron_mg,0.5,mg,tat_ca_mon_an.xlsx,1,sät,"6 | sät | 0,5 | mg"
food_sua_tuoi_tiet_trung_khong_duong_th_true_milk,Sữa tươi tiệt trùng không đường TH True Milk,nutrient_kem,Kẽm,zinc_mg,0.6,mg,tat_ca_mon_an.xlsx,1,Kém,"10 | Kém | 0,6 | mg"
food_sua_dau_nanh,Sữa đậu nành,nutrient_nang_luong,Năng lượng,energy_kcal,108.6,kcal,tat_ca_mon_an.xlsx,1,Näng luo'ng,"1 | Näng luo'ng | 108,6 | Kcal"
food_sua_dau_nanh,Sữa đậu nành,nutrient_chat_dam,Chất đạm,protein_g,3.8,g,tat_ca_mon_an.xlsx,1,Chät dam,"2 | Chät dam | 3,8 | g"
food_sua_dau_nanh,Sữa đậu nành,nutrient_chat_beo,Chất béo,fat_g,2.2,g,tat_ca_mon_an.xlsx,1,Chät béo,"3 | Chät béo | 2,2 | g"
food_sua_dau_nanh,Sữa đậu nành,nutrient_chat_bot_duong,Chất bột đường,carbohydrate_g,18.4,g,tat_ca_mon_an.xlsx,1,Chát böt durng,"4 |  Chát böt durng | 18,4 | g"
food_sua_dau_nanh,Sữa đậu nành,nutrient_vitamin_a,Vitamin A,vitamin_a_mcg,266.0,mcg,tat_ca_mon_an.xlsx,1,Vitamin A,5 |  Vitamin A | 266 | g
food_sua_dau_nanh,Sữa đậu nành,nutrient_canxi,Canxi,calcium_mg,130.0,mg,tat_ca_mon_an.xlsx,1,Canxi,8 | Canxi | 130 | mg
food_sua_dau_nanh,Sữa đậu nành,nutrient_kem,Kẽm,zinc_mg,0.5,mg,tat_ca_mon_an.xlsx,1,Kém,"10 | Kém | 0,5 | mg"
food_sua_dac_co_duong,Sữa đặc có đường,nutrient_chat_dam,Chất đạm,protein_g,3.2,g,tat_ca_mon_an.xlsx,1,Chät dam,"2 | Chät dam | 3,2 | g"
food_sua_dac_co_duong,Sữa đặc có đường,nutrient_chat_beo,Chất béo,fat_g,3.5,g,tat_ca_mon_an.xlsx,1,Chät béo,"3 | Chät béo | 3,5 | g"
food_sua_dac_co_duong,Sữa đặc có đường,nutrient_chat_bot_duong,Chất bột đường,carbohydrate_g,22.4,g,tat_ca_mon_an.xlsx,1,Chát böt durng,"4 |  Chát böt durng | 22,4 | g"
food_sua_dac_co_duong,Sữa đặc có đường,nutrient_vitamin_a,Vitamin A,vitamin_a_mcg,23.2,mcg,tat_ca_mon_an.xlsx,1,Vitamin A,"5 |  Vitamin A | 23,2 | g"
food_sua_dac_co_duong,Sữa đặc có đường,nutrient_beta_carotene,Beta-carotene,beta_carotene_mcg,20.0,mcg,tat_ca_mon_an.xlsx,1,Beta-caroten,6 | Beta-caroten | 20 | g
food_sua_dac_co_duong,Sữa đặc có đường,nutrient_canxi,Canxi,calcium_mg,122.8,mg,tat_ca_mon_an.xlsx,1,Canxi,"8 | Canxi | 122,8 | mg"
food_sua_dac_co_duong,Sữa đặc có đường,nutrient_sat,Sắt,iron_mg,0.2,mg,tat_ca_mon_an.xlsx,1,sät,"6 | sät | 0,2 | mg"
food_sua_dac_co_duong,Sữa đặc có đường,nutrient_natri,Natri,sodium_mg,60.0,mg,tat_ca_mon_an.xlsx,1,Natri,11 |  Natri | 60 | mg
food_sua_dac_co_duong,Sữa đặc có đường,nutrient_cholesterol,Cholesterol,cholesterol_mg,12.8,mg,tat_ca_mon_an.xlsx,1,Cholesterol,"12 | Cholesterol | 12,8 | mg"
food_sua_dac_co_duong,Sữa đặc có đường,nutrient_kali,Kali,potassium_mg,160.0,mg,tat_ca_mon_an.xlsx,1,Kali,13 | Kali | 160 | mg
food_thit_bo_xao_hoa_thien_ly,Thịt bò xào hoa thiên lý,nutrient_nang_luong,Năng lượng,energy_kcal,270.0,kcal,tat_ca_mon_an.xlsx,1,Näng luong,1 | Näng luong | 270 | Kcal
food_thit_bo_xao_hoa_thien_ly,Thịt bò xào hoa thiên lý,nutrient_chat_dam,Chất đạm,protein_g,27.1,g,tat_ca_mon_an.xlsx,1,Chät dam,"2 | Chät dam | 27,1 | g"
food_thit_bo_xao_hoa_thien_ly,Thịt bò xào hoa thiên lý,nutrient_chat_beo,Chất béo,fat_g,13.7,g,tat_ca_mon_an.xlsx,1,Chät béo,"3 | Chät béo | 13,7 | g"
food_thit_bo_xao_hoa_thien_ly,Thịt bò xào hoa thiên lý,nutrient_chat_bot_duong,Chất bột đường,carbohydrate_g,9.5,g,tat_ca_mon_an.xlsx,1,Chát böt durng,"4 |  Chát böt durng | 9,5 | g"
food_thit_bo_xao_hoa_thien_ly,Thịt bò xào hoa thiên lý,nutrient_vitamin_a,Vitamin A,vitamin_a_mcg,11.8,mcg,tat_ca_mon_an.xlsx,1,Vitamin A,"5 | Vitamin A | 11,8 | g"
food_thit_bo_xao_hoa_thien_ly,Thịt bò xào hoa thiên lý,nutrient_beta_carotene,Beta-carotene,beta_carotene_mcg,1172.0,mcg,tat_ca_mon_an.xlsx,1,Beta-caroten,6 | Beta-caroten | 1.172 | g
food_thit_bo_xao_hoa_thien_ly,Thịt bò xào hoa thiên lý,nutrient_vitamin_c,Vitamin C,vitamin_c_mg,66.0,mg,tat_ca_mon_an.xlsx,1,Vitamin C,7 | Vitamin C | 66 | mg
food_thit_bo_xao_hoa_thien_ly,Thịt bò xào hoa thiên lý,nutrient_canxi,Canxi,calcium_mg,129.3,mg,tat_ca_mon_an.xlsx,1,Canxi,"8 | Canxi | 129,3 | mg"
food_thit_bo_xao_hoa_thien_ly,Thịt bò xào hoa thiên lý,nutrient_sat,Sắt,iron_mg,5.8,mg,tat_ca_mon_an.xlsx,1,sät,"6 | sät | 5,8 | mg"
food_thit_bo_xao_hoa_thien_ly,Thịt bò xào hoa thiên lý,nutrient_kem,Kẽm,zinc_mg,2.2,mg,tat_ca_mon_an.xlsx,1,Kém,"10 | Kém | 2,2 | mg"
food_thit_bo_xao_hoa_thien_ly,Thịt bò xào hoa thiên lý,nutrient_natri,Natri,sodium_mg,972.2,mg,tat_ca_mon_an.xlsx,1,Natri,"11 | Natri | 972,2 | mg"
food_thit_bo_xao_hoa_thien_ly,Thịt bò xào hoa thiên lý,nutrient_cholesterol,Cholesterol,cholesterol_mg,57.8,mg,tat_ca_mon_an.xlsx,1,Cholesterol,"12 | Cholesterol | 57,8 | mg"
food_thit_bo_xao_hoa_thien_ly,Thịt bò xào hoa thiên lý,nutrient_kali,Kali,potassium_mg,429.0,mg,tat_ca_mon_an.xlsx,1,Kali,13 |  Kali | 429 | mg
food_thit_bo_xao_hoa_thien_ly,Thịt bò xào hoa thiên lý,nutrient_chat_xo,Chất xơ,fiber_g,6.2,g,tat_ca_mon_an.xlsx,1,Xo,"14 | Xo | 6,2 | 9"
food_thit_bo_xao_hanh_tay_ca_chua,"Thịt bò xào hành tây, cà chua",nutrient_nang_luong,Năng lượng,energy_kcal,281.0,kcal,tat_ca_mon_an.xlsx,1,Näng luong,1 | Näng luong | 281 | Kcal
food_thit_bo_xao_hanh_tay_ca_chua,"Thịt bò xào hành tây, cà chua",nutrient_chat_dam,Chất đạm,protein_g,23.7,g,tat_ca_mon_an.xlsx,1,Chät dam,"2 | Chät dam | 23,7 | g"
food_thit_bo_xao_hanh_tay_ca_chua,"Thịt bò xào hành tây, cà chua",nutrient_chat_beo,Chất béo,fat_g,14.1,g,tat_ca_mon_an.xlsx,1,Chät béo,"3 | Chät béo | 14,1 | g"
food_thit_bo_xao_hanh_tay_ca_chua,"Thịt bò xào hành tây, cà chua",nutrient_chat_bot_duong,Chất bột đường,carbohydrate_g,14.8,g,tat_ca_mon_an.xlsx,1,Chát böt durng,"4 |  Chát böt durng | 14,8 | g"
food_thit_bo_xao_hanh_tay_ca_chua,"Thịt bò xào hành tây, cà chua",nutrient_beta_carotene,Beta-carotene,beta_carotene_mcg,364.0,mcg,tat_ca_mon_an.xlsx,1,Beta-caroten,6 | Beta-caroten | 364 | g
food_thit_bo_xao_hanh_tay_ca_chua,"Thịt bò xào hành tây, cà chua",nutrient_vitamin_c,Vitamin C,vitamin_c_mg,52.0,mg,tat_ca_mon_an.xlsx,1,Vitamin C,7 | Vitamin C | 52 | mg
food_thit_bo_xao_hanh_tay_ca_chua,"Thịt bò xào hành tây, cà chua",nutrient_canxi,Canxi,calcium_mg,72.0,mg,tat_ca_mon_an.xlsx,1,Canxi,8 | Canxi | 72 | mg
food_thit_bo_xao_hanh_tay_ca_chua,"Thịt bò xào hành tây, cà chua",nutrient_sat,Sắt,iron_mg,5.6,mg,tat_ca_mon_an.xlsx,1,sät,"6 | sät | 5,6 | mg"
food_thit_bo_xao_hanh_tay_ca_chua,"Thịt bò xào hành tây, cà chua",nutrient_kem,Kẽm,zinc_mg,4.4,mg,tat_ca_mon_an.xlsx,1,Kém,"10 | Kém | 4,4 | mg"
food_thit_bo_xao_hanh_tay_ca_chua,"Thịt bò xào hành tây, cà chua",nutrient_natri,Natri,sodium_mg,491.0,mg,tat_ca_mon_an.xlsx,1,Natri,11 | Natri | 491 | mg
food_thit_bo_xao_hanh_tay_ca_chua,"Thịt bò xào hành tây, cà chua",nutrient_cholesterol,Cholesterol,cholesterol_mg,40.0,mg,tat_ca_mon_an.xlsx,1,Cholesterol,12 | Cholesterol | 40 | mg
food_thit_bo_xao_hanh_tay_ca_chua,"Thịt bò xào hành tây, cà chua",nutrient_kali,Kali,potassium_mg,919.0,mg,tat_ca_mon_an.xlsx,1,Kali,13 |  Kali | 919 | mg
food_thit_bo_xao_hanh_tay_ca_chua,"Thịt bò xào hành tây, cà chua",nutrient_chat_xo,Chất xơ,fiber_g,2.0,g,tat_ca_mon_an.xlsx,1,Xo,14 | Xo | 2 | 9
food_thit_bo_xao_luc_lac,Thịt bò xào lúc lắc,nutrient_nang_luong,Năng lượng,energy_kcal,469.0,kcal,tat_ca_mon_an.xlsx,1,Näng luong,1 | Näng luong | 469 | Kcal
food_thit_bo_xao_luc_lac,Thịt bò xào lúc lắc,nutrient_chat_dam,Chất đạm,protein_g,47.3,g,tat_ca_mon_an.xlsx,1,Chät dam,"2 | Chät dam | 47,3 | g"
food_thit_bo_xao_luc_lac,Thịt bò xào lúc lắc,nutrient_chat_beo,Chất béo,fat_g,18.3,g,tat_ca_mon_an.xlsx,1,Chät béo,"3 | Chät béo | 18,3 | g"
food_thit_bo_xao_luc_lac,Thịt bò xào lúc lắc,nutrient_chat_bot_duong,Chất bột đường,carbohydrate_g,28.7,g,tat_ca_mon_an.xlsx,1,Chát böt durng,"4 |  Chát böt durng | 28,7 | g"
food_thit_bo_xao_luc_lac,Thịt bò xào lúc lắc,nutrient_vitamin_a,Vitamin A,vitamin_a_mcg,0.0,mcg,tat_ca_mon_an.xlsx,1,Vitamin A,5 |  Vitamin A | 0 | g
food_thit_bo_xao_luc_lac,Thịt bò xào lúc lắc,nutrient_beta_carotene,Beta-carotene,beta_carotene_mcg,206.2,mcg,tat_ca_mon_an.xlsx,1,Beta-caroten,"6 | Beta-caroten | 206,2 | g"
food_thit_bo_xao_luc_lac,Thịt bò xào lúc lắc,nutrient_vitamin_c,Vitamin C,vitamin_c_mg,131.0,mg,tat_ca_mon_an.xlsx,1,Vitamin C,7 | Vitamin C | 131 | 9
food_thit_bo_xao_luc_lac,Thịt bò xào lúc lắc,nutrient_canxi,Canxi,calcium_mg,49.0,mg,tat_ca_mon_an.xlsx,1,Canxi,8 | Canxi | 49 | mg
food_thit_bo_xao_luc_lac,Thịt bò xào lúc lắc,nutrient_sat,Sắt,iron_mg,8.9,mg,tat_ca_mon_an.xlsx,1,sät,"6 | sät | 8,9 | mg"
food_thit_bo_xao_luc_lac,Thịt bò xào lúc lắc,nutrient_kem,Kẽm,zinc_mg,5.5,mg,tat_ca_mon_an.xlsx,1,Kém,"10 | Kém | 5,5 | mg"
food_thit_bo_xao_luc_lac,Thịt bò xào lúc lắc,nutrient_natri,Natri,sodium_mg,582.0,mg,tat_ca_mon_an.xlsx,1,Natri,11 | Natri | 582 | mg
food_thit_bo_xao_luc_lac,Thịt bò xào lúc lắc,nutrient_kali,Kali,potassium_mg,1504.0,mg,tat_ca_mon_an.xlsx,1,Kali,13 |  Kali | 1.504 | mg
food_thit_bo_xao_luc_lac,Thịt bò xào lúc lắc,nutrient_chat_xo,Chất xơ,fiber_g,2.6,g,tat_ca_mon_an.xlsx,1,Xo,"14 | Xo | 2,6 | 9"
food_thit_bo_xao_nam,Thịt bò xào nấm,nutrient_nang_luong,Năng lượng,energy_kcal,182.0,kcal,tat_ca_mon_an.xlsx,1,Näng luong,1 | Näng luong | 182 |  Kcal
food_thit_bo_xao_nam,Thịt bò xào nấm,nutrient_chat_dam,Chất đạm,protein_g,22.5,g,tat_ca_mon_an.xlsx,1,Chät dam,"2 | Chät dam | 22,5 | g"
food_thit_bo_xao_nam,Thịt bò xào nấm,nutrient_chat_beo,Chất béo,fat_g,8.5,g,tat_ca_mon_an.xlsx,1,Chät béo,"3 | Chät béo | 8,5 | g"
food_thit_bo_xao_nam,Thịt bò xào nấm,nutrient_chat_bot_duong,Chất bột đường,carbohydrate_g,3.9,g,tat_ca_mon_an.xlsx,1,Chát böt durng,"4 |  Chát böt durng | 3,9 | g"
food_thit_bo_xao_nam,Thịt bò xào nấm,nutrient_vitamin_a,Vitamin A,vitamin_a_mcg,0.0,mcg,tat_ca_mon_an.xlsx,1,Vitamin A,5 |  Vitamin A | 0 | g
food_thit_bo_xao_nam,Thịt bò xào nấm,nutrient_beta_carotene,Beta-carotene,beta_carotene_mcg,829.0,mcg,tat_ca_mon_an.xlsx,1,Beta-caroten,6 | Beta-caroten | 829 | g
food_thit_bo_xao_nam,Thịt bò xào nấm,nutrient_vitamin_c,Vitamin C,vitamin_c_mg,2.0,mg,tat_ca_mon_an.xlsx,1,Vitamin C,7 | Vitamin C | 2 | mg
food_thit_bo_xao_nam,Thịt bò xào nấm,nutrient_canxi,Canxi,calcium_mg,42.4,mg,tat_ca_mon_an.xlsx,1,Canxi,"8 | Canxi | 42,4 | mg"
food_thit_bo_xao_nam,Thịt bò xào nấm,nutrient_kem,Kẽm,zinc_mg,1.9,mg,tat_ca_mon_an.xlsx,1,Kém,"10 | Kém | 1,9 | mg"
food_thit_bo_xao_nam,Thịt bò xào nấm,nutrient_natri,Natri,sodium_mg,461.0,mg,tat_ca_mon_an.xlsx,1,Natri,11 | Natri | 461 | mg
food_thit_bo_xao_nam,Thịt bò xào nấm,nutrient_cholesterol,Cholesterol,cholesterol_mg,32.0,mg,tat_ca_mon_an.xlsx,1,Cholesterol,12 | Cholesterol | 32 | mg
food_thit_bo_xao_nam,Thịt bò xào nấm,nutrient_kali,Kali,potassium_mg,329.0,mg,tat_ca_mon_an.xlsx,1,Kali,13 |  Kali | 329 | mg
food_thit_bo_xao_nam,Thịt bò xào nấm,nutrient_chat_xo,Chất xơ,fiber_g,3.0,g,tat_ca_mon_an.xlsx,1,Xo,14 | Xo | 3 | 9
food_thit_bo_xao_su_su,Thịt bò xào su su,nutrient_chat_dam,Chất đạm,protein_g,21.9,g,tat_ca_mon_an.xlsx,1,Chät dam,"2 |  Chät dam | 21,9 | g"
food_thit_bo_xao_su_su,Thịt bò xào su su,nutrient_chat_beo,Chất béo,fat_g,10.9,g,tat_ca_mon_an.xlsx,1,Chät béo,"3 | Chät béo | 10,9 | g"
food_thit_bo_xao_su_su,Thịt bò xào su su,nutrient_chat_bot_duong,Chất bột đường,carbohydrate_g,4.2,g,tat_ca_mon_an.xlsx,1,Chát böt durng,"4 |  Chát böt durng | 4,2 | g"
food_thit_bo_xao_su_su,Thịt bò xào su su,nutrient_vitamin_a,Vitamin A,vitamin_a_mcg,0.0,mcg,tat_ca_mon_an.xlsx,1,Vitamin A,5 |  Vitamin A | 0 | g
food_thit_bo_xao_su_su,Thịt bò xào su su,nutrient_beta_carotene,Beta-carotene,beta_carotene_mcg,0.0,mcg,tat_ca_mon_an.xlsx,1,Beta-caroten,6 | Beta-caroten | 0 | g
food_thit_bo_xao_su_su,Thịt bò xào su su,nutrient_vitamin_c,Vitamin C,vitamin_c_mg,1.0,mg,tat_ca_mon_an.xlsx,1,Vitamin C,7 | Vitamin C | 1 | mg
food_thit_bo_xao_su_su,Thịt bò xào su su,nutrient_canxi,Canxi,calcium_mg,33.0,mg,tat_ca_mon_an.xlsx,1,Canxi,8 | Canxi | 33 | mg
food_thit_bo_xao_su_su,Thịt bò xào su su,nutrient_sat,Sắt,iron_mg,3.7,mg,tat_ca_mon_an.xlsx,1,sät,"6 | sät | 3,7 | mg"
food_thit_bo_xao_su_su,Thịt bò xào su su,nutrient_kem,Kẽm,zinc_mg,3.0,mg,tat_ca_mon_an.xlsx,1,Kém,"10 | Kém | 3,0 | mg"
food_thit_bo_xao_su_su,Thịt bò xào su su,nutrient_natri,Natri,sodium_mg,357.0,mg,tat_ca_mon_an.xlsx,1,Natri,11 |  Natri | 357 | mg
food_thit_bo_xao_su_su,Thịt bò xào su su,nutrient_cholesterol,Cholesterol,cholesterol_mg,40.0,mg,tat_ca_mon_an.xlsx,1,Cholesterol,12 | Cholesterol | 40 | mg
food_thit_bo_xao_su_su,Thịt bò xào su su,nutrient_kali,Kali,potassium_mg,378.0,mg,tat_ca_mon_an.xlsx,1,Kali,13 |  Kali | 378 | mg
food_thit_bo_xao_su_su,Thịt bò xào su su,nutrient_chat_xo,Chất xơ,fiber_g,1.2,g,tat_ca_mon_an.xlsx,1,Xo,"14 | Xo | 1,2 | 9"
food_thit_bo_xao_dau_cove,Thịt bò xào đậu cove,nutrient_nang_luong,Năng lượng,energy_kcal,162.0,kcal,tat_ca_mon_an.xlsx,1,Näng luong,1 | Näng luong | 162 | Kcal
food_thit_bo_xao_dau_cove,Thịt bò xào đậu cove,nutrient_chat_dam,Chất đạm,protein_g,14.5,g,tat_ca_mon_an.xlsx,1,Chät dam,"2 | Chät dam | 14,5 | g"
food_thit_bo_xao_dau_cove,Thịt bò xào đậu cove,nutrient_chat_beo,Chất béo,fat_g,5.7,g,tat_ca_mon_an.xlsx,1,Chät béo,"3 | Chät béo | 5,7 | g"
food_thit_bo_xao_dau_cove,Thịt bò xào đậu cove,nutrient_chat_bot_duong,Chất bột đường,carbohydrate_g,13.3,g,tat_ca_mon_an.xlsx,1,Chát böt durng,"4 |  Chát böt durng | 13,3 | g"
food_thit_bo_xao_dau_cove,Thịt bò xào đậu cove,nutrient_vitamin_a,Vitamin A,vitamin_a_mcg,0.0,mcg,tat_ca_mon_an.xlsx,1,Vitamin A,5 |  Vitamin A | 0 | g
food_thit_bo_xao_dau_cove,Thịt bò xào đậu cove,nutrient_beta_carotene,Beta-carotene,beta_carotene_mcg,180.0,mcg,tat_ca_mon_an.xlsx,1,Beta-caroten,6 | Beta-caroten | 180 | g
food_thit_bo_xao_dau_cove,Thịt bò xào đậu cove,nutrient_vitamin_c,Vitamin C,vitamin_c_mg,25.0,mg,tat_ca_mon_an.xlsx,1,Vitamin C,7 | Vitamin C | 25 | mg
food_thit_bo_xao_dau_cove,Thịt bò xào đậu cove,nutrient_canxi,Canxi,calcium_mg,32.0,mg,tat_ca_mon_an.xlsx,1,Canxi,8 | Canxi | 32 | mg
food_thit_bo_xao_dau_cove,Thịt bò xào đậu cove,nutrient_sat,Sắt,iron_mg,2.1,mg,tat_ca_mon_an.xlsx,1,sät,"6 | sät | 2,1 | mg"
food_thit_bo_xao_dau_cove,Thịt bò xào đậu cove,nutrient_kem,Kẽm,zinc_mg,1.0,mg,tat_ca_mon_an.xlsx,1,Kém,10 | Kém | 1 | mg
food_thit_bo_xao_dau_cove,Thịt bò xào đậu cove,nutrient_natri,Natri,sodium_mg,404.0,mg,tat_ca_mon_an.xlsx,1,Natri,11 | Natri | 404 | mg
food_thit_bo_xao_dau_cove,Thịt bò xào đậu cove,nutrient_cholesterol,Cholesterol,cholesterol_mg,18.0,mg,tat_ca_mon_an.xlsx,1,Cholesterol,12 | Cholesterol | 18 | mg
food_thit_bo_xao_dau_cove,Thịt bò xào đậu cove,nutrient_kali,Kali,potassium_mg,424.0,mg,tat_ca_mon_an.xlsx,1,Kali,13 |  Kali | 424 | mg
food_thit_trau_xao_rau_muong,Thịt trâu xào rau muống,nutrient_nang_luong,Năng lượng,energy_kcal,283.0,kcal,tat_ca_mon_an.xlsx,1,Näng luo'ng,1 | Näng luo'ng | 283 | Kcal
food_thit_trau_xao_rau_muong,Thịt trâu xào rau muống,nutrient_chat_dam,Chất đạm,protein_g,30.6,g,tat_ca_mon_an.xlsx,1,Chät dam,"2 |  Chät dam | 30,6 | g"
food_thit_trau_xao_rau_muong,Thịt trâu xào rau muống,nutrient_chat_beo,Chất béo,fat_g,14.9,g,tat_ca_mon_an.xlsx,1,Chät béo,"3 | Chät béo | 14,9 | g"
food_thit_trau_xao_rau_muong,Thịt trâu xào rau muống,nutrient_chat_bot_duong,Chất bột đường,carbohydrate_g,2.1,g,tat_ca_mon_an.xlsx,1,Chát böt durng,"4 |  Chát böt durng | 2,1 | g"
food_thit_trau_xao_rau_muong,Thịt trâu xào rau muống,nutrient_beta_carotene,Beta-carotene,beta_carotene_mcg,16791.0,mcg,tat_ca_mon_an.xlsx,1,Beta-caroten,6 | Beta-caroten | 16.791 | g
food_thit_trau_xao_rau_muong,Thịt trâu xào rau muống,nutrient_vitamin_c,Vitamin C,vitamin_c_mg,70.0,mg,tat_ca_mon_an.xlsx,1,Vitamin C,7 | Vitamin C | 70 | mg
food_thit_trau_xao_rau_muong,Thịt trâu xào rau muống,nutrient_canxi,Canxi,calcium_mg,313.5,mg,tat_ca_mon_an.xlsx,1,Canxi,"8 | Canxi | 313,5 | mg"
food_thit_trau_xao_rau_muong,Thịt trâu xào rau muống,nutrient_sat,Sắt,iron_mg,7.3,mg,tat_ca_mon_an.xlsx,1,sät,"6 | sät | 7,3 | mg"
food_thit_trau_xao_rau_muong,Thịt trâu xào rau muống,nutrient_kem,Kẽm,zinc_mg,3.3,mg,tat_ca_mon_an.xlsx,1,Kém,"10 | Kém | 3,3 | mg"
food_thit_trau_xao_rau_muong,Thịt trâu xào rau muống,nutrient_natri,Natri,sodium_mg,585.2,mg,tat_ca_mon_an.xlsx,1,Natri,"11 | Natri | 585,2 | mg"
food_thit_trau_xao_rau_muong,Thịt trâu xào rau muống,nutrient_cholesterol,Cholesterol,cholesterol_mg,40.0,mg,tat_ca_mon_an.xlsx,1,Cholesterol,12 | Cholesterol | 40 | mg
food_thit_trau_xao_rau_muong,Thịt trâu xào rau muống,nutrient_kali,Kali,potassium_mg,1369.5,mg,tat_ca_mon_an.xlsx,1,Kali,"13 |  Kali | 1.369,5 | mg"
food_thit_trau_xao_rau_muong,Thịt trâu xào rau muống,nutrient_chat_xo,Chất xơ,fiber_g,3.0,g,tat_ca_mon_an.xlsx,1,Xo,14 | Xo | 3 | 9
food_tim_bau_duc_xao_can_toi,Tim bầu dục xào cần tỏi,nutrient_nang_luong,Năng lượng,energy_kcal,339.0,kcal,tat_ca_mon_an.xlsx,1,Näng luong,1 | Näng luong | 339 | Kcal
food_tim_bau_duc_xao_can_toi,Tim bầu dục xào cần tỏi,nutrient_chat_dam,Chất đạm,protein_g,28.4,g,tat_ca_mon_an.xlsx,1,Chät dam,"2 | Chät dam | 28,4 | g"
food_tim_bau_duc_xao_can_toi,Tim bầu dục xào cần tỏi,nutrient_chat_beo,Chất béo,fat_g,15.2,g,tat_ca_mon_an.xlsx,1,Chät béo,"3 | Chät béo | 15,2 | g"
food_tim_bau_duc_xao_can_toi,Tim bầu dục xào cần tỏi,nutrient_chat_bot_duong,Chất bột đường,carbohydrate_g,22.4,g,tat_ca_mon_an.xlsx,1,Chát böt durng,"4 |  Chát böt durng | 22,4 | g"
food_tim_bau_duc_xao_can_toi,Tim bầu dục xào cần tỏi,nutrient_vitamin_a,Vitamin A,vitamin_a_mcg,126.4,mcg,tat_ca_mon_an.xlsx,1,Vitamin A,"5 |  Vitamin A | 126,4 | g"
food_tim_bau_duc_xao_can_toi,Tim bầu dục xào cần tỏi,nutrient_beta_carotene,Beta-carotene,beta_carotene_mcg,3358.7,mcg,tat_ca_mon_an.xlsx,1,Beta-caroten,"6 | Beta-caroten | 3.358,7 | g"
food_tim_bau_duc_xao_can_toi,Tim bầu dục xào cần tỏi,nutrient_vitamin_c,Vitamin C,vitamin_c_mg,62.5,mg,tat_ca_mon_an.xlsx,1,Vitamin C,"7 | Vitamin C | 62,5 | mg"
food_tim_bau_duc_xao_can_toi,Tim bầu dục xào cần tỏi,nutrient_canxi,Canxi,calcium_mg,208.1,mg,tat_ca_mon_an.xlsx,1,Canxi,"8 | Canxi | 208,1 | mg"
food_tim_bau_duc_xao_can_toi,Tim bầu dục xào cần tỏi,nutrient_sat,Sắt,iron_mg,17.9,mg,tat_ca_mon_an.xlsx,1,sät,"6 | sät | 17,9 | mg"
food_tim_bau_duc_xao_can_toi,Tim bầu dục xào cần tỏi,nutrient_kem,Kẽm,zinc_mg,5.5,mg,tat_ca_mon_an.xlsx,1,Kém,"10 | Kém | 5,5 | mg"
food_tim_bau_duc_xao_can_toi,Tim bầu dục xào cần tỏi,nutrient_natri,Natri,sodium_mg,1344.2,mg,tat_ca_mon_an.xlsx,1,Natri,"11 | Natri | 1.344,2 | mg"
food_tim_bau_duc_xao_can_toi,Tim bầu dục xào cần tỏi,nutrient_cholesterol,Cholesterol,cholesterol_mg,568.0,mg,tat_ca_mon_an.xlsx,1,Cholesterol,12 | Cholesterol | 5.680 | mg
food_tim_bau_duc_xao_can_toi,Tim bầu dục xào cần tỏi,nutrient_kali,Kali,potassium_mg,128.7,mg,tat_ca_mon_an.xlsx,1,Kali,"13 |  Kali | 128,7 | mg"
food_tim_bau_duc_xao_can_toi,Tim bầu dục xào cần tỏi,nutrient_chat_xo,Chất xơ,fiber_g,3.6,g,tat_ca_mon_an.xlsx,1,Xo,"14 | Xo | 3,6 | mg"
food_tiet_luoc,Tiết luộc,nutrient_chat_dam,Chất đạm,protein_g,11.4,g,tat_ca_mon_an.xlsx,1,Chät dam,"2 |  Chät dam | 11,4 | g"
food_tiet_luoc,Tiết luộc,nutrient_chat_beo,Chất béo,fat_g,0.2,g,tat_ca_mon_an.xlsx,1,Chät béo,"3 | Chät béo | 0,2 | g"
food_tiet_luoc,Tiết luộc,nutrient_chat_bot_duong,Chất bột đường,carbohydrate_g,4.6,g,tat_ca_mon_an.xlsx,1,Chát böt durng,"4 |  Chát böt durng | 4,6 | g"
food_tiet_luoc,Tiết luộc,nutrient_vitamin_a,Vitamin A,vitamin_a_mcg,113.0,mcg,tat_ca_mon_an.xlsx,1,Vitamin A,5 | Vitamin A | 113 | g
food_tiet_luoc,Tiết luộc,nutrient_beta_carotene,Beta-carotene,beta_carotene_mcg,776.1,mcg,tat_ca_mon_an.xlsx,1,Beta-caroten,"6 | Beta-caroten | 776,1 | g"
food_tiet_luoc,Tiết luộc,nutrient_vitamin_c,Vitamin C,vitamin_c_mg,21.8,mg,tat_ca_mon_an.xlsx,1,Vitamin C,"7 | Vitamin C | 21,8 | mg"
food_tiet_luoc,Tiết luộc,nutrient_canxi,Canxi,calcium_mg,42.9,mg,tat_ca_mon_an.xlsx,1,Calcium,"8 | Calcium | 42,9 | mg"
food_tiet_luoc,Tiết luộc,nutrient_sat,Sắt,iron_mg,38.3,mg,tat_ca_mon_an.xlsx,1,Iron,"6 | Iron | 38,3 | mg"
food_tiet_luoc,Tiết luộc,nutrient_kem,Kẽm,zinc_mg,0.2,mg,tat_ca_mon_an.xlsx,1,Zinc,"10 | Zinc | 0,2 | mg"
food_tiet_luoc,Tiết luộc,nutrient_natri,Natri,sodium_mg,553.4,mg,tat_ca_mon_an.xlsx,1,Natri,"11 | Natri | 553,4 | mg"
food_tiet_luoc,Tiết luộc,nutrient_magie,Magie,magnesium_mg,24.9,mg,tat_ca_mon_an.xlsx,1,Magnesium,"13 |  Magnesium | 24,9 | mg"
food_trung_chim_cut_luoc,Trứng chim cút luộc,nutrient_nang_luong,Năng lượng,energy_kcal,15.0,kcal,tat_ca_mon_an.xlsx,1,Näng luo'ng,1 | Näng luo'ng | 15 | Kcal
food_trung_chim_cut_luoc,Trứng chim cút luộc,nutrient_chat_dam,Chất đạm,protein_g,1.3,g,tat_ca_mon_an.xlsx,1,Chät &am,"2 | Chät &am | 1,3 | g"
food_trung_chim_cut_luoc,Trứng chim cút luộc,nutrient_chat_beo,Chất béo,fat_g,1.1,g,tat_ca_mon_an.xlsx,1,Chät béo,"3 | Chät béo | 1,1 | g"
food_trung_chim_cut_luoc,Trứng chim cút luộc,nutrient_vitamin_a,Vitamin A,vitamin_a_mcg,45.0,mcg,tat_ca_mon_an.xlsx,1,Vitamin A,5 |  Vitamin A | 45 | g
food_trung_chim_cut_luoc,Trứng chim cút luộc,nutrient_beta_carotene,Beta-carotene,beta_carotene_mcg,0.7,mcg,tat_ca_mon_an.xlsx,1,Beta-caroten,"6 | Beta-caroten | 0,7 | g"
food_trung_chim_cut_luoc,Trứng chim cút luộc,nutrient_canxi,Canxi,calcium_mg,6.0,mg,tat_ca_mon_an.xlsx,1,Canxi,8 | Canxi | 6 | mg
food_trung_chim_cut_luoc,Trứng chim cút luộc,nutrient_sat,Sắt,iron_mg,0.3,mg,tat_ca_mon_an.xlsx,1,sät,"6 | sät | 0,3 | mg"
food_trung_chim_cut_luoc,Trứng chim cút luộc,nutrient_kem,Kẽm,zinc_mg,0.1,mg,tat_ca_mon_an.xlsx,1,Kém,"10 | Kém | 0,1 | mg"
food_trung_chim_cut_luoc,Trứng chim cút luộc,nutrient_natri,Natri,sodium_mg,14.0,mg,tat_ca_mon_an.xlsx,1,Natri,11 |  Natri | 14 | mg
food_trung_chim_cut_luoc,Trứng chim cút luộc,nutrient_cholesterol,Cholesterol,cholesterol_mg,48.0,mg,tat_ca_mon_an.xlsx,1,Cholesterol,12 | Cholesterol | 48 | mg
food_trung_chim_cut_luoc,Trứng chim cút luộc,nutrient_kali,Kali,potassium_mg,13.0,mg,tat_ca_mon_an.xlsx,1,Kali,13 | Kali | 13 | mg
food_trung_ga_cong_nghiep_luoc,Trứng gà công nghiệp luộc,nutrient_chat_dam,Chất đạm,protein_g,5.9,g,tat_ca_mon_an.xlsx,1,Chät &am,"2 | Chät &am | 5,9 | g"
food_trung_ga_cong_nghiep_luoc,Trứng gà công nghiệp luộc,nutrient_chat_beo,Chất béo,fat_g,4.7,g,tat_ca_mon_an.xlsx,1,Chät béo,"3 | Chät béo | 4,7 | g"
food_trung_ga_cong_nghiep_luoc,Trứng gà công nghiệp luộc,nutrient_chat_bot_duong,Chất bột đường,carbohydrate_g,0.4,g,tat_ca_mon_an.xlsx,1,Chát böt durng,"4 |  Chát böt durng | 0,4 | g"
food_trung_ga_cong_nghiep_luoc,Trứng gà công nghiệp luộc,nutrient_vitamin_a,Vitamin A,vitamin_a_mcg,329.0,mcg,tat_ca_mon_an.xlsx,1,Vitamin A,5 |  Vitamin A | 329 | g
food_trung_ga_cong_nghiep_luoc,Trứng gà công nghiệp luộc,nutrient_canxi,Canxi,calcium_mg,26.0,mg,tat_ca_mon_an.xlsx,1,Canxi,8 | Canxi | 26 | mg
food_trung_ga_cong_nghiep_luoc,Trứng gà công nghiệp luộc,nutrient_sat,Sắt,iron_mg,1.2,mg,tat_ca_mon_an.xlsx,1,sät,"6 | sät | 1,2 | mg"
food_trung_ga_cong_nghiep_luoc,Trứng gà công nghiệp luộc,nutrient_kem,Kẽm,zinc_mg,0.4,mg,tat_ca_mon_an.xlsx,1,Kém,"10 | Kém | 0,4 | mg"
food_trung_ga_cong_nghiep_luoc,Trứng gà công nghiệp luộc,nutrient_natri,Natri,sodium_mg,74.0,mg,tat_ca_mon_an.xlsx,1,Natri,11 | Natri | 74 | mg
food_trung_ga_cong_nghiep_luoc,Trứng gà công nghiệp luộc,nutrient_cholesterol,Cholesterol,cholesterol_mg,221.0,mg,tat_ca_mon_an.xlsx,1,Cholesterol,12 | Cholesterol | 221 | mg
food_trung_ga_cong_nghiep_luoc,Trứng gà công nghiệp luộc,nutrient_kali,Kali,potassium_mg,83.0,mg,tat_ca_mon_an.xlsx,1,Kali,13 | Kali | 83 | mg
food_trung_ga_ta_luoc,Trứng gà ta luộc,nutrient_nang_luong,Năng lượng,energy_kcal,57.0,kcal,tat_ca_mon_an.xlsx,1,Näng luo'ng,1 | Näng luo'ng | 57 | Kcal
food_trung_ga_ta_luoc,Trứng gà ta luộc,nutrient_chat_dam,Chất đạm,protein_g,5.1,g,tat_ca_mon_an.xlsx,1,Chät &am,"2 | Chät &am | 5,1 | g"
food_trung_ga_ta_luoc,Trứng gà ta luộc,nutrient_chat_beo,Chất béo,fat_g,4.0,g,tat_ca_mon_an.xlsx,1,Chät béo,3 | Chät béo | 4 | g
food_trung_ga_ta_luoc,Trứng gà ta luộc,nutrient_chat_bot_duong,Chất bột đường,carbohydrate_g,0.2,g,tat_ca_mon_an.xlsx,1,Chát böt durng,"4 |  Chát böt durng | 0,2 | g"
food_trung_ga_ta_luoc,Trứng gà ta luộc,nutrient_vitamin_a,Vitamin A,vitamin_a_mcg,27.0,mcg,tat_ca_mon_an.xlsx,1,Vitamin A,5 |  Vitamin A | 27 | g
food_trung_ga_ta_luoc,Trứng gà ta luộc,nutrient_canxi,Canxi,calcium_mg,19.0,mg,tat_ca_mon_an.xlsx,1,Canxi,8 | Canxi | 19 | mg
food_trung_ga_ta_luoc,Trứng gà ta luộc,nutrient_sat,Sắt,iron_mg,0.9,mg,tat_ca_mon_an.xlsx,1,sät,"6 | sät | 0,9 | mg"
food_trung_ga_ta_luoc,Trứng gà ta luộc,nutrient_kem,Kẽm,zinc_mg,0.3,mg,tat_ca_mon_an.xlsx,1,Kém,"10 | Kém | 0,3 | mg"
food_trung_ga_ta_luoc,Trứng gà ta luộc,nutrient_natri,Natri,sodium_mg,61.2,mg,tat_ca_mon_an.xlsx,1,Natri,"11 | Natri | 61,2 | mg"
food_trung_ga_ta_luoc,Trứng gà ta luộc,nutrient_cholesterol,Cholesterol,cholesterol_mg,206.4,mg,tat_ca_mon_an.xlsx,1,Cholesterol,"12 | Cholesterol | 206,4 | mg"
food_trung_ga_ta_luoc,Trứng gà ta luộc,nutrient_kali,Kali,potassium_mg,68.1,mg,tat_ca_mon_an.xlsx,1,Kali,"13 | Kali | 68,1 | mg"
food_trung_ga_ta_ran,Trứng gà ta rán,nutrient_chat_dam,Chất đạm,protein_g,4.8,g,tat_ca_mon_an.xlsx,1,Chät dam,"2 | Chät dam | 4,8 | g"
food_trung_ga_ta_ran,Trứng gà ta rán,nutrient_chat_beo,Chất béo,fat_g,6.8,g,tat_ca_mon_an.xlsx,1,Chät béo,"3 | Chät béo | 6,8 | g"
food_trung_ga_ta_ran,Trứng gà ta rán,nutrient_chat_bot_duong,Chất bột đường,carbohydrate_g,0.3,g,tat_ca_mon_an.xlsx,1,Chát böt durng,"4 |  Chát böt durng | 0,3 | g"
food_trung_ga_ta_ran,Trứng gà ta rán,nutrient_vitamin_a,Vitamin A,vitamin_a_mcg,226.0,mcg,tat_ca_mon_an.xlsx,1,Vitamin A,5 |  Vitamin A | 226 | g
food_trung_ga_ta_ran,Trứng gà ta rán,nutrient_canxi,Canxi,calcium_mg,21.2,mg,tat_ca_mon_an.xlsx,1,Canxi,"8 | Canxi | 21,2 | mg"
food_trung_ga_ta_ran,Trứng gà ta rán,nutrient_sat,Sắt,iron_mg,1.0,mg,tat_ca_mon_an.xlsx,1,sät,6 | sät | 1 | mg
food_trung_ga_ta_ran,Trứng gà ta rán,nutrient_kem,Kẽm,zinc_mg,0.3,mg,tat_ca_mon_an.xlsx,1,Kém,"10 | Kém | 0,3 | bu"
food_trung_ga_ta_ran,Trứng gà ta rán,nutrient_natri,Natri,sodium_mg,138.0,mg,tat_ca_mon_an.xlsx,1,Natri,11 |  Natri | 138 | mg
food_trung_ga_ta_ran,Trứng gà ta rán,nutrient_cholesterol,Cholesterol,cholesterol_mg,178.6,mg,tat_ca_mon_an.xlsx,1,Cholesterol,"12 | Cholesterol | 178,6 | mg"
food_trung_ga_ta_ran,Trứng gà ta rán,nutrient_kali,Kali,potassium_mg,66.9,mg,tat_ca_mon_an.xlsx,1,Kali,"13 | Kali | 66,9 | mg"
food_trung_vit_luoc,Trứng vịt luộc,nutrient_chat_dam,Chất đạm,protein_g,7.4,g,tat_ca_mon_an.xlsx,1,Chät &am,"2 | Chät &am | 7,4 | g"
food_trung_vit_luoc,Trứng vịt luộc,nutrient_chat_beo,Chất béo,fat_g,8.1,g,tat_ca_mon_an.xlsx,1,Chät béo,"3 | Chät béo | 8,1 | g"
food_trung_vit_luoc,Trứng vịt luộc,nutrient_chat_bot_duong,Chất bột đường,carbohydrate_g,0.6,g,tat_ca_mon_an.xlsx,1,Chát böt durng,"4 |  Chát böt durng | 0,6 | g"
food_trung_vit_luoc,Trứng vịt luộc,nutrient_vitamin_a,Vitamin A,vitamin_a_mcg,205.9,mcg,tat_ca_mon_an.xlsx,1,Vitamin A,"5 |  Vitamin A | 205,9 | g"
food_trung_vit_luoc,Trứng vịt luộc,nutrient_beta_carotene,Beta-carotene,beta_carotene_mcg,8.0,mcg,tat_ca_mon_an.xlsx,1,Beta-caroten,6 | Beta-caroten | 8 | g
food_trung_vit_luoc,Trứng vịt luộc,nutrient_canxi,Canxi,calcium_mg,41.0,mg,tat_ca_mon_an.xlsx,1,Canxi,8 | Canxi | 41 | mg
food_trung_vit_luoc,Trứng vịt luộc,nutrient_sat,Sắt,iron_mg,1.8,mg,tat_ca_mon_an.xlsx,1,sät,"6 | sät | 1,8 | mg"
food_trung_vit_luoc,Trứng vịt luộc,nutrient_kem,Kẽm,zinc_mg,0.4,mg,tat_ca_mon_an.xlsx,1,Kém,"10 | Kém | 0,4 | mg"
food_trung_vit_luoc,Trứng vịt luộc,nutrient_natri,Natri,sodium_mg,109.3,mg,tat_ca_mon_an.xlsx,1,Natri,"11 | Natri | 109,3 | mg"
food_trung_vit_luoc,Trứng vịt luộc,nutrient_cholesterol,Cholesterol,cholesterol_mg,575.0,mg,tat_ca_mon_an.xlsx,1,Cholesterol,12 | Cholesterol | 575 | mg
food_trung_vit_luoc,Trứng vịt luộc,nutrient_kali,Kali,potassium_mg,147.6,mg,tat_ca_mon_an.xlsx,1,Kali,"13 | Kali | 147,6 | mg"
food_trung_vit_lon,Trứng vịt lộn,nutrient_nang_luong,Năng lượng,energy_kcal,82.0,kcal,tat_ca_mon_an.xlsx,1,Näng luo'ng,1 | Näng luo'ng | 82 | Kcal
food_trung_vit_lon,Trứng vịt lộn,nutrient_chat_dam,Chất đạm,protein_g,6.1,g,tat_ca_mon_an.xlsx,1,Chät dam,"2 | Chät dam | 6,1 | g"
food_trung_vit_lon,Trứng vịt lộn,nutrient_chat_beo,Chất béo,fat_g,5.6,g,tat_ca_mon_an.xlsx,1,Chät béo,"3 | Chät béo | 5,6 | g"
food_trung_vit_lon,Trứng vịt lộn,nutrient_chat_bot_duong,Chất bột đường,carbohydrate_g,1.8,g,tat_ca_mon_an.xlsx,1,Chát böt durng,"4 |  Chát böt durng | 1,8 | g"
food_trung_vit_lon,Trứng vịt lộn,nutrient_vitamin_a,Vitamin A,vitamin_a_mcg,394.0,mcg,tat_ca_mon_an.xlsx,1,Vitamin A,5 |  Vitamin A | 394 | g
food_trung_vit_lon,Trứng vịt lộn,nutrient_beta_carotene,Beta-carotene,beta_carotene_mcg,196.0,mcg,tat_ca_mon_an.xlsx,1,Beta-caroten,6 | Beta-caroten | 196 | g
food_trung_vit_lon,Trứng vịt lộn,nutrient_vitamin_c,Vitamin C,vitamin_c_mg,1.4,mg,tat_ca_mon_an.xlsx,1,Vitamin C,"7 | Vitamin C | 1,4 | mg"
food_trung_vit_lon,Trứng vịt lộn,nutrient_canxi,Canxi,calcium_mg,37.0,mg,tat_ca_mon_an.xlsx,1,Canxi,8 | Canxi | 37 | mg
food_trung_vit_lon,Trứng vịt lộn,nutrient_sat,Sắt,iron_mg,1.3,mg,tat_ca_mon_an.xlsx,1,sät,"6 | sät | 1,3 | mg"
food_trung_vit_ran,Trứng vịt rán,nutrient_chat_dam,Chất đạm,protein_g,15.3,g,tat_ca_mon_an.xlsx,1,Chät dam,"2 | Chät dam | 15,3 | g"
food_trung_vit_ran,Trứng vịt rán,nutrient_chat_beo,Chất béo,fat_g,17.0,g,tat_ca_mon_an.xlsx,1,Chät béo,3 | Chät béo | 17 | g
food_trung_vit_ran,Trứng vịt rán,nutrient_chat_bot_duong,Chất bột đường,carbohydrate_g,1.0,g,tat_ca_mon_an.xlsx,1,Chát böt durng,4 |  Chát böt durng | 1 | g
food_trung_vit_ran,Trứng vịt rán,nutrient_vitamin_a,Vitamin A,vitamin_a_mcg,722.0,mcg,tat_ca_mon_an.xlsx,1,Vitamin A,5 |  Vitamin A | 722 | g
food_trung_vit_ran,Trứng vịt rán,nutrient_beta_carotene,Beta-carotene,beta_carotene_mcg,57.9,mcg,tat_ca_mon_an.xlsx,1,Beta-caroten,"6 | Beta-caroten | 57,9 | g"
food_trung_vit_ran,Trứng vịt rán,nutrient_vitamin_c,Vitamin C,vitamin_c_mg,1.8,mg,tat_ca_mon_an.xlsx,1,Vitamin C,"7 | Vitamin C | 1,8 | mg"
food_trung_vit_ran,Trứng vịt rán,nutrient_canxi,Canxi,calcium_mg,61.8,mg,tat_ca_mon_an.xlsx,1,Canxi,"8 | Canxi | 61,8 | mg"
food_trung_vit_ran,Trứng vịt rán,nutrient_sat,Sắt,iron_mg,2.8,mg,tat_ca_mon_an.xlsx,1,sät,"6 | sät | 2,8 | mg"
food_trung_vit_ran,Trứng vịt rán,nutrient_kem,Kẽm,zinc_mg,0.9,mg,tat_ca_mon_an.xlsx,1,Kém,"10 | Kém | 0,9 | mg"
food_trung_vit_ran,Trứng vịt rán,nutrient_natri,Natri,sodium_mg,618.1,mg,tat_ca_mon_an.xlsx,1,Natri,"11 | Natri | 618,1 | mg"
food_trung_vit_ran,Trứng vịt rán,nutrient_cholesterol,Cholesterol,cholesterol_mg,619.2,mg,tat_ca_mon_an.xlsx,1,Cholesterol,"12 | Cholesterol | 619,2 | mg"
food_trung_vit_ran,Trứng vịt rán,nutrient_kali,Kali,potassium_mg,187.8,mg,tat_ca_mon_an.xlsx,1,Kali,"13 |  Kali | 187,8 | mg"
food_tao_pho_truyen_thong,Tào phớ truyền thống,nutrient_nang_luong,Năng lượng,energy_kcal,83.8,kcal,tat_ca_mon_an.xlsx,1,Näng luong,"1 | Näng luong | 83,8 | Kcal"
food_tao_pho_truyen_thong,Tào phớ truyền thống,nutrient_chat_dam,Chất đạm,protein_g,4.3,g,tat_ca_mon_an.xlsx,1,Chät dam,"2 |  Chät dam | 4,3 | g"
food_tao_pho_truyen_thong,Tào phớ truyền thống,nutrient_chat_beo,Chất béo,fat_g,0.4,g,tat_ca_mon_an.xlsx,1,Chät béo,"3 | Chät béo | 0,4 | g"
food_tao_pho_truyen_thong,Tào phớ truyền thống,nutrient_chat_bot_duong,Chất bột đường,carbohydrate_g,15.8,g,tat_ca_mon_an.xlsx,1,Chát böt dung,"4 |  Chát böt dung | 15,8 | g"
food_tao_pho_truyen_thong,Tào phớ truyền thống,nutrient_canxi,Canxi,calcium_mg,171.6,mg,tat_ca_mon_an.xlsx,1,Canxi,"5 | Canxi | 171,6 | mg"
food_tao_pho_truyen_thong,Tào phớ truyền thống,nutrient_natri,Natri,sodium_mg,61.5,mg,tat_ca_mon_an.xlsx,1,Natri,"7 | Natri | 61,5 | mg"
food_tao_pho_truyen_thong,Tào phớ truyền thống,nutrient_magie,Magie,magnesium_mg,70.9,mg,tat_ca_mon_an.xlsx,1,Magie,"8 | Magie | 70,9 | mg"
food_xoi_lac,Xôi lạc,nutrient_nang_luong,Năng lượng,energy_kcal,733.1,kcal,tat_ca_mon_an.xlsx,1,Näng luong,"1 | Näng luong | 733,1 | Kcal"
food_xoi_lac,Xôi lạc,nutrient_chat_dam,Chất đạm,protein_g,21.1,g,tat_ca_mon_an.xlsx,1,Chät dam,"2 | Chät dam | 21,1 | g"
food_xoi_lac,Xôi lạc,nutrient_chat_beo,Chất béo,fat_g,14.6,g,tat_ca_mon_an.xlsx,1,Chät béo,"3 | Chät béo | 14,6 | g"
food_xoi_lac,Xôi lạc,nutrient_chat_bot_duong,Chất bột đường,carbohydrate_g,129.4,g,tat_ca_mon_an.xlsx,1,Chát böt durng,"4 |  Chát böt durng | 129,4 | g"
food_xoi_lac,Xôi lạc,nutrient_vitamin_a,Vitamin A,vitamin_a_mcg,0.2,mcg,tat_ca_mon_an.xlsx,1,Vitamin A,"5 |  Vitamin A | 0,2 | g"
food_xoi_lac,Xôi lạc,nutrient_beta_carotene,Beta-carotene,beta_carotene_mcg,2.8,mcg,tat_ca_mon_an.xlsx,1,Beta-caroten,"6 | Beta-caroten | 2,8 | g"
food_xoi_lac,Xôi lạc,nutrient_vitamin_c,Vitamin C,vitamin_c_mg,0.2,mg,tat_ca_mon_an.xlsx,1,Vitamin C,"7 | Vitamin C | 0,2 | mg"
food_xoi_lac,Xôi lạc,nutrient_canxi,Canxi,calcium_mg,58.3,mg,tat_ca_mon_an.xlsx,1,Canxi,"8 | Canxi | 58,3 | mg"
food_xoi_lac,Xôi lạc,nutrient_sat,Sắt,iron_mg,2.8,mg,tat_ca_mon_an.xlsx,1,sät,"6 | sät | 2,8 | mg"
food_xoi_lac,Xôi lạc,nutrient_kem,Kẽm,zinc_mg,4.2,mg,tat_ca_mon_an.xlsx,1,Kém,"10 | Kém | 4,2 | mg"
food_xoi_lac,Xôi lạc,nutrient_natri,Natri,sodium_mg,332.4,mg,tat_ca_mon_an.xlsx,1,Natri,"11 | Natri | 332,4 | mg"
food_xoi_lac,Xôi lạc,nutrient_magie,Magie,magnesium_mg,80.1,mg,tat_ca_mon_an.xlsx,1,Magie,"12 | Magie | 80,1 | mg"
food_xoi_xeo,Xôi xéo,nutrient_nang_luong,Năng lượng,energy_kcal,420.2,kcal,tat_ca_mon_an.xlsx,1,Näng luo'ng,"1 | Näng luo'ng | 420,2 | Kcal"
food_xoi_xeo,Xôi xéo,nutrient_chat_dam,Chất đạm,protein_g,12.6,g,tat_ca_mon_an.xlsx,1,Chät dam,"2 |  Chät dam | 12,6 | g"
food_xoi_xeo,Xôi xéo,nutrient_chat_beo,Chất béo,fat_g,3.6,g,tat_ca_mon_an.xlsx,1,Chät béo,"3 | Chät béo | 3,6 | g"
food_xoi_xeo,Xôi xéo,nutrient_chat_bot_duong,Chất bột đường,carbohydrate_g,84.3,g,tat_ca_mon_an.xlsx,1,Chát böt áung,"4 |  Chát böt áung | 84,3 | g"
food_xoi_xeo,Xôi xéo,nutrient_vitamin_a,Vitamin A,vitamin_a_mcg,0.3,mcg,tat_ca_mon_an.xlsx,1,Vitamin A,"5 |  Vitamin A | 0,3 | g"
food_xoi_xeo,Xôi xéo,nutrient_beta_carotene,Beta-carotene,beta_carotene_mcg,3.0,mcg,tat_ca_mon_an.xlsx,1,Beta-caroten,6 | Beta-caroten | 3 | g
food_xoi_xeo,Xôi xéo,nutrient_vitamin_c,Vitamin C,vitamin_c_mg,1.2,mg,tat_ca_mon_an.xlsx,1,Vitamin C,"7 | Vitamin C | 1,2 | mg"
food_xoi_xeo,Xôi xéo,nutrient_canxi,Canxi,calcium_mg,25.0,mg,tat_ca_mon_an.xlsx,1,Canxi,8 | Canxi | 25 | mg
food_xoi_xeo,Xôi xéo,nutrient_sat,Sắt,iron_mg,1.7,mg,tat_ca_mon_an.xlsx,1,sät,"6 | sät | 1,7 | mg"
food_xoi_xeo,Xôi xéo,nutrient_kem,Kẽm,zinc_mg,2.5,mg,tat_ca_mon_an.xlsx,1,Kém,"10 | Kém | 2,5 | mg"
food_xoi_xeo,Xôi xéo,nutrient_natri,Natri,sodium_mg,78.8,mg,tat_ca_mon_an.xlsx,1,Natri,"11 |  Natri | 78,8 | mg"
food_xoi_xeo,Xôi xéo,nutrient_cholesterol,Cholesterol,cholesterol_mg,2.3,mg,tat_ca_mon_an.xlsx,1,Cholesterol,"12 | Cholesterol | 2,3 | mg"
food_xoi_xeo,Xôi xéo,nutrient_magie,Magie,magnesium_mg,37.3,mg,tat_ca_mon_an.xlsx,1,Magie,"13 | Magie | 37,3 | mg"
food_dau_phu_ran,Đậu phụ rán,nutrient_nang_luong,Năng lượng,energy_kcal,139.0,kcal,tat_ca_mon_an.xlsx,1,Näng luong,1 | Näng luong | 139 | Kcal
food_dau_phu_ran,Đậu phụ rán,nutrient_chat_dam,Chất đạm,protein_g,8.7,g,tat_ca_mon_an.xlsx,1,Chät dam,"2 |  Chät dam | 8,7 | g"
food_dau_phu_ran,Đậu phụ rán,nutrient_chat_beo,Chất béo,fat_g,11.3,g,tat_ca_mon_an.xlsx,1,Chät béo,"3 | Chät béo | 11,3 | g"
food_dau_phu_ran,Đậu phụ rán,nutrient_canxi,Canxi,calcium_mg,19.0,mg,tat_ca_mon_an.xlsx,1,Canxi,5 | Canxi | 19 | mg
food_dau_phu_ran,Đậu phụ rán,nutrient_kem,Kẽm,zinc_mg,0.6,mg,tat_ca_mon_an.xlsx,1,Kém,"7 | Kém | 0,6 | mg"
food_dau_phu_ran,Đậu phụ rán,nutrient_natri,Natri,sodium_mg,6.0,mg,tat_ca_mon_an.xlsx,1,Natri,8 | Natri | 6 | mg
food_dau_phu_ran,Đậu phụ rán,nutrient_kali,Kali,potassium_mg,26.0,mg,tat_ca_mon_an.xlsx,1,Kali,6 | Kali | 26 | mg
food_dau_phu_ran,Đậu phụ rán,nutrient_chat_xo,Chất xơ,fiber_g,0.3,g,tat_ca_mon_an.xlsx,1,Xo,"10 | Xo | 0,3 | g"
food_dau_trang_dau_tay_hat_kho,"Đậu trắng (đậu tây), hạt, khô",nutrient_chat_dam,Chất đạm,protein_g,23.2,g,tat_ca_mon_an.xlsx,1,Protein,1 | Protein | 23.2 | g
food_dau_trang_dau_tay_hat_kho,"Đậu trắng (đậu tây), hạt, khô",nutrient_chat_beo,Chất béo,fat_g,2.1,g,tat_ca_mon_an.xlsx,1,Total lipid (Fat),2 | Total lipid (Fat) | 2.1 | g
food_dau_trang_dau_tay_hat_kho,"Đậu trắng (đậu tây), hạt, khô",nutrient_chat_bot_duong,Chất bột đường,carbohydrate_g,57.4,g,tat_ca_mon_an.xlsx,1,Carbohydrate by difference,3 | Carbohydrate by difference | 57.4 | g
food_dau_trang_dau_tay_hat_kho,"Đậu trắng (đậu tây), hạt, khô",nutrient_chat_xo,Chất xơ,fiber_g,3.6,g,tat_ca_mon_an.xlsx,1,"Fibre, total dietary","4 | Fibre, total dietary | 3.6 | g"
food_dau_trang_dau_tay_hat_kho,"Đậu trắng (đậu tây), hạt, khô",nutrient_vitamin_a,Vitamin A,vitamin_a_mcg,0.8,mcg,tat_ca_mon_an.xlsx,1,Vit A-RAE,5 | Vit A-RAE | 0.8 | now
food_dau_trang_dau_tay_hat_kho,"Đậu trắng (đậu tây), hạt, khô",nutrient_beta_carotene,Beta-carotene,beta_carotene_mcg,10.0,mcg,tat_ca_mon_an.xlsx,1,B-carotene,9 | B-carotene | 10.0 | mcg
food_dau_trang_dau_tay_hat_kho,"Đậu trắng (đậu tây), hạt, khô",nutrient_canxi,Canxi,calcium_mg,160.0,mg,tat_ca_mon_an.xlsx,1,Ca,8 | Ca | 160.0 | mg
food_dau_trang_dau_tay_hat_kho,"Đậu trắng (đậu tây), hạt, khô",nutrient_sat,Sắt,iron_mg,6.8,mg,tat_ca_mon_an.xlsx,1,Fe,9 | Fe | 6.8 | mg
food_dau_trang_dau_tay_hat_kho,"Đậu trắng (đậu tây), hạt, khô",nutrient_nuoc,Nước,water_g,14.0,g,tat_ca_mon_an.xlsx,1,Water,10 | Water | 14.0 | g
food_dau_trang_dau_tay_hat_kho,"Đậu trắng (đậu tây), hạt, khô",nutrient_tryptophan,Tryptophan,tryptophan_g,320.0,mg,tat_ca_mon_an.xlsx,1,Tryptophan,11 | Tryptophan | 320.0 | mg
food_dau_trang_dau_tay_hat_kho,"Đậu trắng (đậu tây), hạt, khô",nutrient_threonine,Threonine,threonine_g,740.0,mg,tat_ca_mon_an.xlsx,1,Threonine,12 | Threonine | 740.0 | 6w
food_dau_trang_dau_tay_hat_kho,"Đậu trắng (đậu tây), hạt, khô",nutrient_isoleucine,Isoleucine,isoleucine_g,950.0,mg,tat_ca_mon_an.xlsx,1,Isoleucine,13 | Isoleucine | 950.0 | mg
food_dau_trang_dau_tay_hat_kho,"Đậu trắng (đậu tây), hạt, khô",nutrient_leucine,Leucine,leucine_g,1460.0,mg,tat_ca_mon_an.xlsx,1,Leucine,14 | Leucine | 1460.0 | mg
food_dau_trang_dau_tay_hat_kho,"Đậu trắng (đậu tây), hạt, khô",nutrient_lysine,Lysine,lysine_g,1160.0,mg,tat_ca_mon_an.xlsx,1,Lysine,15 | Lysine | 1160.0 | mg
food_dau_trang_dau_tay_hat_kho,"Đậu trắng (đậu tây), hạt, khô",nutrient_methionine,Methionine,methionine_g,300.0,mg,tat_ca_mon_an.xlsx,1,Methionine,16 | Methionine | 300.0 | mg
food_dau_trang_dau_tay_hat_kho,"Đậu trắng (đậu tây), hạt, khô",nutrient_cystine,Cystine,cystine_g,133.0,mg,tat_ca_mon_an.xlsx,1,Cystine,17 | Cystine | 133.0 | mg
food_dau_trang_dau_tay_hat_kho,"Đậu trắng (đậu tây), hạt, khô",nutrient_phenylalanine,Phenylalanine,phenylalanine_g,1280.0,mg,tat_ca_mon_an.xlsx,1,Phenylalanine,18 | Phenylalanine | 1280.0 | mg
food_dau_trang_dau_tay_hat_kho,"Đậu trắng (đậu tây), hạt, khô",nutrient_tyrosine,Tyrosine,tyrosine_g,631.0,mg,tat_ca_mon_an.xlsx,1,Tyrosine,19 | Tyrosine | 631.0 | mg
food_dau_trang_dau_tay_hat_kho,"Đậu trắng (đậu tây), hạt, khô",nutrient_valine,Valine,valine_g,930.0,mg,tat_ca_mon_an.xlsx,1,Valine,20 | Valine | 930.0 | mg
food_dau_trang_dau_tay_hat_kho,"Đậu trắng (đậu tây), hạt, khô",nutrient_arginine,Arginine,arginine_g,1620.0,mg,tat_ca_mon_an.xlsx,1,Arginine,21 | Arginine | 1620.0 | mg
food_dau_trang_dau_tay_hat_kho,"Đậu trắng (đậu tây), hạt, khô",nutrient_histidine,Histidine,histidine_g,600.0,mg,tat_ca_mon_an.xlsx,1,Histidine,22 | Histidine | 600.0 | mg
food_dau_trang_dau_tay_hat_kho,"Đậu trắng (đậu tây), hạt, khô",nutrient_alanine,Alanine,alanine_g,551.0,mg,tat_ca_mon_an.xlsx,1,Alanine,23 | Alanine | 551.0 | mg
food_dau_trang_dau_tay_hat_kho,"Đậu trắng (đậu tây), hạt, khô",nutrient_aspartic_acid,Aspartic acid,aspartic_acid_g,1976.0,mg,tat_ca_mon_an.xlsx,1,Aspartic acid,24 | Aspartic acid | 1976.0 | mg
food_dau_trang_dau_tay_hat_kho,"Đậu trắng (đậu tây), hạt, khô",nutrient_glutamic_acid,Glutamic acid,glutamic_acid_g,3564.0,mg,tat_ca_mon_an.xlsx,2,Glutamic acid,25 | Glutamic acid | 3564.0 | mg
food_dau_trang_dau_tay_hat_kho,"Đậu trắng (đậu tây), hạt, khô",nutrient_glycine,Glycine,glycine_g,680.0,mg,tat_ca_mon_an.xlsx,2,Glycine,26 | Glycine | 680.0 | mg
food_dau_trang_dau_tay_hat_kho,"Đậu trắng (đậu tây), hạt, khô",nutrient_proline,Proline,proline_g,778.0,mg,tat_ca_mon_an.xlsx,2,Proline,27 | Proline | 778.0 | mg
food_dau_trang_dau_tay_hat_kho,"Đậu trắng (đậu tây), hạt, khô",nutrient_serine,Serine,serine_g,1069.0,mg,tat_ca_mon_an.xlsx,2,Serine,28 | Serine | 1069.0 | mg
food_dau_trang_dau_tay_hat_kho,"Đậu trắng (đậu tây), hạt, khô",nutrient_acid_beo_bao_hoa,Acid béo bão hòa,saturated_fat_g,0.1,g,tat_ca_mon_an.xlsx,2,"Fatty acids, total saturated","29 | Fatty acids, total saturated | 0.1 | g"
food_dau_trang_dau_tay_hat_kho,"Đậu trắng (đậu tây), hạt, khô",nutrient_acid_beo_khong_bao_hoa_don,Acid béo không bão hòa đơn,mufa_g,0.1,g,tat_ca_mon_an.xlsx,2,"Fatty acids, total monounsaturated","32 | Fatty acids, total monounsaturated | 0.1 | 9"
food_dau_trang_dau_tay_hat_kho,"Đậu trắng (đậu tây), hạt, khô",nutrient_tro,Tro,ash_g,3.3,g,tat_ca_mon_an.xlsx,2,Ash,37 | Ash | 3.3 | 9
food_dau_trang_dau_tay_hat_kho,"Đậu trắng (đậu tây), hạt, khô",nutrient_phosphorus,Phosphorus,phosphorus_mg,514.0,mg,tat_ca_mon_an.xlsx,2,P,38 | P | 514.0 | mg
food_dau_trang_dau_tay_hat_kho,"Đậu trắng (đậu tây), hạt, khô",nutrient_vitamin_e,Vitamin E,vitamin_e_mg,0.2,mg,tat_ca_mon_an.xlsx,2,Vit E,39 | Vit E | 0.2 | mg
food_dau_trang_dau_tay_hat_kho,"Đậu trắng (đậu tây), hạt, khô",nutrient_thiamin,Thiamin,thiamin_mg,0.5,mg,tat_ca_mon_an.xlsx,2,Thiamin,40 | Thiamin | 0.5 | mg
food_dau_trang_dau_tay_hat_kho,"Đậu trắng (đậu tây), hạt, khô",nutrient_riboflavin,Riboflavin,riboflavin_mg,0.2,mg,tat_ca_mon_an.xlsx,2,Riboflavin,41 | Riboflavin | 0.2 | mg
food_dau_trang_dau_tay_hat_kho,"Đậu trắng (đậu tây), hạt, khô",nutrient_niacin,Niacin,niacin_mg,2.1,mg,tat_ca_mon_an.xlsx,2,Niacin,42 |  Niacin | 2.1 | mg
food_dau_trang_dau_tay_hat_kho,"Đậu trắng (đậu tây), hạt, khô",nutrient_pantothenic_acid,Pantothenic acid,pantothenic_acid_mg,0.8,mg,tat_ca_mon_an.xlsx,2,Pantothenic acid,43 | Pantothenic acid | 0.8 | mg
food_dau_trang_dau_tay_hat_kho,"Đậu trắng (đậu tây), hạt, khô",nutrient_vitamin_b6,Vitamin B6,vitamin_b6_mg,0.4,mg,tat_ca_mon_an.xlsx,2,Vit B6,44 | Vit B6 | 0.4 | mg
food_dau_trang_dau_tay_hat_kho,"Đậu trắng (đậu tây), hạt, khô",nutrient_folate,Folate,folate_mcg,394.0,mcg,tat_ca_mon_an.xlsx,2,"Folate, total","45 | Folate, total | 394.0 | mcg"
food_dau_trang_dau_tay_hat_kho,"Đậu trắng (đậu tây), hạt, khô",nutrient_folate,Folate,folate_mcg,394.0,mcg,tat_ca_mon_an.xlsx,2,"Folate, food","46 | Folate, food | 394.0 | mcg"
food_dau_trang_dau_tay_hat_kho,"Đậu trắng (đậu tây), hạt, khô",nutrient_vitamin_k,Vitamin K,vitamin_k_mcg,19.0,mcg,tat_ca_mon_an.xlsx,2,Vit K (phylloquinone),47 | Vit K (phylloquinone) | 19.0 | mcg
food_oc_bong_xao_bo_trung_man,Ốc bông xào bơ trứng mặn,nutrient_nang_luong,Năng lượng,energy_kcal,575.5,kcal,tat_ca_mon_an.xlsx,1,Näng luo'ng,"1 | Näng luo'ng | 575,5 | Kcal"
food_oc_bong_xao_bo_trung_man,Ốc bông xào bơ trứng mặn,nutrient_chat_dam,Chất đạm,protein_g,19.9,g,tat_ca_mon_an.xlsx,1,Chät dam,"2 |  Chät dam | 19,9 | g"
food_oc_bong_xao_bo_trung_man,Ốc bông xào bơ trứng mặn,nutrient_chat_beo,Chất béo,fat_g,40.7,g,tat_ca_mon_an.xlsx,1,Chät béo,"3 | Chät béo | 40,7 | g"
food_oc_bong_xao_bo_trung_man,Ốc bông xào bơ trứng mặn,nutrient_chat_bot_duong,Chất bột đường,carbohydrate_g,32.4,g,tat_ca_mon_an.xlsx,1,Chát böt áung,"4 |  Chát böt áung | 32,4 | g"
food_oc_bong_xao_bo_trung_man,Ốc bông xào bơ trứng mặn,nutrient_vitamin_a,Vitamin A,vitamin_a_mcg,544.7,mcg,tat_ca_mon_an.xlsx,1,Vitamin A,"5 | Vitamin A | 544,7 | g"
food_oc_bong_xao_bo_trung_man,Ốc bông xào bơ trứng mặn,nutrient_kali,Kali,potassium_mg,512.5,mg,tat_ca_mon_an.xlsx,1,Potassium,"6 |  Potassium | 512,5 | mg"
food_oc_bong_xao_bo_trung_man,Ốc bông xào bơ trứng mặn,nutrient_mufa_pufa,MUFA+PUFA,mufa_pufa_g,28.5,g,tat_ca_mon_an.xlsx,1,MUFA+PUFA,"7 | MUFA+PUFA | 28,5 | g"
food_oc_bong_xao_bo_trung_man,Ốc bông xào bơ trứng mặn,nutrient_canxi,Canxi,calcium_mg,86.5,mg,tat_ca_mon_an.xlsx,1,Calcium,"8 | Calcium | 86,5 | mg"
food_oc_bong_xao_bo_trung_man,Ốc bông xào bơ trứng mặn,nutrient_sat,Sắt,iron_mg,2.7,mg,tat_ca_mon_an.xlsx,1,Iron,"6 | Iron | 2,7 | mg"
food_oc_bong_xao_bo_trung_man,Ốc bông xào bơ trứng mặn,nutrient_natri,Natri,sodium_mg,1942.0,mg,tat_ca_mon_an.xlsx,1,Natri,11 | Natri | 1.942 | mg
food_oc_bong_xao_bo_trung_man,Ốc bông xào bơ trứng mặn,nutrient_cholesterol,Cholesterol,cholesterol_mg,400.0,mg,tat_ca_mon_an.xlsx,1,Cholesterol,12 | Cholesterol | 400 | mg
food_oc_bong_xao_bo_trung_man,Ốc bông xào bơ trứng mặn,nutrient_magie,Magie,magnesium_mg,68.3,mg,tat_ca_mon_an.xlsx,1,Magnesium,"13 | Magnesium | 68,3 | mg"
food_oc_bong_xao_me,Ốc bông xào me,nutrient_nang_luong,Năng lượng,energy_kcal,488.7,kcal,tat_ca_mon_an.xlsx,1,Näng luong,"1 | Näng luong | 488,7 | Kcal"
food_oc_bong_xao_me,Ốc bông xào me,nutrient_chat_dam,Chất đạm,protein_g,38.6,g,tat_ca_mon_an.xlsx,1,Chät dam,"2 |  Chät dam | 38,6 | g"
food_oc_bong_xao_me,Ốc bông xào me,nutrient_chat_beo,Chất béo,fat_g,23.8,g,tat_ca_mon_an.xlsx,1,Chät béo,"3 | Chät béo | 23,8 | g"
food_oc_bong_xao_me,Ốc bông xào me,nutrient_chat_bot_duong,Chất bột đường,carbohydrate_g,30.1,g,tat_ca_mon_an.xlsx,1,Chát böt durng,"4 |  Chát böt durng | 30,1 | g"
food_oc_bong_xao_me,Ốc bông xào me,nutrient_vitamin_a,Vitamin A,vitamin_a_mcg,2.3,mcg,tat_ca_mon_an.xlsx,1,Vitamin A,"5 | Vitamin A | 2,3 | g"
food_oc_bong_xao_me,Ốc bông xào me,nutrient_kali,Kali,potassium_mg,419.2,mg,tat_ca_mon_an.xlsx,1,Potassium,"6 |  Potassium | 419,2 | mg"
food_oc_bong_xao_me,Ốc bông xào me,nutrient_mufa_pufa,MUFA+PUFA,mufa_pufa_g,0.8,g,tat_ca_mon_an.xlsx,1,MUFA+PUFA,"7 | MUFA+PUFA | 0,8 | g"
food_oc_bong_xao_me,Ốc bông xào me,nutrient_canxi,Canxi,calcium_mg,5155.0,mg,tat_ca_mon_an.xlsx,1,Calcium,8 | Calcium | 5.155 | mg
food_oc_bong_xao_me,Ốc bông xào me,nutrient_sat,Sắt,iron_mg,13.8,mg,tat_ca_mon_an.xlsx,1,Iron,"6 | Iron | 13,8 | mg"
food_oc_bong_xao_me,Ốc bông xào me,nutrient_kem,Kẽm,zinc_mg,2.4,mg,tat_ca_mon_an.xlsx,1,Zinc,"10 | Zinc | 2,4 | mg"
food_oc_bong_xao_me,Ốc bông xào me,nutrient_natri,Natri,sodium_mg,1850.3,mg,tat_ca_mon_an.xlsx,1,Natri,"11 | Natri | 1.850,3 | mg"
food_oc_bong_xao_me,Ốc bông xào me,nutrient_magie,Magie,magnesium_mg,122.6,mg,tat_ca_mon_an.xlsx,1,Magnesium,"12 | Magnesium | 122,6 | mg"
food_oc_huong_xao_sot_bo,Ốc hương xào sốt bơ,nutrient_nang_luong,Năng lượng,energy_kcal,284.7,kcal,tat_ca_mon_an.xlsx,1,Näng luong,"1 | Näng luong | 284,7 | Kcal"
food_oc_huong_xao_sot_bo,Ốc hương xào sốt bơ,nutrient_chat_dam,Chất đạm,protein_g,9.3,g,tat_ca_mon_an.xlsx,1,Chät dam,"2 |  Chät dam | 9,3 | g"
food_oc_huong_xao_sot_bo,Ốc hương xào sốt bơ,nutrient_chat_beo,Chất béo,fat_g,20.7,g,tat_ca_mon_an.xlsx,1,Chät béo,"3 | Chät béo | 20,7 | g"
food_oc_huong_xao_sot_bo,Ốc hương xào sốt bơ,nutrient_chat_bot_duong,Chất bột đường,carbohydrate_g,15.3,g,tat_ca_mon_an.xlsx,1,Chát böt durng,"4 |  Chát böt durng | 15,3 | g"
food_oc_huong_xao_sot_bo,Ốc hương xào sốt bơ,nutrient_vitamin_a,Vitamin A,vitamin_a_mcg,0.7,mcg,tat_ca_mon_an.xlsx,1,Vitamin A,"5 | Vitamin A | 0,7 | g"
food_oc_huong_xao_sot_bo,Ốc hương xào sốt bơ,nutrient_kali,Kali,potassium_mg,1.0,mg,tat_ca_mon_an.xlsx,1,Potassium,6 |  Potassium | 1 | mg
food_oc_huong_xao_sot_bo,Ốc hương xào sốt bơ,nutrient_canxi,Canxi,calcium_mg,41.1,mg,tat_ca_mon_an.xlsx,1,Canxi,"8 | Canxi | 41,1 | mg"
food_oc_huong_xao_sot_bo,Ốc hương xào sốt bơ,nutrient_sat,Sắt,iron_mg,0.3,mg,tat_ca_mon_an.xlsx,1,sät,"6 | sät | 0,3 | mg"
food_oc_huong_xao_sot_bo,Ốc hương xào sốt bơ,nutrient_kem,Kẽm,zinc_mg,2.6,mg,tat_ca_mon_an.xlsx,1,Kém,"10 | Kém | 2,6 | bu"
food_oc_huong_xao_sot_bo,Ốc hương xào sốt bơ,nutrient_natri,Natri,sodium_mg,1225.3,mg,tat_ca_mon_an.xlsx,1,Natri,"11 | Natri | 1.225,3 | mg"
food_oc_huong_xao_sot_bo,Ốc hương xào sốt bơ,nutrient_magie,Magie,magnesium_mg,29.2,mg,tat_ca_mon_an.xlsx,1,Magie,"12 | Magie | 29,2 | mg"
food_oc_mit_luoc_mam,Ốc mít luộc mắm,nutrient_nang_luong,Năng lượng,energy_kcal,158.3,kcal,tat_ca_mon_an.xlsx,1,Näng luong,"1 | Näng luong | 158,3 | Kcal"
food_oc_mit_luoc_mam,Ốc mít luộc mắm,nutrient_chat_dam,Chất đạm,protein_g,17.6,g,tat_ca_mon_an.xlsx,1,Chät dam,"2 |  Chät dam | 17,6 | g"
food_oc_mit_luoc_mam,Ốc mít luộc mắm,nutrient_chat_beo,Chất béo,fat_g,1.2,g,tat_ca_mon_an.xlsx,1,Chät béo,"3 | Chät béo | 1,2 | g"
food_oc_mit_luoc_mam,Ốc mít luộc mắm,nutrient_chat_bot_duong,Chất bột đường,carbohydrate_g,19.3,g,tat_ca_mon_an.xlsx,1,Chát böt durng,"4 |  Chát böt durng | 19,3 | g"
food_oc_mit_luoc_mam,Ốc mít luộc mắm,nutrient_vitamin_a,Vitamin A,vitamin_a_mcg,9.5,mcg,tat_ca_mon_an.xlsx,1,Vitamin A,"5 | Vitamin A | 9,5 | g"
food_oc_mit_luoc_mam,Ốc mít luộc mắm,nutrient_beta_carotene,Beta-carotene,beta_carotene_mcg,89.4,mcg,tat_ca_mon_an.xlsx,1,Beta-caroten,"6 | Beta-caroten | 89,4 | g"
food_oc_mit_luoc_mam,Ốc mít luộc mắm,nutrient_canxi,Canxi,calcium_mg,1999.5,mg,tat_ca_mon_an.xlsx,1,Calcium,"7 | Calcium | 1.999,5 | mg"
food_oc_mit_luoc_mam,Ốc mít luộc mắm,nutrient_sat,Sắt,iron_mg,0.6,mg,tat_ca_mon_an.xlsx,1,Iron,"8 | Iron | 0,6 | mg"
food_oc_mit_luoc_mam,Ốc mít luộc mắm,nutrient_kem,Kẽm,zinc_mg,0.2,mg,tat_ca_mon_an.xlsx,1,Zinc,"6 | Zinc | 0,2 | mg"
food_oc_mit_luoc_mam,Ốc mít luộc mắm,nutrient_natri,Natri,sodium_mg,804.0,mg,tat_ca_mon_an.xlsx,1,Natri,10 | Natri | 804 | mg
food_oc_mit_luoc_mam,Ốc mít luộc mắm,nutrient_magie,Magie,magnesium_mg,19.7,mg,tat_ca_mon_an.xlsx,1,Magnesium,"11 | Magnesium | 19,7 | mg"
food_oc_mit_luoc_mam,Ốc mít luộc mắm,nutrient_vitamin_c,Vitamin C,vitamin_c_mg,29.8,mg,tat_ca_mon_an.xlsx,1,Vitamin C,"12 | Vitamin C | 29,8 | mg"
food_oc_mo_xao_ngo,Ốc mỡ xào ngô,nutrient_nang_luong,Năng lượng,energy_kcal,420.9,kcal,tat_ca_mon_an.xlsx,1,Näng luo'ng,"1 | Näng luo'ng | 420,9 | Kcal"
food_oc_mo_xao_ngo,Ốc mỡ xào ngô,nutrient_chat_beo,Chất béo,fat_g,10.7,g,tat_ca_mon_an.xlsx,1,Chät béo,"3 | Chät béo | 10,7 | g"
food_oc_mo_xao_ngo,Ốc mỡ xào ngô,nutrient_chat_bot_duong,Chất bột đường,carbohydrate_g,39.1,g,tat_ca_mon_an.xlsx,1,Chát böt áung,"4 |  Chát böt áung | 39,1 | g"
food_oc_mo_xao_ngo,Ốc mỡ xào ngô,nutrient_vitamin_a,Vitamin A,vitamin_a_mcg,11.4,mcg,tat_ca_mon_an.xlsx,1,Vitamin A,"5 | Vitamin A | 11,4 | g"
food_oc_mo_xao_ngo,Ốc mỡ xào ngô,nutrient_kali,Kali,potassium_mg,275.1,mg,tat_ca_mon_an.xlsx,1,Potassium,"6 |  Potassium | 275,1 | mg"
food_oc_mo_xao_ngo,Ốc mỡ xào ngô,nutrient_mufa_pufa,MUFA+PUFA,mufa_pufa_g,5.2,g,tat_ca_mon_an.xlsx,1,MUFA+PUFA,"7 | MUFA+PUFA | 5,2 | g"
food_oc_mo_xao_ngo,Ốc mỡ xào ngô,nutrient_canxi,Canxi,calcium_mg,5336.0,mg,tat_ca_mon_an.xlsx,1,Calcium,8 |  Calcium | 5.336 | mg
food_oc_mo_xao_ngo,Ốc mỡ xào ngô,nutrient_sat,Sắt,iron_mg,1.1,mg,tat_ca_mon_an.xlsx,1,Iron,"6 | Iron | 1,1 | mg"
food_oc_mo_xao_ngo,Ốc mỡ xào ngô,nutrient_kem,Kẽm,zinc_mg,1.2,mg,tat_ca_mon_an.xlsx,1,Zinc,"10 | Zinc | 1,2 | mg"
food_oc_mo_xao_ngo,Ốc mỡ xào ngô,nutrient_natri,Natri,sodium_mg,936.9,mg,tat_ca_mon_an.xlsx,1,Natri,"11 | Natri | 936,9 | mg"
food_oc_mo_xao_ngo,Ốc mỡ xào ngô,nutrient_cholesterol,Cholesterol,cholesterol_mg,16.9,mg,tat_ca_mon_an.xlsx,1,Cholesterol,"12 | Cholesterol | 16,9 | mg"
food_oc_mo_xao_ngo,Ốc mỡ xào ngô,nutrient_magie,Magie,magnesium_mg,45.3,mg,tat_ca_mon_an.xlsx,1,Magnesium,"13 | Magnesium | 45,3 | mg"
food_banh_canh_ghe,Bánh canh ghẹ,nutrient_chat_dam,Chất đạm,protein_g,22.4,g,tat_ca_mon_an.xlsx,1,Chät áam,"2 |  Chät áam | 22,4 | g"
food_banh_mi_xoi_chao,Bánh mì - xôi chảo,nutrient_chat_dam,Chất đạm,protein_g,41.4,g,tat_ca_mon_an.xlsx,1,Chät áam,"2 |  Chät áam | 41,4 | g"
food_bun_ngan,Bún ngan,nutrient_chat_dam,Chất đạm,protein_g,18.7,g,tat_ca_mon_an.xlsx,1,Chät áam,"2 |  Chät áam | 18,7 | g"
food_bun_rieu_cua_bo_gio,Bún riêu cua bò giò,nutrient_chat_dam,Chất đạm,protein_g,22.1,g,tat_ca_mon_an.xlsx,1,Chät áam,"2 |  Chät áam | 22,1 | g"
food_bun_dau_mam_tom,Bún đậu mắm tôm,nutrient_chat_dam,Chất đạm,protein_g,42.5,g,tat_ca_mon_an.xlsx,1,Chät áam,"2 |  Chät áam | 42,5 | g"
food_che_thai,Chè Thái,nutrient_chat_dam,Chất đạm,protein_g,4.5,g,tat_ca_mon_an.xlsx,1,Chät áam,"2 |  Chät áam | 4,5 | g"
food_che_khuc_bach,Chè khúc bạch,nutrient_chat_dam,Chất đạm,protein_g,8.2,g,tat_ca_mon_an.xlsx,1,Chät áam,"2 |  Chät áam | 8,2 | g"
food_che_thap_cam,Chè thập cẩm,nutrient_chat_dam,Chất đạm,protein_g,13.3,g,tat_ca_mon_an.xlsx,1,Chät áam,"2 |  Chät áam | 13,3 | g"
food_com_suat_van_phong_thit_nac_vai_su_hao,"Cơm suất văn phòng (Thịt nạc vai, su hào)",nutrient_chat_dam,Chất đạm,protein_g,25.1,g,tat_ca_mon_an.xlsx,1,Chät áam,"2 |  Chät áam | 25,1 | g"
food_com_suat_van_phong_thit_nac_vai_dau_phu,"Cơm suất văn phòng (Thịt nạc vai, đậu phụ)",nutrient_chat_dam,Chất đạm,protein_g,29.9,g,tat_ca_mon_an.xlsx,1,Chät áam,"2 |  Chät áam | 29,9 | g"
food_com_suon,Cơm sườn,nutrient_chat_dam,Chất đạm,protein_g,24.5,g,tat_ca_mon_an.xlsx,1,Chät áam,"2 |  Chät áam | 24,5 | g"
food_hoa_qua_dam,Hoa quả dầm,nutrient_chat_dam,Chất đạm,protein_g,6.2,g,tat_ca_mon_an.xlsx,1,Chät áam,"2 |  Chät áam | 6,2 | g"
food_lau_cua_thit_bo,"Lẩu cua, thịt bò",nutrient_sat,Sắt,iron_mg,33.0,mg,tat_ca_mon_an.xlsx,1,ses,6 | ses | 33 | mg
food_lau_ga,Lẩu gà,nutrient_sat,Sắt,iron_mg,19.9,mg,tat_ca_mon_an.xlsx,1,ses,"6 | ses | 19,9 | mg"
food_my_tron,Mỳ trộn,nutrient_chat_dam,Chất đạm,protein_g,23.6,g,tat_ca_mon_an.xlsx,1,Chät áam,"2 |  Chät áam | 23,6 | g"
food_thit_bo_xao_nam,Thịt bò xào nấm,nutrient_sat,Sắt,iron_mg,7.8,mg,tat_ca_mon_an.xlsx,1,ses,"6 | ses | 7,8 | mg"
food_tao_pho_truyen_thong,Tào phớ truyền thống,nutrient_sat,Sắt,iron_mg,0.6,mg,tat_ca_mon_an.xlsx,1,ses,"6 | ses | 0,6 | mg"
food_dau_phu_ran,Đậu phụ rán,nutrient_sat,Sắt,iron_mg,1.7,mg,tat_ca_mon_an.xlsx,1,ses,"6 | ses | 1,7 | 6w"
food_dau_trang_dau_tay_hat_kho,"Đậu trắng (đậu tây), hạt, khô",nutrient_acid_palmitic,Acid Palmitic (C16:0),c16_0_g,0.1,g,tat_ca_mon_an.xlsx,1,C16:0,30 | C16:0 | 0.1 | g
food_dau_trang_dau_tay_hat_kho,"Đậu trắng (đậu tây), hạt, khô",nutrient_acid_stearic,Acid Stearic (C18:0),c18_0_g,0.0,g,tat_ca_mon_an.xlsx,1,C18:0,31 | C18:0 | 0.0 | g
food_dau_trang_dau_tay_hat_kho,"Đậu trắng (đậu tây), hạt, khô",nutrient_acid_oleic,Acid Oleic (C18:1),c18_1_g,0.1,g,tat_ca_mon_an.xlsx,1,C18:1 c,33 | C18:1 c | 0.1 | g
food_dau_trang_dau_tay_hat_kho,"Đậu trắng (đậu tây), hạt, khô",nutrient_linoleic_acid,Linoleic Acid (C18:2),c18_2_g,0.2,g,tat_ca_mon_an.xlsx,1,"C 18:2, cis, n-6 (Linoleic Acid)","35 | C 18:2, cis, n-6 (Linoleic Acid) | 0.2 | g"
food_dau_trang_dau_tay_hat_kho,"Đậu trắng (đậu tây), hạt, khô",nutrient_alpha_linolenic_acid,Alpha-Linolenic Acid (C18:3),c18_3_g,0.3,g,tat_ca_mon_an.xlsx,1,"C 18:3, cis, n-3 (Alpha-Linolenic Acid)","36 | C 18:3, cis, n-3 (Alpha-Linolenic Acid) | 0.3 | g"
food_oc_mo_xao_ngo,Ốc mỡ xào ngô,nutrient_chat_dam,Chất đạm,protein_g,42.1,g,tat_ca_mon_an.xlsx,1,Chät áam,"2 |  Chät áam | 42,1 | g"
food_banh_bot_loc,Bánh bột lọc,nutrient_nang_luong,Năng lượng,energy_kcal,298.3,kcal,tat_ca_mon_an.xlsx (Atwater Imputed),1,Năng lượng (tính toán),Atwater: 4*14.9 + 9*5.5 + 4*47.3 = 298.3
food_banh_chung_co_vua,Bánh chưng cỡ vừa,nutrient_nang_luong,Năng lượng,energy_kcal,204.8,kcal,tat_ca_mon_an.xlsx (Atwater Imputed),1,Năng lượng (tính toán),Atwater: 4*4.7 + 9*5.6 + 4*33.9 = 204.8
food_banh_gai,Bánh gai,nutrient_nang_luong,Năng lượng,energy_kcal,360.6,kcal,tat_ca_mon_an.xlsx (Atwater Imputed),1,Năng lượng (tính toán),Atwater: 4*9.3 + 9*4.2 + 4*71.4 = 360.6
food_banh_gio,Bánh giò,nutrient_nang_luong,Năng lượng,energy_kcal,437.6,kcal,tat_ca_mon_an.xlsx (Atwater Imputed),1,Năng lượng (tính toán),Atwater: 4*5.1 + 9*33.6 + 4*28.7 = 437.6
food_banh_my_kep_cha,Bánh mỳ kẹp chả,nutrient_nang_luong,Năng lượng,energy_kcal,391.6,kcal,tat_ca_mon_an.xlsx (Atwater Imputed),1,Năng lượng (tính toán),Atwater: 4*14.1 + 9*22.0 + 4*34.3 = 391.6
food_banh_my_op_la,Bánh mỳ ốp la,nutrient_nang_luong,Năng lượng,energy_kcal,427.3,kcal,tat_ca_mon_an.xlsx (Atwater Imputed),1,Năng lượng (tính toán),Atwater: 4*16.5 + 9*21.7 + 4*41.5 = 427.3
food_banh_my_pate,Bánh mỳ pate,nutrient_nang_luong,Năng lượng,energy_kcal,360.4,kcal,tat_ca_mon_an.xlsx (Atwater Imputed),1,Năng lượng (tính toán),Atwater: 4*19.3 + 9*14.8 + 4*37.5 = 360.4
food_banh_my_que_hai_phong,Bánh mỳ que Hải Phòng,nutrient_nang_luong,Năng lượng,energy_kcal,55.0,kcal,tat_ca_mon_an.xlsx (Atwater Imputed),1,Năng lượng (tính toán),Atwater: 4*1.7 + 9*0.2 + 4*11.6 = 55.0
food_banh_my_ruoc,Bánh mỳ ruốc,nutrient_nang_luong,Năng lượng,energy_kcal,111.6,kcal,tat_ca_mon_an.xlsx (Atwater Imputed),1,Năng lượng (tính toán),Atwater: 4*3.0 + 9*2.0 + 4*20.4 = 111.6
food_banh_te,Bánh tẻ,nutrient_nang_luong,Năng lượng,energy_kcal,250.4,kcal,tat_ca_mon_an.xlsx (Atwater Imputed),1,Năng lượng (tính toán),Atwater: 4*3.9 + 9*5.2 + 4*47.0 = 250.4
food_banh_tieu,Bánh tiêu,nutrient_nang_luong,Năng lượng,energy_kcal,233.9,kcal,tat_ca_mon_an.xlsx (Atwater Imputed),1,Năng lượng (tính toán),Atwater: 4*3.4 + 9*13.9 + 4*23.8 = 233.9
food_bun_dau_mam_tom,Bún đậu mắm tôm,nutrient_nang_luong,Năng lượng,energy_kcal,984.9,kcal,tat_ca_mon_an.xlsx (Atwater Imputed),1,Năng lượng (tính toán),Atwater: 4*42.5 + 9*51.7 + 4*87.4 = 984.9
food_bun_oc,Bún ốc,nutrient_nang_luong,Năng lượng,energy_kcal,878.4,kcal,tat_ca_mon_an.xlsx (Atwater Imputed),1,Năng lượng (tính toán),Atwater: 4*72.9 + 9*22.8 + 4*95.4 = 878.4
food_bun_rieu_cua,Bún riêu cua,nutrient_nang_luong,Năng lượng,energy_kcal,320.6,kcal,tat_ca_mon_an.xlsx (Atwater Imputed),1,Năng lượng (tính toán),Atwater: 4*10.7 + 9*6.6 + 4*54.6 = 320.6
food_bun_rieu_cua_bo_gio,Bún riêu cua bò giò,nutrient_nang_luong,Năng lượng,energy_kcal,515.3,kcal,tat_ca_mon_an.xlsx (Atwater Imputed),1,Năng lượng (tính toán),Atwater: 4*22.1 + 9*23.3 + 4*54.3 = 515.3
food_bun_thang_1,Bún thang (1),nutrient_nang_luong,Năng lượng,energy_kcal,288.3,kcal,tat_ca_mon_an.xlsx (Atwater Imputed),1,Năng lượng (tính toán),Atwater: 4*16.1 + 9*7.5 + 4*39.1 = 288.3
food_chao_long,Cháo lòng,nutrient_nang_luong,Năng lượng,energy_kcal,464.7,kcal,tat_ca_mon_an.xlsx (Atwater Imputed),1,Năng lượng (tính toán),Atwater: 4*37.4 + 9*15.9 + 4*43.0 = 464.7
food_chao_oc_lon,Cháo óc lợn,nutrient_nang_luong,Năng lượng,energy_kcal,211.0,kcal,tat_ca_mon_an.xlsx (Atwater Imputed),1,Năng lượng (tính toán),Atwater: 4*10.2 + 9*8.6 + 4*23.2 = 211.0
food_chao_suon,Cháo sườn,nutrient_nang_luong,Năng lượng,energy_kcal,200.1,kcal,tat_ca_mon_an.xlsx (Atwater Imputed),1,Năng lượng (tính toán),Atwater: 4*7.8 + 9*6.9 + 4*26.7 = 200.1
food_che_xoai,Chè xoài,nutrient_nang_luong,Năng lượng,energy_kcal,151.9,kcal,tat_ca_mon_an.xlsx (Atwater Imputed),1,Năng lượng (tính toán),Atwater: 4*3.1 + 9*2.3 + 4*29.7 = 151.9
food_com_rang_thap_cam,Cơm rang thập cẩm,nutrient_nang_luong,Năng lượng,energy_kcal,623.1,kcal,tat_ca_mon_an.xlsx (Atwater Imputed),1,Năng lượng (tính toán),Atwater: 4*19.9 + 9*21.9 + 4*86.6 = 623.1
food_com_suat_van_phong_thit_ba_chi_dau_phu,"Cơm suất văn phòng (Thịt ba chỉ, đậu phụ)",nutrient_nang_luong,Năng lượng,energy_kcal,680.0,kcal,tat_ca_mon_an.xlsx (Atwater Imputed),1,Năng lượng (tính toán),Atwater: 4*26.0 + 9*24.0 + 4*90.0 = 680.0
food_dau_trang_dau_tay_hat_kho,"Đậu trắng (đậu tây), hạt, khô",nutrient_nang_luong,Năng lượng,energy_kcal,341.3,kcal,tat_ca_mon_an.xlsx (Atwater Imputed),1,Năng lượng (tính toán),Atwater: 4*23.2 + 9*2.1 + 4*57.4 = 341.3
food_hu_tieu_nuoc,Hủ tiếu nước,nutrient_nang_luong,Năng lượng,energy_kcal,453.5,kcal,tat_ca_mon_an.xlsx (Atwater Imputed),1,Năng lượng (tính toán),Atwater: 4*34.8 + 9*10.7 + 4*54.5 = 453.5
food_kem_cacao,Kem cacao,nutrient_nang_luong,Năng lượng,energy_kcal,161.0,kcal,tat_ca_mon_an.xlsx (Atwater Imputed),1,Năng lượng (tính toán),Atwater: 4*2.7 + 9*7.8 + 4*20.0 = 161.0
food_kem_dau_xanh,Kem đậu xanh,nutrient_nang_luong,Năng lượng,energy_kcal,139.1,kcal,tat_ca_mon_an.xlsx (Atwater Imputed),1,Năng lượng (tính toán),Atwater: 4*2.2 + 9*5.9 + 4*19.3 = 139.1
food_kem_oc_que_cacao,Kem ốc quế cacao,nutrient_nang_luong,Năng lượng,energy_kcal,195.3,kcal,tat_ca_mon_an.xlsx (Atwater Imputed),1,Năng lượng (tính toán),Atwater: 4*3.4 + 9*8.1 + 4*27.2 = 195.3
food_kem_oc_que_vani,Kem ốc quế vani,nutrient_nang_luong,Năng lượng,energy_kcal,180.2,kcal,tat_ca_mon_an.xlsx (Atwater Imputed),1,Năng lượng (tính toán),Atwater: 4*3.1 + 9*6.6 + 4*27.1 = 180.2
food_mien_ga,Miến gà,nutrient_nang_luong,Năng lượng,energy_kcal,300.6,kcal,tat_ca_mon_an.xlsx (Atwater Imputed),1,Năng lượng (tính toán),Atwater: 4*9.5 + 9*9.0 + 4*45.4 = 300.6
food_my_quang,Mỳ Quảng,nutrient_nang_luong,Năng lượng,energy_kcal,453.7,kcal,tat_ca_mon_an.xlsx (Atwater Imputed),1,Năng lượng (tính toán),Atwater: 4*18.3 + 9*7.7 + 4*77.8 = 453.7
food_my_spaghetti_hai_san,Mỳ spaghetti hải sản,nutrient_nang_luong,Năng lượng,energy_kcal,332.8,kcal,tat_ca_mon_an.xlsx (Atwater Imputed),1,Năng lượng (tính toán),Atwater: 4*14.2 + 9*12.0 + 4*42.0 = 332.8
food_my_spaghetti_thit_bo,Mỳ spaghetti thịt bò,nutrient_nang_luong,Năng lượng,energy_kcal,509.1,kcal,tat_ca_mon_an.xlsx (Atwater Imputed),1,Năng lượng (tính toán),Atwater: 4*20.2 + 9*15.5 + 4*72.2 = 509.1
food_my_thit_bo,Mỳ thịt bò,nutrient_nang_luong,Năng lượng,energy_kcal,422.5,kcal,tat_ca_mon_an.xlsx (Atwater Imputed),1,Năng lượng (tính toán),Atwater: 4*16.6 + 9*18.5 + 4*47.4 = 422.5
food_my_thit_lon,Mỳ thịt lợn,nutrient_nang_luong,Năng lượng,energy_kcal,444.8,kcal,tat_ca_mon_an.xlsx (Atwater Imputed),1,Năng lượng (tính toán),Atwater: 4*17.6 + 9*20.8 + 4*46.8 = 444.8
food_my_van_than_sui_cao,"Mỳ vằn thắn, sủi cảo",nutrient_nang_luong,Năng lượng,energy_kcal,367.2,kcal,tat_ca_mon_an.xlsx (Atwater Imputed),1,Năng lượng (tính toán),Atwater: 4*24.2 + 9*12.0 + 4*40.6 = 367.2
food_my_vit_tiem,Mỳ vịt tiềm,nutrient_nang_luong,Năng lượng,energy_kcal,715.9,kcal,tat_ca_mon_an.xlsx (Atwater Imputed),1,Năng lượng (tính toán),Atwater: 4*34.1 + 9*28.3 + 4*81.2 = 715.9
food_ngao_hoa_hap_sa,Ngao hoa hấp sả,nutrient_nang_luong,Năng lượng,energy_kcal,486.2,kcal,tat_ca_mon_an.xlsx (Atwater Imputed),1,Năng lượng (tính toán),Atwater: 4*37.5 + 9*14.6 + 4*51.2 = 486.2
food_nuoc_ep_dua_hau,Nước ép dưa hấu,nutrient_nang_luong,Năng lượng,energy_kcal,85.4,kcal,tat_ca_mon_an.xlsx (Atwater Imputed),1,Năng lượng (tính toán),Atwater: 4*5.7 + 9*1.0 + 4*13.4 = 85.4
food_pho_bo_chin_binh_dan,Phở bò chín bình dân,nutrient_nang_luong,Năng lượng,energy_kcal,291.5,kcal,tat_ca_mon_an.xlsx (Atwater Imputed),1,Năng lượng (tính toán),Atwater: 4*16.1 + 9*5.1 + 4*45.3 = 291.5
food_pho_bo_tai_24h,Phở bò tái 24h,nutrient_nang_luong,Năng lượng,energy_kcal,313.9,kcal,tat_ca_mon_an.xlsx (Atwater Imputed),1,Năng lượng (tính toán),Atwater: 4*18.7 + 9*5.5 + 4*47.4 = 313.9
food_pho_bo_tai_binh_dan,Phở bò tái bình dân,nutrient_nang_luong,Năng lượng,energy_kcal,276.2,kcal,tat_ca_mon_an.xlsx (Atwater Imputed),1,Năng lượng (tính toán),Atwater: 4*13.4 + 9*4.6 + 4*45.3 = 276.2
food_pho_bo_tai_lan,Phở bò tái lăn,nutrient_nang_luong,Năng lượng,energy_kcal,620.4,kcal,tat_ca_mon_an.xlsx (Atwater Imputed),1,Năng lượng (tính toán),Atwater: 4*45.6 + 9*16.8 + 4*71.7 = 620.4
food_pho_ga_24h,Phở gà 24h,nutrient_nang_luong,Năng lượng,energy_kcal,356.2,kcal,tat_ca_mon_an.xlsx (Atwater Imputed),1,Năng lượng (tính toán),Atwater: 4*19.0 + 9*12.2 + 4*42.6 = 356.2
food_pho_ga_binh_dan,Phở gà bình dân,nutrient_nang_luong,Năng lượng,energy_kcal,342.3,kcal,tat_ca_mon_an.xlsx (Atwater Imputed),1,Năng lượng (tính toán),Atwater: 4*15.2 + 9*9.5 + 4*49.0 = 342.3
food_su_hao_xao,Su hào xào,nutrient_nang_luong,Năng lượng,energy_kcal,78.6,kcal,tat_ca_mon_an.xlsx (Atwater Imputed),1,Năng lượng (tính toán),Atwater: 4*2.3 + 9*5.0 + 4*6.1 = 78.6
food_sua_bo_tuoi_thanh_trung_khong_duong_th_true_milk,Sữa bò tươi thanh trùng không đường TH True Milk,nutrient_nang_luong,Năng lượng,energy_kcal,137.7,kcal,tat_ca_mon_an.xlsx (Atwater Imputed),1,Năng lượng (tính toán),Atwater: 4*7.0 + 9*7.7 + 4*10.1 = 137.7
food_sua_bot_tach_beo,Sữa bột tách béo,nutrient_nang_luong,Năng lượng,energy_kcal,126.0,kcal,tat_ca_mon_an.xlsx (Atwater Imputed),1,Năng lượng (tính toán),Atwater: 4*12.6 + 9*0.4 + 4*18.0 = 126.0
food_sua_bot_toan_phan,Sữa bột toàn phần,nutrient_nang_luong,Năng lượng,energy_kcal,170.6,kcal,tat_ca_mon_an.xlsx (Atwater Imputed),1,Năng lượng (tính toán),Atwater: 4*6.8 + 9*8.2 + 4*17.4 = 170.6
food_sua_chua_co_duong_ba_vi,Sữa chua có đường Ba Vì,nutrient_nang_luong,Năng lượng,energy_kcal,102.5,kcal,tat_ca_mon_an.xlsx (Atwater Imputed),1,Năng lượng (tính toán),Atwater: 4*2.9 + 9*2.9 + 4*16.2 = 102.5
food_sua_chua_khong_duong_th_true_yogurt,Sữa chua không đường TH True Yogurt,nutrient_nang_luong,Năng lượng,energy_kcal,60.9,kcal,tat_ca_mon_an.xlsx (Atwater Imputed),1,Năng lượng (tính toán),Atwater: 4*3.3 + 9*3.7 + 4*3.6 = 60.9
food_sua_dac_co_duong,Sữa đặc có đường,nutrient_nang_luong,Năng lượng,energy_kcal,133.9,kcal,tat_ca_mon_an.xlsx (Atwater Imputed),1,Năng lượng (tính toán),Atwater: 4*3.2 + 9*3.5 + 4*22.4 = 133.9
food_sua_tuoi_tiet_trung_co_duong_vinamilk,Sữa tươi tiệt trùng có đường Vinamilk,nutrient_nang_luong,Năng lượng,energy_kcal,134.3,kcal,tat_ca_mon_an.xlsx (Atwater Imputed),1,Năng lượng (tính toán),Atwater: 4*5.0 + 9*6.3 + 4*14.4 = 134.3
food_sua_tuoi_tiet_trung_khong_duong_th_true_milk,Sữa tươi tiệt trùng không đường TH True Milk,nutrient_nang_luong,Năng lượng,energy_kcal,109.9,kcal,tat_ca_mon_an.xlsx (Atwater Imputed),1,Năng lượng (tính toán),Atwater: 4*5.4 + 9*5.9 + 4*8.8 = 109.9
food_sup_hai_san,Súp hải sản,nutrient_nang_luong,Năng lượng,energy_kcal,79.1,kcal,tat_ca_mon_an.xlsx (Atwater Imputed),1,Năng lượng (tính toán),Atwater: 4*3.3 + 9*4.3 + 4*6.8 = 79.1
food_sup_nam_ga,Súp nấm gà,nutrient_nang_luong,Năng lượng,energy_kcal,76.8,kcal,tat_ca_mon_an.xlsx (Atwater Imputed),1,Năng lượng (tính toán),Atwater: 4*5.8 + 9*3.2 + 4*6.2 = 76.8
food_sup_ngo_cua,Súp ngô cua,nutrient_nang_luong,Năng lượng,energy_kcal,144.7,kcal,tat_ca_mon_an.xlsx (Atwater Imputed),1,Năng lượng (tính toán),Atwater: 4*9.5 + 9*3.5 + 4*18.8 = 144.7
food_sushi_thap_cam,Sushi thập cẩm,nutrient_nang_luong,Năng lượng,energy_kcal,54.4,kcal,tat_ca_mon_an.xlsx (Atwater Imputed),1,Năng lượng (tính toán),Atwater: 4*2.7 + 9*1.2 + 4*8.2 = 54.4
food_thit_bo_xao_su_su,Thịt bò xào su su,nutrient_nang_luong,Năng lượng,energy_kcal,202.5,kcal,tat_ca_mon_an.xlsx (Atwater Imputed),1,Năng lượng (tính toán),Atwater: 4*21.9 + 9*10.9 + 4*4.2 = 202.5
food_tiet_luoc,Tiết luộc,nutrient_nang_luong,Năng lượng,energy_kcal,65.8,kcal,tat_ca_mon_an.xlsx (Atwater Imputed),1,Năng lượng (tính toán),Atwater: 4*11.4 + 9*0.2 + 4*4.6 = 65.8
food_trung_ga_cong_nghiep_luoc,Trứng gà công nghiệp luộc,nutrient_nang_luong,Năng lượng,energy_kcal,67.5,kcal,tat_ca_mon_an.xlsx (Atwater Imputed),1,Năng lượng (tính toán),Atwater: 4*5.9 + 9*4.7 + 4*0.4 = 67.5
food_trung_ga_ta_ran,Trứng gà ta rán,nutrient_nang_luong,Năng lượng,energy_kcal,81.6,kcal,tat_ca_mon_an.xlsx (Atwater Imputed),1,Năng lượng (tính toán),Atwater: 4*4.8 + 9*6.8 + 4*0.3 = 81.6
food_trung_vit_luoc,Trứng vịt luộc,nutrient_nang_luong,Năng lượng,energy_kcal,104.9,kcal,tat_ca_mon_an.xlsx (Atwater Imputed),1,Năng lượng (tính toán),Atwater: 4*7.4 + 9*8.1 + 4*0.6 = 104.9
food_trung_vit_ran,Trứng vịt rán,nutrient_nang_luong,Năng lượng,energy_kcal,218.2,kcal,tat_ca_mon_an.xlsx (Atwater Imputed),1,Năng lượng (tính toán),Atwater: 4*15.3 + 9*17.0 + 4*1.0 = 218.2
